master_record_number,agency,agency_tracking_number,county,city,collision_date,vehicles_involved,number_injured,number_dead,latitude,longitude,roadway_name,roadway_suffix,roadway_number,roadway_local_id,distance_from_reference,miles-feet_indicator,direction_from_reference,intersection_road_name,intersection_road_name_suffix,intersection_road_number,intersection_local_id,mile_marker,intersection_indicator,intersect_type,interchange_related_indicator,relation_to_junction,work_zone_type,construction_maintenance_zone,construction_maintenance_zone_location,fatal_case_number,officer_first_name,officer_last_name,weather_condition(s),manner_of_crash,pedestrian,bicycle,scooter,parking,hitrun,mou
102870555,METROPOLITAN NASHVILLE POLICE DEPT,20210006617,Davidson,Nashville,1/4/2021 11:13:00 PM,2,1,0,36.218460,-86.803700,WHITES CREEK PKE,,,,130.00,Feet,North,MOORMANS ARM RD,,,,0.00,N,Not at Intersection,N,Non-Junction,None,,,         ,Abigail,Malone,Clear,Angle,no,no,no,no,no,False
102870558,METROPOLITAN NASHVILLE POLICE DEPT,20210006740,Davidson,Nashville,1/5/2021 12:05:00 AM,2,0,0,36.044780,-86.661520,CANE RIDGE RD,,,,3.00,Feet,North,BELL RD,,,,0.00,N,Not at Intersection,N,OtherLocation,None,,,         ,Alex,DiBernardo,,Front to Rear,no,no,no,no,no,False
102870569,METROPOLITAN NASHVILLE POLICE DEPT,20210006733,Davidson,Nashville,1/5/2021 12:07:00 AM,2,1,0,36.074480,-86.920940,OLD HICKORY BLVD,,,,0.00,Feet,,HIGHWAY 70S,,,,0.00,Y,Four-Way,N,Non-Junction,None,,,         ,Travis,Pemberton,Clear,Angle,no,no,no,no,yes,False
102870579,METROPOLITAN NASHVILLE POLICE DEPT,20210006865,Davidson,Nashville,1/5/2021 12:00:00 AM,1,0,0,36.178730,-86.763080,ELLINGTON PKWYN,,,,327.00,Feet,East,ELLINGTON PKWYS,,,,0.00,N,Not at Intersection,N,Unknown,None,,,         ,Timothy,Kearney,,Not Collision with Motor Vehicle in Transport,no,no,no,no,yes,False
102870583,METROPOLITAN NASHVILLE POLICE DEPT,20210006677,Davidson,Nashville,1/4/2021 11:36:00 PM,1,0,0,36.175340,-86.594600,TULIP GROVE RD,,,,169.00,Feet,South,ROCKWOOD DR,,,,0.00,N,Not at Intersection,N,Non-Junction,None,,,         ,Andrew,Richey,,Not Collision with Motor Vehicle in Transport,no,no,no,no,no,False
102870630,METROPOLITAN NASHVILLE POLICE DEPT,20210007045,Davidson,Nashville,1/5/2021 4:00:00 AM,1,0,0,36.208500,-86.781720,AVONDALE CIR,,,,421.00,Feet,East,HAMPTON ST,,,,0.00,N,Not at Intersection, ,,None,,,         ,Thomas,Clingan,,,no,no,no,no,no,False
102870641,METROPOLITAN NASHVILLE POLICE DEPT,20210003296,Davidson,Nashville,1/3/2021 12:20:00 AM,3,1,0,36.191870,-86.780480,I 65,,,,0.00,,,,,,,86.30,N,Not at Intersection,N,Non-Junction,None,,,         ,Malik,Burriss,Clear,Front to Rear,no,no,no,no,no,False
102870671,METROPOLITAN NASHVILLE POLICE DEPT,20210007139,Davidson,Madison,1/5/2021 6:48:00 AM,1,1,0,36.263300,-86.693350,E OLD HICKORY BLVD,,,,171.00,Feet,East,HILLCREST DR,,,,0.00,N,Not at Intersection,N,Non-Junction,None,,,         ,Michelle,Steidl,,Not Collision with Motor Vehicle in Transport,no,no,no,no,no,False
102870689,METROPOLITAN NASHVILLE POLICE DEPT,20210007238,Davidson,Nashville,1/5/2021 7:48:00 AM,2,0,0,36.079200,-86.727500,HARDING PL,,,,378.00,Feet,West,NOLENSVILLE PKE,,,,0.00,N,Not at Intersection, ,Non-Junction,None,,,         ,Joe,Hooper,Cloudy,Front to Rear,no,no,no,no,no,False
102870691,METROPOLITAN NASHVILLE POLICE DEPT,20210007217,Davidson,Nashville,1/5/2021 6:00:00 AM,2,0,0,36.180670,-86.643050,LEBANON PKE,,,,365.00,Feet,North,DANYACREST DR,,,,0.00,N,Not at Intersection, ,,None,,,         ,Mark,Sydenstricker,,,no,no,no,no,no,False
102870692,METROPOLITAN NASHVILLE POLICE DEPT,20210007165,Davidson,Nashville,1/5/2021 6:20:00 AM,2,0,0,36.106280,-86.673020,DONELSON PKE,,,,28.00,Feet,North,MURFREESBORO PKE,,,,0.00,N,Not at Intersection,N,Non-Junction,None,,,         ,Lucas,Thomas,Clear,Front to Rear,no,no,no,no,yes,False
102870696,METROPOLITAN NASHVILLE POLICE DEPT,20210007277,Davidson,Nashville,1/5/2021 8:11:00 AM,2,0,0,36.142120,-86.775780,CHESTNUT ST,,,,0.00,,,FORT NEGLEY BLVD,,,,0.00,Y,Four-Way,N,Intersection,None,,,         ,Earl,Davis,,Angle,no,no,no,no,no,False
102870703,METROPOLITAN NASHVILLE POLICE DEPT,20210007257,Davidson,Not in City Limit,1/5/2021 8:03:00 AM,2,0,0,36.325470,-86.876420,I 24,,,,0.00,,,,,,,34.50,N,Not at Intersection,N,Non-Junction,None,,,         ,Jordan,Vrbas,,Not Collision with Motor Vehicle in Transport,no,no,no,no,no,False
102870736,METROPOLITAN NASHVILLE POLICE DEPT,2021-0005910,Davidson,Nashville,1/4/2021 12:00:00 PM,2,0,0,36.162430,-86.819470,28TH AVN,,,,62.00,Feet,South,I40 E ENT RAMP,,,,0.00,N,Not at Intersection, ,Entrance/Exit Ramp Related,None,,,         ,Blas,Hernandez,,"Sideswipe, Same Direction",no,no,no,no,yes,False
102870758,METROPOLITAN NASHVILLE POLICE DEPT,20210007327,Davidson,Nashville,1/5/2021 8:49:00 AM,2,0,0,36.157110,-86.774670,KOREAN VETERANS BLVD,,,,0.00,,,4TH AVS,,,,0.00,Y,OTHER,N,Intersection,None,,,         ,Erik,Wagner,Cloudy,Angle,no,no,no,no,no,False
102870762,METROPOLITAN NASHVILLE POLICE DEPT,20210007375,Davidson,Nashville,1/5/2021 8:30:00 AM,2,0,0,36.153510,-86.757050,I 40,,,,0.00,,,,,,,211.15,N,Not at Intersection,N,Non-Junction,None,,,         ,Patrick,Lancaster,Cloudy,Front to Rear,no,no,no,no,no,False
102870763,METROPOLITAN NASHVILLE POLICE DEPT,20210007315,Davidson,Nashville,1/5/2021 8:30:00 AM,2,0,0,36.153510,-86.757050,I 40,,,,0.00,,,,,,,211.15,N,Not at Intersection, ,Non-Junction,None,,,         ,Patrick,Lancaster,Cloudy,"Sideswipe, Same Direction",no,no,no,no,no,False
102870770,METROPOLITAN NASHVILLE POLICE DEPT,20210007460,Davidson,Nashville,1/5/2021 10:04:00 AM,2,1,0,36.173340,-86.808240,DR D B TODD JR BLVD,,,,0.00,,,UNDERWOOD ST,,,,0.00,Y,T-Intersection,N,Intersection,None,,,         ,Keith,Parlato,Cloudy,Angle,no,no,no,no,yes,False
102870775,METROPOLITAN NASHVILLE POLICE DEPT,2021-0007521,Davidson,Old Hickory,1/5/2021 10:20:00 AM,2,0,0,36.267930,-86.668640,ROBINSON ROAD,,,,0.00,,North,,,,,5.00,N,Not at Intersection,N,Non-Junction,None,,,         ,Calvin,Graham,Clear,"Sideswipe, Opposite Direction",no,no,no,no,no,False
102870779,METROPOLITAN NASHVILLE POLICE DEPT,20210007531,Davidson,Nashville,1/5/2021 10:42:00 AM,2,1,0,36.045660,-86.710180,OLD HICKORY BLVD,,,,917.00,Feet,East,NOLENSVILLE PKE,,,,0.00,N,Not at Intersection,N,Non-Junction,None,,,         ,Joe,Hooper,Clear,Angle,no,no,no,no,no,False
102870797,METROPOLITAN NASHVILLE POLICE DEPT,2021007542,Davidson,Madison,1/5/2021 9:38:00 AM,2,0,0,36.264210,-86.734630,OLD HICKORY BLVDW,,,,163.00,Feet,East,BOYDS HILLTOP DR,,,,0.00,N,Not at Intersection, ,Non-Junction,None,,,         ,Brian,Woodard,Cloudy,Front to Rear,no,no,no,no,no,False
102870802,METROPOLITAN NASHVILLE POLICE DEPT,20210007596,Davidson,Not in City Limit,1/5/2021 11:30:00 AM,4,0,0,36.027780,-87.009080,HIGHWAY 100,,,,411.00,Feet,East,OLD HARDING PKE,,,,0.00,N,Not at Intersection,N,Non-Junction,None,,,         ,Curtis,Rich,Clear,Front to Rear,no,no,no,no,no,False
102870803,METROPOLITAN NASHVILLE POLICE DEPT,20210007641,Davidson,Nashville,1/5/2021 11:42:00 AM,2,0,0,36.255420,-86.704370,NEELYS BEND RD,,,,0.00,,,FOREST PARK RD,,,,0.00,Y,T-Intersection,N,Intersection,None,,,         ,Daniel,Tomlinson,Clear,Angle,no,no,no,no,no,False
102870820,METROPOLITAN NASHVILLE POLICE DEPT,20210007621,Davidson,Nashville,1/5/2021 11:51:00 AM,3,2,0,36.125310,-86.805610,HILLSBORO PKE,,,,0.00,,,WOODLAWN DR,,,,0.00,Y,Four-Way,N,Intersection-Related,None,,,         ,Earl,Davis,,Front to Rear,no,no,no,no,no,False
102870831,METROPOLITAN NASHVILLE POLICE DEPT,20210007654,Davidson,Nashville,1/5/2021 12:30:00 PM,1,0,0,36.144390,-86.696040,I 40,,,,0.00,,,,,,,215.00,N,Not at Intersection, ,Non-Junction,None,,,         ,Damian,Confer,,Not Collision with Motor Vehicle in Transport,no,no,no,no,no,False
102870832,METROPOLITAN NASHVILLE POLICE DEPT,20210007635,Davidson,Nashville,1/5/2021 11:31:00 AM,2,0,0,36.219140,-86.774600,I 65,,,,0.00,,,,,,,88.25,N,Not at Intersection,Y,Entrance/Exit Ramp Related,None,,,         ,Doyle,Price,,Front to Rear,no,no,no,no,yes,False
102870850,METROPOLITAN NASHVILLE POLICE DEPT,20210005450,Davidson,Nashville,1/4/2021 9:39:00 AM,1,0,1,36.212670,-86.622750,OLD HICKORY BLVD,,,,72.00,Feet,North,RACHELS LN,,,,0.00,N,Not at Intersection,N,Non-Junction,None,,,         ,Donald,Davidson,Clear,Not Collision with Motor Vehicle in Transport,no,no,no,no,no,False
102870868,METROPOLITAN NASHVILLE POLICE DEPT,20210007779,Davidson,Nashville,1/5/2021 12:55:00 PM,2,0,0,36.148790,-86.865180,LELLYETT ST,,,,0.00,,,CHARLOTTE PKE,,,,0.00,Y,Four-Way, ,Intersection,None,,,         ,Curtis,Rich,Clear,Angle,no,no,no,no,no,False
102870894,METROPOLITAN NASHVILLE POLICE DEPT,20210007838,Davidson,Nashville,1/5/2021 1:34:00 PM,2,0,0,36.136280,-86.794290,WEDGEWOOD AV,,,,70.00,Feet,East,16TH AVS,,,,0.00,N,Not at Intersection, ,Non-Junction,None,,,         ,Earl,Davis,,Front to Rear,no,no,no,no,no,False
102870901,METROPOLITAN NASHVILLE POLICE DEPT,20210007736,Davidson,Nashville,1/5/2021 12:56:00 PM,2,0,0,36.069120,-86.683840,ANTIOCH PKE,,,,0.00,,,RICHARDS RD,,,,0.00,Y,T-Intersection, ,Intersection-Related,None,,,         ,Joe,Hooper,Clear,"Sideswipe, Same Direction",no,no,no,no,no,False
102870905,METROPOLITAN NASHVILLE POLICE DEPT,20210007683,Davidson,Nashville,1/5/2021 11:45:00 AM,2,0,0,36.128190,-86.754000,NAPOLEON AV,,,,46.00,Feet,West,NOLENSVILLE PKE,,,,0.00,N,Not at Intersection,N,Non-Junction,None,,,         ,John,Robish,,Angle,no,no,no,no,no,False
102870923,METROPOLITAN NASHVILLE POLICE DEPT,20210007640,Davidson,Nashville,1/5/2021 11:20:00 AM,2,0,0,36.227160,-86.777810,I24 W ENT RAMP,,,,0.00,Feet,East,I 65,,,,0.00,N,Not at Intersection,N,Non-Junction,None,,,         ,Ricki,Armstrong,Clear,"Sideswipe, Same Direction",no,no,no,no,yes,False
102870958,METROPOLITAN NASHVILLE POLICE DEPT,2021007836,Davidson,Nashville,1/5/2021 1:39:00 PM,2,0,0,36.157650,-86.773410,KOREAN VETERANS BLVD,,,,0.00,,,3RD AVS,,,,0.00,Y,Four-Way, ,Intersection,None,,,         ,Joshua,Reece,Clear,Front to Rear,no,no,no,no,no,False
102870959,METROPOLITAN NASHVILLE POLICE DEPT,20210007771,Davidson,Nashville,1/5/2021 12:45:00 PM,2,0,0,36.204490,-86.732280,MCGAVOCK PKE,,,,40.00,Feet,West,SCOTT AV,,,,0.00,N,Not at Intersection, ,Non-Junction,None,,,         ,Eric,Knight,,Angle,no,no,no,no,no,False
102870961,METROPOLITAN NASHVILLE POLICE DEPT,2021-0007791,Davidson,Nashville,1/5/2021 10:57:00 AM,2,0,0,36.174130,-86.111170,CRYSTAL SPRINGS,,,,0.00,,South,,,,,5.00,N,Not at Intersection, ,,None,,,         ,Calvin,Graham,,,no,no,no,no,no,False
102870970,METROPOLITAN NASHVILLE POLICE DEPT,20210007899,Davidson,Nashville,1/5/2021 2:07:00 PM,2,0,0,36.063430,-86.701460,PACKARD DR,,,,0.00,,,CREEKSIDE DR,,,,0.00,Y,Four-Way,N,Intersection,None,,,         ,Joe,Hooper,Clear,Angle,no,no,no,no,no,False
102870972,METROPOLITAN NASHVILLE POLICE DEPT,2021-006345,Davidson,Not in City Limit,1/4/2021 6:29:00 PM,2,0,0,36.261990,-86.738070,I 65,,,,0.00,,,,,,,92.10,N,Not at Intersection, ,Non-Junction,None,,,         ,Joshua,Goepper,Clear,Front to Rear,no,no,no,no,no,False
102870990,METROPOLITAN NASHVILLE POLICE DEPT,20210006421,Davidson,Nashville,1/4/2021 7:51:00 PM,2,1,0,36.207030,-86.791610,WHITES CREEK PKE,,,,4.00,Feet,North,W TRINITY LN,,,,0.00,N,Not at Intersection,N,OtherLocation,None,,,         ,Mary,Hall,,Other,no,no,no,no,no,False
102871006,METROPOLITAN NASHVILLE POLICE DEPT,20210007983,Davidson,Nashville,1/5/2021 1:10:00 PM,2,0,0,36.153930,-86.857490,URBANDALE AV,,,,0.00,,,BRILEY PKWYS,,,,0.00,Y,Four-Way,N,Intersection,None,,,         ,Brian,DeMarce,Clear,"Sideswipe, Same Direction",no,no,no,no,yes,False
102871015,METROPOLITAN NASHVILLE POLICE DEPT,20210007969,Davidson,Nashville,1/5/2021 2:52:00 PM,2,0,0,36.153690,-86.801050,20TH AVN,,,,81.00,Feet,South,HUBBS ALY,,,,0.00,N,Not at Intersection, ,Non-Junction,None,,,         ,Samuel,Sundra,,"Sideswipe, Same Direction",no,no,no,no,no,False
102871019,METROPOLITAN NASHVILLE POLICE DEPT,20210007960,Davidson,Not in City Limit,1/5/2021 1:54:00 PM,2,0,0,36.076820,-87.024410,I 40,,,,0.00,,,,,,,192.30,N,Not at Intersection, ,Non-Junction,None,,,         ,Adam,Reese,Clear,Front to Rear,no,no,no,no,no,False
102871020,METROPOLITAN NASHVILLE POLICE DEPT,20210007990,Davidson,Goodlettsville,1/5/2021 2:59:00 PM,2,2,0,36.305910,-86.693820,CONFERENCE DR,,,,0.00,,,RIVERGATE MALL PVTDR,,,,0.00,Y,T-Intersection,N,Intersection,None,,,         ,Marcus,Mitchell,,Angle,no,no,no,no,no,False
102871022,METROPOLITAN NASHVILLE POLICE DEPT,20210008068,Davidson,Nashville,1/5/2021 2:49:00 PM,2,0,0,36.015640,-86.620170,OLD HICKORY BLVD,,,,31.00,Feet,North,I24 W ENT RAMP,,,,0.00,N,Not at Intersection,N,Non-Junction,None,,,         ,Edward,Starke,,Angle,no,no,no,no,yes,False
102871028,METROPOLITAN NASHVILLE POLICE DEPT,20210008040,Davidson,Nashville,1/5/2021 3:08:00 PM,2,0,0,36.086550,-86.691540,ANTIOCH PKE,,,,375.00,Feet,South,HARDING PL,,,,0.00,N,Not at Intersection,N,Non-Junction,None,,,         ,Nathaniel,Myers,,Angle,no,no,no,no,no,False
102871044,METROPOLITAN NASHVILLE POLICE DEPT,20210006389,Davidson,Nashville,1/4/2021 7:25:00 PM,1,1,0,36.094390,-86.736760,NOLENSVILLE PKE,,,,381.00,Feet,North,NATCHEZ CT,,,,0.00,N,Not at Intersection,N,Non-Junction,None,,,         ,Russell,Ward,Clear,Not Collision with Motor Vehicle in Transport,yes,no,no,no,no,False
102871050,METROPOLITAN NASHVILLE POLICE DEPT,20210008212,Davidson,Nashville,1/5/2021 4:30:00 PM,2,0,0,36.149690,-86.783310,I 40,,,,0.00,,,,,,,209.65,N,Not at Intersection, ,,None,,,         ,Philip,Claibourne,,,no,no,no,no,no,False
102871081,METROPOLITAN NASHVILLE POLICE DEPT,20210008034,Davidson,Nashville,1/5/2021 2:16:00 PM,3,0,0,36.135790,-86.725050,I24 W EXT RAMP,,,,0.00,,,SPENCE LN,,,,0.00,Y,Y-Intersection,N,Intersection,None,,,         ,Phillip,Burke,,Front to Rear,no,no,no,no,no,False
102871098,METROPOLITAN NASHVILLE POLICE DEPT,20210008267,Davidson,Nashville,1/5/2021 4:56:00 PM,4,0,0,36.103470,-86.666890,MURFREESBORO PKE,,,,134.00,Feet,West,FAIRCLOTH LN,,,,0.00,N,Not at Intersection, ,Non-Junction,None,,,         ,Adam,Gartner,,Front to Rear,no,no,no,no,no,False
102871104,METROPOLITAN NASHVILLE POLICE DEPT,20210008314,Davidson,Nashville,1/5/2021 5:36:00 PM,2,0,0,36.142400,-86.633390,WHITE PINE DR,,,,0.00,Feet,East,ELM HILL PKE,,,,0.00,N,Not at Intersection,N,Non-Junction,None,,,         ,Melina,Tamborella,,Angle,no,no,no,no,no,False
102871114,METROPOLITAN NASHVILLE POLICE DEPT,20210008415,Davidson,Goodlettsville,1/5/2021 6:24:00 PM,2,2,0,36.292060,-86.702950,GALLATIN PKEN,,,,66.00,Feet,South,RIVERGATE SQUARE PVTDR,,,,0.00,N,Not at Intersection,N,Non-Junction,None,,,         ,Christopher,Littles,,Angle,no,no,no,no,no,False
102871127,METROPOLITAN NASHVILLE POLICE DEPT,20210008428,Davidson,Nashville,1/5/2021 6:02:00 PM,2,0,0,36.225860,-86.695890,MUSIC VALLEY DR,,,,664.00,Feet,North,BRILEY PKWYS,,,,0.00,N,Not at Intersection, ,Non-Junction,None,,,         ,Joseph,Simon,,Front to Rear,no,no,no,no,no,False
102871131,METROPOLITAN NASHVILLE POLICE DEPT,20210008421,Davidson,Nashville,1/5/2021 5:40:00 PM,2,0,0,36.153160,-86.857350,I40 W EXT RAMP,,,,0.00,Feet,East,BRILEY PKWY S EXT RAMP,,,,0.00,N,Not at Intersection, ,,None,,,         ,Brian,DeMarce,,,no,no,no,no,no,False
102871133,METROPOLITAN NASHVILLE POLICE DEPT,20210008388,Davidson,Nashville,1/5/2021 5:20:00 PM,2,0,0,36.173590,-86.602150,CENTRAL PKE,,,,0.00,Feet,East,OLD HICKORY BLVD,,,,0.00,N,Not at Intersection,N,Non-Junction,None,,,         ,Tyler,Hall,,Angle,no,no,no,no,yes,False
102871142,METROPOLITAN NASHVILLE POLICE DEPT,20210008228,Davidson,Nashville,1/5/2021 3:35:00 PM,1,0,0,36.119910,-86.739310,PEACHTREE ST,,,,266.00,Feet,West,STERLING BOONE DR,,,,0.00,N,Not at Intersection,N,Non-Junction,None,,,         ,John,Walden,,Not Collision with Motor Vehicle in Transport,no,no,no,no,yes,False
102871148,Metro Park Police,20210006328,Davidson,Nashville,1/4/2021 6:00:00 PM,1,0,0,36.170340,-86.735870,S 20TH ST,,,,179.00,Feet,North,SHELBY AV,,,,0.00,N,Not at Intersection,N,Unknown,None,,,         ,Martin,Owens,Clear,Unknown,no,no,no,yes,no,False
102871158,METROPOLITAN NASHVILLE POLICE DEPT,20210008383,Davidson,Nashville,1/5/2021 6:09:00 PM,2,1,0,36.206620,-86.777900,W TRINITY LN,,,,0.00,Feet,,BRICK CHURCH PKE,,,,0.00,Y,Four-Way,Y,Intersection,None,,,         ,William,Boler,,Angle,no,no,no,no,no,False
102871159,GOODLETTSVILLE POLICE DEPT,21-00451,Davidson,Goodlettsville,1/5/2021 5:55:00 PM,2,1,0,36.304420,-86.702520,RIVERGATE PKWY,,,,23.00,Feet,South,RIVERGATE PKWY PVTDR,,,,0.00,N,Not at Intersection,N,Non-Junction,None,,,         ,Nicholas,Given,Clear,Front to Rear,no,no,no,no,no,False
102871164,METROPOLITAN NASHVILLE POLICE DEPT,20210008420,Davidson,Nashville,1/5/2021 12:00:00 AM,2,4,0,36.234450,-86.792390,GREGGWOOD DR,,,,0.00,,,GWYNNWOOD DR,,,,0.00,Y,T-Intersection,N,Non-Junction,None,,,         ,Melvin,Taylor,,Angle,no,no,no,no,no,False
102871185,METROPOLITAN NASHVILLE POLICE DEPT,20210008487,Davidson,Nashville,1/5/2021 12:00:00 AM,2,0,0,36.155170,-86.805170,MURPHY AV,,,,110.00,Feet,West,21ST AVN,,,,0.00,N,Not at Intersection,N,Non-Junction,None,,,         ,Josh,Lauton,,"Sideswipe, Same Direction",no,no,no,no,yes,False
102871189,METROPOLITAN NASHVILLE POLICE DEPT,20210006343,Davidson,Nashville,1/4/2021 6:40:00 PM,2,0,0,36.039910,-86.780980,I65 N EXT RAMP,,,,0.00,,,I 65,,,,0.00,Y,Y-Intersection,N,Intersection-Related,None,,,         ,Savannah,Starbuck,Clear,Front to Rear,no,no,no,no,no,False
102871257,METROPOLITAN NASHVILLE POLICE DEPT,20210008298,Davidson,Nashville,1/5/2021 5:20:00 PM,3,1,0,36.045310,-86.717430,OLD HICKORY BLVD,,,,115.00,Feet,West,KNOLLS PL,,,,0.00,N,Not at Intersection,N,Non-Junction,None,,,         ,Savannah,Starbuck,Clear,Front to Rear,no,no,no,no,no,False
102871264,METROPOLITAN NASHVILLE POLICE DEPT,20210000270,Davidson,Nashville,1/1/2021 2:56:00 AM,2,5,0,36.097580,-86.657830,MURFREESBORO PKE,,,,592.00,Feet,East,HARDING PL,,,,0.00,N,Not at Intersection,N,Non-Junction,None,,,         ,Christopher,Valdez,Rain,HeadOn,no,no,no,no,no,False
102871266,METROPOLITAN NASHVILLE POLICE DEPT,20210008646,Davidson,Nashville,1/5/2021 9:15:00 PM,3,2,0,36.045550,-86.711340,OLD HICKORY BLVD,,,,571.00,Feet,East,NOLENSVILLE PKE,,,,0.00,N,Not at Intersection,N,Non-Junction,None,,,         ,Edward,Starke,Clear,Angle,no,no,no,no,yes,False
102871267,METROPOLITAN NASHVILLE POLICE DEPT,20210008700,Davidson,Nashville,1/5/2021 10:06:00 PM,2,0,0,36.108520,-86.708920,CURREY RD,,,,0.00,,,FINLEY DR,,,,0.00,Y,T-Intersection,N,Intersection,None,,,         ,Andrew,Brazee,Clear,"Sideswipe, Same Direction",no,no,no,no,yes,False
102871286,METROPOLITAN NASHVILLE POLICE DEPT,20210008715,Davidson,Nashville,1/5/2021 10:02:00 PM,1,1,0,36.094140,-86.758440,SIDCO DR,,,,78.00,Feet,West,POWELL AV,,,,0.00,N,Not at Intersection,N,Non-Junction,None,,,         ,Edin,Plancic,Clear,Not Collision with Motor Vehicle in Transport,no,no,no,no,no,False
102871311,METROPOLITAN NASHVILLE POLICE DEPT,20210008775,Davidson,Nashville,1/5/2021 11:30:00 PM,2,0,0,36.203460,-86.776620,I65 N EXT RAMP,,,,0.00,Feet,East,I 65,,,,0.00,N,Not at Intersection, ,Non-Junction,None,,,         ,Theodore,Meskers,Clear,"Sideswipe, Same Direction",no,no,no,no,no,False
102871357,METROPOLITAN NASHVILLE POLICE DEPT,20210008749,Davidson,Nashville,1/5/2021 10:56:00 PM,2,1,0,36.069470,-86.687540,I24 W EXT RAMP,,,,0.00,Feet,,I 24,,,,0.00,Y,T-Intersection,Y,Intersection-Related,None,,,         ,Frederick,Ware,Clear,Front to Rear,no,no,no,no,no,False
102871372,METROPOLITAN NASHVILLE POLICE DEPT,20210009205,Davidson,Nashville,1/6/2021 4:16:00 AM,1,0,0,36.044500,-86.780630,I 65,,,,0.00,,,,,,,75.00,N,Not at Intersection, ,Non-Junction,None,,,         ,John,Frazier,,Not Collision with Motor Vehicle in Transport,no,no,no,no,no,False
102871373,METROPOLITAN NASHVILLE POLICE DEPT,20210009245,Davidson,Nashville,1/6/2021 4:50:00 AM,2,0,0,36.147740,-86.776500,I40 E ENT RAMP,,,,0.00,,,I 40,,,,0.00,Y,OTHER, ,Entrance/Exit Ramp Related,None,,,         ,David,Barras,,"Sideswipe, Same Direction",no,no,no,no,no,False
102871379,METROPOLITAN NASHVILLE POLICE DEPT,20210009286,Davidson,Nashville,1/6/2021 12:00:00 AM,1,0,0,36.158390,-86.836460,CLIFTON AV,,,,420.00,Feet,West,40TH AVN,,,,0.00,N,Not at Intersection,N,Non-Junction,None,,,         ,Zachary,Smith,Unknown,Not Collision with Motor Vehicle in Transport,no,no,no,no,yes,False
102871403,METROPOLITAN NASHVILLE POLICE DEPT,20210007901,Davidson,Not in City Limit,1/5/2021 2:15:00 PM,2,0,0,36.262020,-86.712270,GALLATIN PKES,,,,71.00,Feet,South,E OLD HICKORY BLVD,,,,0.00,N,Not at Intersection,N,Non-Junction,None,,,         ,Craig,Paschetti,Clear,Front to Rear,no,no,no,no,no,False
102871407,METROPOLITAN NASHVILLE POLICE DEPT,20210009335,Davidson,Nashville,1/6/2021 6:30:00 AM,2,2,0,36.142400,-86.633390,WHITE PINE DR,,,,0.00,,,ELM HILL PKE,,,,0.00,Y,Four-Way,N,Intersection,None,,,         ,Michael,Dance,Clear,Angle,no,no,no,no,no,False
102871408,METROPOLITAN NASHVILLE POLICE DEPT,20210007615,Davidson,Not in City Limit,1/5/2021 11:51:00 AM,2,0,0,36.256340,-86.757930,DUE WEST AVN,,,,0.00,,,DICKERSON PKE,,,,0.00,Y,T-Intersection,N,Intersection,None,,,         ,Craig,Paschetti,Clear,Angle,no,no,no,no,no,False
102871409,METROPOLITAN NASHVILLE POLICE DEPT,20210009343,Davidson,Nashville,1/6/2021 12:00:00 AM,2,0,0,36.040510,-86.701310,GREEN TRAILS DR,,,,105.00,Feet,North,GREEN TIMBERS DR,,,,0.00,N,Not at Intersection, ,Non-Junction,None,,,         ,Joe,Hooper,Clear,Angle,no,no,no,no,yes,False
102871422,METROPOLITAN NASHVILLE POLICE DEPT,20210009355,Davidson,Goodlettsville,1/6/2021 6:55:00 AM,2,1,0,36.302750,-86.691850,GALLATIN PKEN,,,,0.00,,,CONFERENCE DR,,,,0.00,Y,Four-Way,N,Intersection,None,,,         ,Travis,Baxter,Clear,Angle,no,no,no,no,no,False
102871427,METROPOLITAN NASHVILLE POLICE DEPT,20210009411,Davidson,Nashville,1/6/2021 7:32:00 AM,2,1,0,36.064790,-86.628480,HAMILTON CHURCH RD,,,,0.00,,,MURFREESBORO PKE,,,,0.00,Y,Four-Way,N,Intersection,None,,,         ,Lynsey,Fish,Cloudy,HeadOn,no,no,no,no,no,False
102871431,METROPOLITAN NASHVILLE POLICE DEPT,20210009472,Davidson,Nashville,1/6/2021 8:05:00 AM,2,0,0,36.044860,-86.780160,I 65,,,,0.00,,,,,,,75.00,N,Not at Intersection,N,Non-Junction,None,,,         ,Earl,Davis,,Front to Rear,no,no,no,no,no,False
102871433,THP District 3 - Nashville,321001135,Davidson,Not in City Limit,1/5/2021 12:45:00 PM,1,0,0,36.078060,-86.993850,I 40,,,,0.00,,,,,,,194.00,N,Not at Intersection, ,Non-Junction,None,,,         ,Matthew,Priest,Clear,Not Collision with Motor Vehicle in Transport,no,no,no,no,no,False
102871443,METROPOLITAN NASHVILLE POLICE DEPT,20210009442,Davidson,Nashville,1/6/2021 7:55:00 AM,1,1,0,36.139900,-86.706780,PATRICIA DR,,,,405.00,Feet,North,KAREN DR,,,,0.00,N,Not at Intersection,N,Non-Junction,None,,,         ,Michael,Dance,Clear,Not Collision with Motor Vehicle in Transport,no,no,no,no,no,False
102871445,METROPOLITAN NASHVILLE POLICE DEPT,20210009498,Davidson,Nashville,1/6/2021 8:15:00 AM,2,0,0,36.044680,-86.780400,I 65,,,,0.00,,,,,,,75.00,N,Not at Intersection, ,Non-Junction,None,,,         ,John,Robish,,Front to Rear,no,no,no,no,no,False