master_record_number,agency,agency_tracking_number,county,city,collision_date,vehicles_involved,number_injured,number_dead,latitude,longitude,roadway_name,roadway_suffix,roadway_number,roadway_local_id,distance_from_reference,miles-feet_indicator,direction_from_reference,intersection_road_name,intersection_road_name_suffix,intersection_road_number,intersection_local_id,mile_marker,intersection_indicator,intersect_type,interchange_related_indicator,relation_to_junction,work_zone_type,construction_maintenance_zone,construction_maintenance_zone_location,fatal_case_number,officer_first_name,officer_last_name,weather_condition(s),manner_of_crash,pedestrian,bicycle,scooter,parking,hitrun,mou
102871451,METROPOLITAN NASHVILLE POLICE DEPT,20210009506,Davidson,Nashville,1/6/2021 8:20:00 AM,2,0,0,36.030470,-86.743980,EDMONDSON PKE,,,,0.00,,,CLOVERLAND DR,,,,0.00,Y,T-Intersection,N,Intersection-Related,None,,,         ,Ryan,Papp,,Angle,no,no,no,no,no,False
102871461,METROPOLITAN NASHVILLE POLICE DEPT,20210009554,Davidson,Nashville,1/6/2021 8:51:00 AM,2,0,0,36.037440,-86.790640,OLD HICKORY BLVD,,,,75.00,Feet,East,EAST PARK DR,,,,0.00,N,Not at Intersection, ,Non-Junction,None,,,         ,Earl,Davis,,Front to Rear,no,no,no,no,no,False
102871471,METROPOLITAN NASHVILLE POLICE DEPT,20210009622,Davidson,Nashville,1/6/2021 9:23:00 AM,2,1,0,36.137570,-86.800760,21ST AVS,,,,0.00,,,BLAKEMORE AV,,,,0.00,Y,Four-Way,N,Intersection,None,,,         ,Earl,Davis,,HeadOn,no,no,no,no,no,Campus
102871491,METROPOLITAN NASHVILLE POLICE DEPT,20210009771,Davidson,Nashville,1/6/2021 10:31:00 AM,2,1,0,36.155040,-86.797520,18TH AVN,,,,0.00,,,CHURCH ST,,,,0.00,Y,Four-Way,N,Intersection-Related,None,,,         ,Earl,Davis,,Front to Rear,no,no,no,no,no,False
102871500,GOODLETTSVILLE POLICE DEPT,21-00514,Davidson,Goodlettsville,1/6/2021 10:28:00 AM,2,0,0,36.306840,-86.694360,CONFERENCE DR,,,,0.00,,,VIETNAM VETERANS BLVD NB ENT R,,,,0.00,Y,Four-Way,N,Intersection,None,,,         ,Daniel,Knalls,Clear,Angle,no,no,no,no,no,False
102871509,METROPOLITAN NASHVILLE POLICE DEPT,20210009804,Davidson,Nashville,1/6/2021 10:43:00 AM,2,0,0,36.104600,-86.669260,MURFREESBORO PKE,,,,291.00,Feet,West,OLD MURFREESBORO PKE,,,,0.00,N,Not at Intersection, ,Non-Junction,None,,,         ,Joe,Hooper,Clear,Front to Rear,no,no,no,no,yes,False
102871510,METROPOLITAN NASHVILLE POLICE DEPT,20210009870,Davidson,Nashville,1/6/2021 11:22:00 AM,2,0,0,36.069120,-86.683840,ANTIOCH PKE,,,,0.00,,,RICHARDS RD,,,,0.00,Y,T-Intersection, ,Intersection-Related,None,,,         ,Joe,Hooper,Clear,Front to Rear,no,no,no,no,no,False
102871532,METROPOLITAN NASHVILLE POLICE DEPT,20210009926,Davidson,Madison,1/6/2021 11:50:00 AM,3,0,0,36.264050,-86.690290,MYATT DR,,,,9.00,Feet,South,STATE RT 45,,,,0.00,N,Not at Intersection, ,,None,,,         ,Michelle,Steidl,,,no,no,no,no,no,False
102871546,METROPOLITAN NASHVILLE POLICE DEPT,20210009945,Davidson,Nashville,1/6/2021 11:42:00 AM,2,0,0,36.155650,-86.789720,14TH AVN,,,,0.00,,,BROADWAY,,,,0.00,Y,Four-Way, ,Intersection,None,,,         ,Earl,Davis,,"Sideswipe, Same Direction",no,no,no,no,no,False
102871563,METROPOLITAN NASHVILLE POLICE DEPT,20210009952,Davidson,Nashville,1/6/2021 12:06:00 PM,2,1,0,36.130070,-86.802160,21ST AVS,,,,100.00,Feet,South,BLAIR BLVD,,,,0.00,N,Not at Intersection,N,Non-Junction,None,,,         ,Earl,Davis,,Angle,no,no,no,no,no,False
102871573,METROPOLITAN NASHVILLE POLICE DEPT,20210009974,Davidson,Nashville,1/6/2021 12:25:00 PM,2,0,0,36.137570,-86.800760,21ST AVS,,,,0.00,,,BLAKEMORE AV,,,,0.00,Y,Four-Way,N,Intersection,None,,,         ,Earl,Davis,,Front to Rear,no,no,no,no,no,Campus
102871579,THP District 3 - Nashville,321001268,Davidson,Nashville,1/6/2021 6:30:00 AM,1,0,0,36.029210,-86.920400,SNEED RDW,,,,973.00,Feet,West,VAUGHN RD,,,,0.00,N,Not at Intersection, ,Non-Junction,None,,,         ,Joseph,Whitmarsh,Clear,Not Collision with Motor Vehicle in Transport,no,no,no,no,no,False
102871584,METROPOLITAN NASHVILLE POLICE DEPT,20210010059,Davidson,Nashville,1/6/2021 12:48:00 PM,2,0,0,36.109980,-86.821090,CROSS CREEK RD,,,,125.00,Feet,South,VALLEY BROOK RD,,,,0.00,N,Not at Intersection, ,Non-Junction,None,,,         ,Curtis,Rich,Cloudy,Angle,no,no,no,no,no,False
102871586,TENNESSEE STATE UNIVERSITY ,21-TSU-00669,Davidson,Nashville,1/6/2021 7:20:00 AM,1,0,0,36.162830,-86.830250,CLARE AV,,,,54.00,Feet,North,ALBION ST,,,,0.00,N,Not at Intersection, ,Unknown,Unknown,,,         ,Horace,Green,Clear,Not Collision with Motor Vehicle in Transport,no,no,no,yes,no,False
102871619,METROPOLITAN NASHVILLE POLICE DEPT,20210010036,Davidson,Nashville,1/6/2021 12:38:00 PM,2,0,0,36.142160,-86.666490,I40 W EXT RAMP,,,,0.00,,,I 40,,,,0.00,Y,Four-Way,N,Entrance/Exit Ramp Related,None,,,         ,Lucas,Thomas,Clear,Angle,no,no,no,no,yes,False
102871620,METROPOLITAN NASHVILLE POLICE DEPT,20210007747,Davidson,Nashville,1/5/2021 1:04:00 PM,2,0,0,36.271370,-86.736170,I 65,,,,0.00,,,,,,,92.75,N,Not at Intersection, ,Non-Junction,None,,,         ,Ricki,Armstrong,,"Sideswipe, Same Direction",no,no,no,no,no,False
102871624,METROPOLITAN NASHVILLE POLICE DEPT,20210009938,Davidson,Nashville,1/6/2021 12:00:00 PM,3,3,0,36.143500,-86.687630,I 40,,,,0.00,,,,,,,215.40,N,Not at Intersection,N,Non-Junction,None,,,         ,Lynsie,Smith,Clear,Front to Rear,no,no,no,no,no,False
102871626,METROPOLITAN NASHVILLE POLICE DEPT,20210010140,Davidson,Nashville,1/6/2021 1:53:00 PM,2,0,0,36.220760,-86.624860,SOUTHFORK BLVD,,,,0.00,,,OLD HICKORY BLVD,,,,0.00,Y,T-Intersection, ,Intersection,None,,,         ,Michael,Dance,,Front to Rear,no,no,no,no,no,False
102871635,METROPOLITAN NASHVILLE POLICE DEPT,20210010112,Davidson,Nashville,1/6/2021 1:36:00 PM,2,0,0,36.071900,-86.636210,MURFREESBORO PKE,,,,15.00,Feet,South,BELL RD,,,,0.00,N,Not at Intersection, ,Non-Junction,None,,,         ,Joe,Hooper,Clear,Front to Rear,no,no,no,no,yes,False
102871637,METROPOLITAN NASHVILLE POLICE DEPT,20210010127,Davidson,Nashville,1/6/2021 12:00:00 AM,2,0,0,36.249710,-86.776720,NORTHBROOK DR,,,,0.00,Feet,,BRICK CHURCH PKE,,,,0.00,Y,T-Intersection, ,,None,,,         ,Wyatt,Blacker,,,no,no,no,no,no,False
102871644,METROPOLITAN NASHVILLE POLICE DEPT,20210010018,Davidson,Nashville,1/6/2021 12:20:00 PM,2,0,0,36.130180,-86.755030,NOLENSVILLE PKE,,,,0.00,,,POLK AV,,,,0.00,Y,Four-Way, ,Intersection,None,,,         ,John,Robish,,Angle,no,no,no,no,no,False
102871645,METROPOLITAN NASHVILLE POLICE DEPT,20210010093,Davidson,Nashville,1/6/2021 12:58:00 PM,2,0,0,36.203610,-86.738500,GALLATIN PKE,,,,23.00,Feet,North,E TRINITY LN,,,,0.00,N,Not at Intersection,N,Non-Junction,None,,,         ,Darrin,Hardin,,Front to Rear,no,no,no,no,yes,False
102871684,METROPOLITAN NASHVILLE POLICE DEPT,20210008540,Davidson,Not in City Limit,1/5/2021 6:00:00 PM,2,1,0,36.263810,-86.687120,STATE RT 45,,,,0.00,,,ARCHWOOD DR,,,,0.00,Y,Four-Way,N,Intersection,None,,,         ,Bradley,Campbell,Clear,Angle,no,no,no,no,yes,False
102871710,METROPOLITAN NASHVILLE POLICE DEPT,20210010262,Davidson,Goodlettsville,1/6/2021 1:13:00 PM,2,0,0,36.293410,-86.696000,MYATT DR,,,,203.00,Feet,South,SPRING BRANCH DR,,,,0.00,N,Not at Intersection,N,Non-Junction,None,,,         ,Christopher,Littles,,Angle,no,no,no,yes,yes,False
102871716,METROPOLITAN NASHVILLE POLICE DEPT,20210010323,Davidson,Nashville,1/6/2021 3:20:00 PM,1,0,0,36.197020,-86.783200,BAPTIST WORLD CENTER DR,,,,244.00,Feet,North,WEAKLEY AV,,,,0.00,N,Not at Intersection,N,Non-Junction,None,,,         ,Alec,Pellissier,,Not Collision with Motor Vehicle in Transport,no,no,no,no,no,False
102871752,METROPOLITAN NASHVILLE POLICE DEPT,20210010468,Davidson,Nashville,1/6/2021 4:25:00 PM,2,0,0,36.160250,-86.782960,COMMERCE ST,,,,0.00,,,ROSA L PARKS BLVD,,,,0.00,Y,Four-Way,N,Intersection,None,,,         ,Russell,Freeman,Clear,Angle,no,no,no,no,no,False
102871771,METROPOLITAN NASHVILLE POLICE DEPT,20210008554,Davidson,Nashville,1/5/2021 12:00:00 AM,2,0,0,36.037770,-86.782440,EXIT 74A,,,,0.00,Feet,East,I 65,,,,0.00,N,Not at Intersection,N,Entrance/Exit Ramp Related,None,,,         ,Sierra,Walker,Clear,Angle,no,no,no,no,no,False
102871774,METROPOLITAN NASHVILLE POLICE DEPT,20210010505,Davidson,Nashville,1/6/2021 4:27:00 PM,2,1,0,36.040860,-86.773660,OLD HICKORY BLVD,,,,57.00,Feet,West,HEALTH PARK DR,,,,0.00,N,Not at Intersection,N,Non-Junction,None,,,         ,Edin,Plancic,,Front to Rear,no,no,no,no,no,False
102871782,METROPOLITAN NASHVILLE POLICE DEPT,20210010462,Davidson,Nashville,1/6/2021 12:00:00 AM,1,1,0,36.082360,-86.728560,WELSHWOOD DR,,,,395.00,Feet,West,NOLENSVILLE PKE,,,,0.00,N,Not at Intersection,N,Non-Junction,None,,,         ,Darci,Stechman,,Not Collision with Motor Vehicle in Transport,yes,no,no,no,yes,False
102871791,METROPOLITAN NASHVILLE POLICE DEPT,20210010556,Davidson,Nashville,1/6/2021 5:22:00 PM,2,0,0,36.255010,-86.715240,MADISON SQ,,,,3.00,Feet,West,MADISON BLVD,,,,0.00,N,Not at Intersection,N,Non-Junction,None,,,         ,Jarret,Sonnenberg,,Angle,no,no,no,no,no,False
102871797,METROPOLITAN NASHVILLE POLICE DEPT,20210010584,Davidson,Nashville,1/6/2021 5:35:00 PM,2,0,0,36.047300,-86.662660,I 24,,,,0.00,,,,,,,59.15,N,Not at Intersection, ,Non-Junction,None,,,         ,Edward,Starke,Clear,Front to Rear,no,no,no,no,no,False
102871807,METROPOLITAN NASHVILLE POLICE DEPT,20210010668,Davidson,Nashville,1/6/2021 6:20:00 PM,2,0,0,36.181830,-86.607290,OLD HICKORY BLVD,,,,0.00,,,,,,,0.00,,Not at Intersection,N,Non-Junction,None,,,         ,Heather,Fox,,Other,no,no,no,yes,yes,False
102871823,METROPOLITAN NASHVILLE POLICE DEPT,20210010674,Davidson,Not in City Limit,1/6/2021 6:25:00 PM,2,0,0,36.263300,-86.789790,I 24,,,,0.00,,,,,,,41.60,N,Not at Intersection,N,Non-Junction,None,,,         ,Christopher,Littles,,"Sideswipe, Same Direction",no,no,no,no,no,False
102871824,METROPOLITAN NASHVILLE POLICE DEPT,20210010657,Davidson,Nashville,1/6/2021 6:14:00 PM,2,0,0,36.135820,-86.726730,I 24,,,,0.00,,,,,,,52.20,N,Not at Intersection, ,Non-Junction,None,,,         ,Dontaveous,Eubanks,,Angle,no,no,no,no,no,False
102871833,METROPOLITAN NASHVILLE POLICE DEPT,20210010614,Davidson,Nashville,1/6/2021 5:45:00 PM,3,1,0,36.045810,-86.778060,I 65,,,,0.00,,,,,,,75.15,N,Not at Intersection,N,Non-Junction,None,,,         ,Darci,Stechman,,Front to Rear,no,no,no,no,no,False
102871834,METROPOLITAN NASHVILLE POLICE DEPT,20210010684,Davidson,Nashville,1/6/2021 6:31:00 PM,2,0,0,36.149080,-86.774170,I 40,,,,0.00,,,,,,,210.15,N,Not at Intersection,N,Non-Junction,None,,,         ,John,Chambers,Clear,"Sideswipe, Same Direction",no,no,no,no,no,False
102871841,METROPOLITAN NASHVILLE POLICE DEPT,20210010798,Davidson,Nashville,1/6/2021 6:27:00 PM,2,0,0,36.149390,-86.774200,I 40,,,,0.00,,,,,,,210.20,N,Not at Intersection, ,Non-Junction,None,,,         ,Jared,Dick,,Angle,no,no,no,no,yes,False
102871842,METROPOLITAN NASHVILLE POLICE DEPT,20210010642,Davidson,Nashville,1/6/2021 6:08:00 PM,2,1,0,36.134020,-86.722560,MURFREESBORO PKE,,,,0.00,,,PLUS PARK BLVD,,,,0.00,Y,T-Intersection,N,Intersection,None,,,         ,Andrew,Brazee,Clear,Angle,no,no,no,no,no,False
102871844,METROPOLITAN NASHVILLE POLICE DEPT,20210010644,Davidson,Nashville,1/6/2021 6:00:00 PM,1,0,0,36.167630,-86.811440,MEHARRY BLVD,,,,315.00,Feet,East,24TH AVN,,,,0.00,N,Not at Intersection,N,Non-Junction,None,,,         ,Brian,Warstadt,,Not Collision with Motor Vehicle in Transport,no,no,no,no,no,False
102871854,METROPOLITAN NASHVILLE POLICE DEPT,20210010747,Davidson,Not in City Limit,1/6/2021 5:40:00 PM,2,0,0,36.288160,-86.879570,ST LAWRENCE DR,,,,9.00,Feet,East,CLARKSVILLE PKE,,,,0.00,N,Not at Intersection,N,Non-Junction,None,,,         ,Alec,Pellissier,,Angle,no,no,no,no,no,False
102871863,METROPOLITAN NASHVILLE POLICE DEPT,20210004459,Davidson,Nashville,1/3/2021 7:34:00 PM,1,0,1,36.139110,-86.819350,WEST END AV,,,,114.00,Feet,South,ORLEANS DR,,,,0.00,N,Not at Intersection,N,Non-Junction,None,,,         ,Christopher,Valdez,Clear,Not Collision with Motor Vehicle in Transport,yes,no,no,no,no,False
102871864,METROPOLITAN NASHVILLE POLICE DEPT,20210007812,Davidson,Nashville,1/5/2021 1:29:00 PM,2,1,2,36.092580,-86.885420,VAUGHNS GAP RD,,,,0.00,,,HARDING PKE,,,,0.00,Y,Four-Way,N,Intersection,None,,,         ,Christopher,Valdez,Clear,Angle,no,no,no,no,no,False
102871871,METROPOLITAN NASHVILLE POLICE DEPT,20210010724,Davidson,Nashville,1/6/2021 6:57:00 PM,2,1,0,36.156010,-86.788850,BROADWAY,,,,0.00,,,I40 W ENT RAMP,,,,0.00,Y,Four-Way,N,Intersection,None,,,         ,James,Hill,Clear,HeadOn,no,no,no,no,no,False
102871893,METROPOLITAN NASHVILLE POLICE DEPT,20210010818,Davidson,Nashville,1/6/2021 8:04:00 PM,1,1,0,36.162630,-86.647940,STEWARTS FERRY PKE,,,,224.00,Feet,East,MTMHI PVTDR,,,,0.00,N,Not at Intersection,N,Non-Junction,None,,,         ,Joseph,Simon,,Not Collision with Motor Vehicle in Transport,no,no,no,no,yes,False
102871920,METROPOLITAN NASHVILLE POLICE DEPT,20210010948,Davidson,Not in City Limit,1/6/2021 9:34:00 PM,1,0,0,36.343210,-86.756130,FREEMAN HOLLOW RD,,,,123.00,Feet,North,LICKTON PKE,,,,0.00,N,Not at Intersection,N,Non-Junction,None,,,         ,Christopher,Littles,,Not Collision with Motor Vehicle in Transport,no,no,no,no,no,False
102871922,METROPOLITAN NASHVILLE POLICE DEPT,20210010779,Davidson,Nashville,1/6/2021 7:34:00 PM,2,1,0,36.203700,-86.776620,I 65,,,,0.00,,,,,,,87.10,N,Not at Intersection,N,Non-Junction,None,,,         ,Marc,Kozen,,"Sideswipe, Same Direction",no,no,no,no,no,False
102871945,METROPOLITAN NASHVILLE POLICE DEPT,20210011009,Davidson,Nashville,1/6/2021 10:24:00 PM,1,1,0,36.129710,-86.714980,MURFREESBORO PKE,,,,115.00,Feet,West,MILLWOOD DR,,,,0.00,N,Not at Intersection,N,Non-Junction,None,,,         ,Mary,Robinson,,Not Collision with Motor Vehicle in Transport,no,no,no,no,no,False
102871966,METROPOLITAN NASHVILLE POLICE DEPT,20210011031,Davidson,Nashville,1/6/2021 10:29:00 PM,2,1,0,36.130150,-86.900470,CHARLOTTE PKE,,,,96.00,Feet,East,CABOT DR,,,,0.00,N,Not at Intersection,N,Non-Junction,None,,,         ,Travis,Pemberton,Clear,Front to Rear,no,no,no,no,no,False
102871968,METROPOLITAN NASHVILLE POLICE DEPT,20210011136,Davidson,Not in City Limit,1/7/2021 12:06:00 AM,1,0,0,36.108210,-87.016880,SEARS RD,,,,351.00,Feet,North,OLD CHARLOTTE PKE,,,,0.00,N,Not at Intersection,N,Non-Junction,None,,,         ,Nicholas,Smith,Clear,Not Collision with Motor Vehicle in Transport,no,no,no,no,no,False
102872016,METROPOLITAN NASHVILLE POLICE DEPT,20210011503,Davidson,Nashville,1/7/2021 4:14:00 AM,1,1,0,36.081870,-86.666640,FRANKLIN LIMESTONE RD,,,,214.00,Feet,South,MULLINS RD,,,,0.00,N,Not at Intersection,N,Non-Junction,None,,,         ,William,Williams,Clear,Not Collision with Motor Vehicle in Transport,no,no,no,no,no,False
102872028,METROPOLITAN NASHVILLE POLICE DEPT,20210011644,Davidson,Nashville,1/7/2021 6:40:00 AM,1,1,0,36.040340,-86.603930,MURFREESBORO,PIKE,,,300.00,Feet,East,HOBSON,PIKE,,,0.00,N,Not at Intersection,N,Non-Junction,None,,,         ,Kevin,Breeding,Cloudy,Not Collision with Motor Vehicle in Transport,no,no,no,no,no,False
102872042,METROPOLITAN NASHVILLE POLICE DEPT,20210011677,Davidson,Madison,1/7/2021 7:00:00 AM,2,0,0,36.253220,-86.716800,GALLATIN PKES,,,,0.00,,,EMMITT AV,,,,0.00,Y,Four-Way, ,Intersection,None,,,         ,Travis,Baxter,,Angle,no,no,no,no,no,False
102872050,BERRY HILL POLICE DEPT,21-0067,Davidson,Berry Hill,1/6/2021 12:04:00 PM,2,0,0,36.120190,-86.768740,BERRY RD,,,,24.00,Feet,East,GREYSTONE RD,,,,0.00,N,Not at Intersection, ,Non-Junction,None,,,         ,Ronnie,Hill,Cloudy,Angle,no,no,no,yes,no,False
102872051,BERRY HILL POLICE DEPT,21-0068,Davidson,Berry Hill,1/6/2021 12:53:00 PM,2,0,0,36.126390,-86.771700,CRAIGHEAD ST,,,,163.00,Feet,West,MCKEAND AV,,,,0.00,N,Not at Intersection, ,"Driveway, Alley Access, etc",None,,,         ,Ronnie,Hill,Cloudy,Angle,no,no,no,no,no,False
102872070,METROPOLITAN NASHVILLE POLICE DEPT,20210001546,Davidson,Nashville,1/1/2021 9:21:00 PM,2,0,0,36.074120,-86.663260,PEBBLE CREEK DR,,,,0.00,,,UNA ANTIOCH PKE,,,,0.00,Y,Four-Way, ,Intersection,None,,,         ,Megan,Arnett,Clear,Angle,no,no,no,no,yes,False
102872075,METROPOLITAN NASHVILLE POLICE DEPT,2021-011640,Davidson,Nashville,1/7/2021 6:40:00 AM,2,1,0,36.186890,-86.631380,LEBANON PKE,,,,96.00,Feet,West,CENTRAL PKE,,,,0.00,N,Not at Intersection,N,Non-Junction,None,,,         ,Calvin,Graham,,Angle,no,no,no,no,no,False
102872082,METROPOLITAN NASHVILLE POLICE DEPT,20210011778,Davidson,Nashville,1/7/2021 8:00:00 AM,2,0,0,36.122790,-86.806870,HILLSBORO PKE,,,,0.00,,,I440 E EXT RAMP,,,,0.00,Y,OTHER, ,Intersection-Related,None,,,         ,Curtis,Rich,Cloudy,"Sideswipe, Same Direction",no,no,no,no,no,False
102872083,METROPOLITAN NASHVILLE POLICE DEPT,20210011659,Davidson,Nashville,1/7/2021 6:57:00 AM,2,0,0,36.163450,-86.783530,UNION ST,,,,0.00,,,7TH AVN,,,,0.00,Y,Four-Way, ,Intersection,None,,,         ,Erik,Wagner,,Angle,no,no,no,no,no,False
102872088,GOODLETTSVILLE POLICE DEPT,21-00594,Davidson,Goodlettsville,1/7/2021 7:03:00 AM,1,0,0,36.314060,-86.692880,WINDSOR TRC,,,,105.00,Feet,West,ASBEE CT,,,,0.00,N,Not at Intersection,N,Non-Junction,None,,,         ,Daniel,Knalls,Cloudy,Not Collision with Motor Vehicle in Transport,no,no,no,no,yes,False
102872089,METROPOLITAN NASHVILLE POLICE DEPT,20210011707,Davidson,Nashville,1/7/2021 7:34:00 AM,2,0,0,36.051370,-86.741190,HUNTINGTON PKWY,,,,600.00,Feet,East,EDMONDSON PKE,,,,0.00,N,Not at Intersection,N,Non-Junction,None,,,         ,Earl,Davis,,"Sideswipe, Same Direction",no,no,no,no,yes,False
102872097,METROPOLITAN NASHVILLE POLICE DEPT,20210011774,Davidson,Nashville,1/7/2021 8:20:00 AM,2,0,0,36.041100,-86.750490,OLD HICKORY BLVD,,,,412.00,Feet,West,WATAUGA PL,,,,0.00,N,Not at Intersection,N,Non-Junction,None,,,         ,Ryan,Papp,,Front to Rear,no,no,no,no,no,False
102872101,METROPOLITAN NASHVILLE POLICE DEPT,20210011773,Davidson,Nashville,1/7/2021 7:24:00 AM,2,0,0,36.180080,-86.797550,GARFIELD ST,,,,10.00,Feet,East,NASSAU ST,,,,0.00,N,Not at Intersection, ,Non-Junction,Construction Zone,,,         ,Nicholas,Kiraly,,"Sideswipe, Same Direction",no,no,no,no,no,False
102872104,METROPOLITAN NASHVILLE POLICE DEPT,20210011802,Davidson,Nashville,1/7/2021 8:36:00 AM,2,0,0,36.102560,-86.740950,NOLENSVILLE PKE,,,,0.00,,,THUSS AV,,,,0.00,Y,T-Intersection, ,Non-Junction,None,,,         ,Earl,Davis,,Angle,no,no,no,no,no,False
102872106,METROPOLITAN NASHVILLE POLICE DEPT,20210011847,Davidson,Nashville,1/7/2021 9:15:00 AM,2,0,0,36.047840,-86.612050,MURFREESBORO PKE,,,,1284.00,Feet,North,MOUNTAIN SPRINGS RD,,,,0.00,N,Not at Intersection, ,Non-Junction,None,,,         ,Alquavious,McDaniel,Cloudy,Front to Rear,no,no,no,no,no,False
102872112,METROPOLITAN NASHVILLE POLICE DEPT,20210011815,Davidson,Nashville,1/7/2021 8:46:00 AM,2,0,0,36.155040,-86.797520,CHURCH ST,,,,0.00,,,18TH AVN,,,,0.00,Y,Four-Way, ,Intersection,None,,,         ,Earl,Davis,,Angle,no,no,no,no,no,False
102872113,METROPOLITAN NASHVILLE POLICE DEPT,20210011928,Davidson,Old Hickory,1/7/2021 9:47:00 AM,1,0,0,36.258170,-86.650850,BRYAN ST,,,,238.00,Feet,North,13TH ST,,,,0.00,N,Not at Intersection,N,Non-Junction,None,,,         ,Michael,Dance,,Not Collision with Motor Vehicle in Transport,no,no,no,no,no,False
102872142,METROPOLITAN NASHVILLE POLICE DEPT,20210011955,Davidson,Nashville,1/7/2021 9:33:00 AM,1,1,0,36.172690,-86.866500,BRILEY PKWY N ENT RAMP,,,,247.00,Feet,East,BRILEY PKWY N EXT RAMP,,,,0.00,N,Not at Intersection,N,Non-Junction,None,,,         ,Curtis,Rich,Cloudy,Not Collision with Motor Vehicle in Transport,no,no,no,yes,no,False
102872145,METROPOLITAN NASHVILLE POLICE DEPT,20210011741,Davidson,Nashville,1/7/2021 12:00:00 AM,2,0,0,36.063640,-86.687690,EASTVIEW DR,,,,154.00,Feet,South,PACKARD DR,,,,0.00,N,Not at Intersection,N,"Driveway, Alley Access, etc",None,,,         ,Stanley,Collins,,Unknown,no,no,no,yes,yes,False
102872157,METROPOLITAN NASHVILLE POLICE DEPT,20210012109,Davidson,Nashville,1/7/2021 10:33:00 AM,2,0,0,36.150520,-86.858480,OBRIEN AV,,,,199.00,Feet,West,WHITE BRIDGE PKE,,,,0.00,N,Not at Intersection, ,Non-Junction,None,,,         ,Curtis,Rich,Cloudy,Angle,no,no,no,yes,yes,False
102872158,METROPOLITAN NASHVILLE POLICE DEPT,20210011939,Davidson,Nashville,1/7/2021 9:53:00 AM,2,1,0,36.136670,-86.892100,I 40,,,,0.00,,,,,,,201.65,N,Not at Intersection,N,Non-Junction,Maintenance Zone,Intermittent Moving Work,Unknown,         ,Jack,Crouch,Cloudy,Front to Rear,no,no,no,no,no,False
102872179,METROPOLITAN NASHVILLE POLICE DEPT,2021-0012104,Davidson,Nashville,1/7/2021 2:00:00 AM,2,0,0,36.156640,-86.839800,44TH AVN,,,,62.00,Feet,South,INDIANA AV,,,,0.00,N,Not at Intersection, ,Non-Junction,None,,,         ,George,Spencer,Clear,"Sideswipe, Same Direction",no,no,no,no,yes,False
102872206,METROPOLITAN NASHVILLE POLICE DEPT,20210012005,Davidson,Nashville,1/7/2021 10:14:00 AM,2,0,0,36.106690,-86.922280,OLD HICKORY BLVD,,,,100.00,Feet,North,TOLBERT RD,,,,0.00,N,Not at Intersection, ,,None,,,         ,Charles,Boles,,,no,no,no,no,no,False
102872215,METROPOLITAN NASHVILLE POLICE DEPT,20210012127,Davidson,Nashville,1/7/2021 11:48:00 AM,1,1,0,36.145270,-86.811930,WEST END AV,,,,0.00,,,28TH AVS,,,,0.00,Y,Four-Way,N,Intersection,None,,,         ,Earl,Davis,,Not Collision with Motor Vehicle in Transport,yes,no,no,no,yes,Campus
102872229,METROPOLITAN NASHVILLE POLICE DEPT,20210012225,Davidson,Nashville,1/7/2021 12:35:00 PM,2,1,0,36.113590,-86.690690,MURFREESBORO PKE,,,,557.00,Feet,West,AIR FREIGHT BLVD,,,,0.00,N,Not at Intersection,N,Non-Junction,None,,,         ,Michael,Dance,,"Sideswipe, Same Direction",no,no,no,no,no,False
102872243,METROPOLITAN NASHVILLE POLICE DEPT,20210012260,Davidson,Nashville,1/7/2021 12:51:00 PM,2,0,0,36.121740,-86.750590,I440 E EXT RAMP,,,,0.00,,,NOLENSVILLE PKE,,,,0.00,Y,OTHER, ,Intersection,None,,,         ,Earl,Davis,,Front to Rear,no,no,no,no,no,False
102872250,METROPOLITAN NASHVILLE POLICE DEPT,20210012270,Davidson,Nashville,1/7/2021 1:00:00 PM,2,0,0,36.098890,-86.871890,HEADY DR,,,,0.00,,,HIGHWAY 100,,,,0.00,Y,Four-Way,N,Intersection,None,,,         ,Curtis,Rich,Cloudy,Angle,no,no,no,no,no,False
102872260,METROPOLITAN NASHVILLE POLICE DEPT,20210012311,Davidson,Nashville,1/7/2021 1:05:00 PM,1,0,0,36.182430,-86.799560,I65 S ENT RAMP,,,,0.00,Feet,East,I 65,,,,0.00,N,Not at Intersection,N,Non-Junction,None,,,         ,Jordan,Shaffer,,Not Collision with Motor Vehicle in Transport,no,no,no,no,no,False
102872267,METROPOLITAN NASHVILLE POLICE DEPT,20210012323,Davidson,Not in City Limit,1/7/2021 1:15:00 PM,2,0,0,36.261240,-86.712530,GALLATIN PKES,,,,0.00,,,MAPLE ST,,,,0.00,Y,T-Intersection, ,Intersection,None,,,         ,Travis,Baxter,,"Sideswipe, Same Direction",no,no,no,no,no,False
102872268,METROPOLITAN NASHVILLE POLICE DEPT,20210012372,Davidson,Nashville,1/7/2021 12:00:00 AM,2,0,0,36.152640,-86.808120,PATTERSON ST,,,,300.00,Feet,West,23RD AVN,,,,0.00,N,Not at Intersection,N,Non-Junction,None,,,         ,Earl,Davis,,Other,no,no,no,no,yes,False