master_record_number,agency,agency_tracking_number,county,city,collision_date,vehicles_involved,number_injured,number_dead,latitude,longitude,roadway_name,roadway_suffix,roadway_number,roadway_local_id,distance_from_reference,miles-feet_indicator,direction_from_reference,intersection_road_name,intersection_road_name_suffix,intersection_road_number,intersection_local_id,mile_marker,intersection_indicator,intersect_type,interchange_related_indicator,relation_to_junction,work_zone_type,construction_maintenance_zone,construction_maintenance_zone_location,fatal_case_number,officer_first_name,officer_last_name,weather_condition(s),manner_of_crash,pedestrian,bicycle,scooter,parking,hitrun,mou
102872273,METROPOLITAN NASHVILLE POLICE DEPT,20210012161,Davidson,Nashville,1/7/2021 12:02:00 PM,2,0,0,36.236390,-86.728400,BRILEY PKWYE,,,,302.00,Feet,West,BRILEY PKWYW,,,,0.00,N,Not at Intersection,N,Non-Junction,None,,,         ,Darrin,Hardin,,"Sideswipe, Same Direction",no,no,no,no,no,False
102872274,METROPOLITAN NASHVILLE POLICE DEPT,20210011890,Davidson,Nashville,1/7/2021 9:29:00 AM,2,1,0,36.152200,-86.842220,CHARLOTTE AV,,,,0.00,,,46TH AVN,,,,0.00,Y,Four-Way,N,Intersection,None,,,         ,Tavin,Emlund,,Front to Rear,no,no,no,no,no,False
102872289,BERRY HILL POLICE DEPT,21-0079,Davidson,Berry Hill,1/7/2021 12:00:00 AM,2,0,0,36.112330,-86.767020,THOMPSON LN,,,,0.00,,,BRANSFORD AV,,,,0.00,Y,Four-Way,Y,Intersection-Related,None,,,         ,John,Gleixner,Cloudy,Front to Rear,no,no,no,no,no,False
102872293,METROPOLITAN NASHVILLE POLICE DEPT,20210011017,Davidson,Nashville,1/6/2021 10:30:00 PM,1,1,1,36.144060,-86.648300,I 40,,,,0.00,,,,,,,217.30,N,Not at Intersection,N,Non-Junction,None,,,         ,Russell,Ward,Clear,Not Collision with Motor Vehicle in Transport,yes,no,no,no,no,False
102872301,METROPOLITAN NASHVILLE POLICE DEPT,20210012391,Davidson,Nashville,1/7/2021 1:53:00 PM,3,2,0,36.243600,-86.722860,GALLATIN PKES,,,,357.00,Feet,South,LAKEWOOD DR,,,,0.00,N,Not at Intersection,N,Non-Junction,None,,,         ,William,Coy,,Front to Rear,no,no,no,no,no,False
102872304,METROPOLITAN NASHVILLE POLICE DEPT,20210012435,Davidson,Nashville,1/7/2021 2:29:00 PM,2,1,0,36.150430,-86.696760,ELM HILL PKE,,,,0.00,,,WANDA DR,,,,0.00,Y,Four-Way,N,Intersection,None,,,         ,Michael,Dance,,Angle,no,no,no,no,no,False
102872305,METROPOLITAN NASHVILLE POLICE DEPT,20210012451,Davidson,Nashville,1/7/2021 1:44:00 PM,2,0,0,36.104500,-86.716180,I 24,,,,0.00,,,,,,,54.20,N,Not at Intersection,N,Non-Junction,None,,,         ,Edward,Starke,,"Sideswipe, Same Direction",no,no,no,no,yes,False
102872311,METROPOLITAN NASHVILLE POLICE DEPT,20210012332,Davidson,Nashville,1/7/2021 1:09:00 PM,2,0,0,36.146330,-86.846880,50TH AVN,,,,31.00,Feet,South,IDAHO AV,,,,0.00,N,Not at Intersection, ,Non-Junction,None,,,         ,Viviyonne,Lee,Cloudy,Front to Rear,no,no,no,no,no,False
102872336,METROPOLITAN NASHVILLE POLICE DEPT,20210012540,Davidson,Nashville,1/7/2021 2:56:00 PM,2,0,0,36.168470,-86.687520,LEBANON PKE,,,,131.00,Feet,East,BRILEY PKWY N ENT RAMP,,,,0.00,N,Not at Intersection, ,,None,,,         ,Douglas,Mann,,,no,no,no,no,no,False
102872349,METROPOLITAN NASHVILLE POLICE DEPT,20210012531,Davidson,Nashville,1/7/2021 12:00:00 AM,2,0,0,36.182640,-86.758580,N 9TH ST,,,,23.00,Feet,North,MANSFIELD ST,,,,0.00,N,Not at Intersection,N,Non-Junction,None,,,         ,Maryanne,Bartello,,Unknown,no,no,no,no,yes,False
102872354,METROPOLITAN NASHVILLE POLICE DEPT,20210012544,Davidson,Nashville,1/7/2021 3:15:00 PM,2,0,0,36.172980,-86.601020,CENTRAL PKE,,,,28.00,Feet,West,BURNING TREE DR,,,,0.00,N,Not at Intersection, ,Non-Junction,None,,,         ,Nathaniel,Jones,,Front to Rear,no,no,no,no,no,False
102872358,METROPOLITAN NASHVILLE POLICE DEPT,20210012516,Davidson,Nashville,1/7/2021 3:08:00 PM,1,1,0,36.047840,-86.612050,MURFREESBORO PKE,,,,1284.00,Feet,North,MOUNTAIN SPRINGS RD,,,,0.00,N,Not at Intersection,N,Non-Junction,None,,,         ,Lisa,Beck,,Not Collision with Motor Vehicle in Transport,yes,no,no,no,yes,False
102872377,METROPOLITAN NASHVILLE POLICE DEPT,20210012652,Davidson,Nashville,1/7/2021 3:50:00 PM,1,0,0,36.180060,-86.810590,BUCHANAN ST,,,,132.00,Feet,East,DR D B TODD JR BLVD,,,,0.00,N,Not at Intersection, ,Non-Junction,None,,,         ,Cory,Fetner,,Not Collision with Motor Vehicle in Transport,no,no,no,yes,yes,False
102872389,METROPOLITAN NASHVILLE POLICE DEPT,20210012677,Davidson,Nashville,1/7/2021 3:46:00 PM,1,0,0,36.176770,-86.789040,5TH AVN,,,,0.00,Feet,West,MONROE ST,,,,0.00,N,Not at Intersection, ,Non-Junction,None,,,         ,Brandon,Chapman,,Not Collision with Motor Vehicle in Transport,no,no,no,no,yes,False
102872394,METROPOLITAN NASHVILLE POLICE DEPT,20210012559,Davidson,Nashville,1/7/2021 3:30:00 PM,2,0,0,36.078370,-86.633790,BELL RD,,,,0.00,Feet,East,BELL RD PVTDR,,,,0.00,N,Not at Intersection, ,,None,,,         ,Steven,Powers,,,no,no,no,no,no,False
102872395,METROPOLITAN NASHVILLE POLICE DEPT,20210012589,Davidson,Nashville,1/7/2021 3:44:00 PM,1,1,0,36.073160,-86.635730,BELL RD,,,,489.00,Feet,North,MURFREESBORO PKE,,,,0.00,N,Not at Intersection,N,Non-Junction,None,,,         ,Steven,Powers,,Not Collision with Motor Vehicle in Transport,yes,no,no,yes,no,False
102872397,METROPOLITAN NASHVILLE POLICE DEPT,20210012488,Davidson,Nashville,1/7/2021 12:00:00 AM,2,0,0,36.039870,-86.741570,OLD HICKORY BLVD,,,,565.00,Feet,East,EDMONDSON PKE,,,,0.00,N,Not at Intersection,N,Non-Junction,None,,,         ,Maccio,Hightower,,Unknown,no,no,no,yes,yes,False
102872398,THP District 3 - Nashville,321001614,Davidson,Not in City Limit,1/7/2021 2:35:00 PM,2,0,0,36.266350,-86.742460,OLD HICKORY BLVDW,,,,456.00,Feet,East,LINCOLN PK,,,,0.00,N,Not at Intersection,N,Non-Junction,None,,,         ,Randall retired,Cole retired,Cloudy,"Sideswipe, Same Direction",no,no,no,no,no,False
102872400,METROPOLITAN NASHVILLE POLICE DEPT,20210012638,Davidson,Nashville,1/7/2021 3:55:00 PM,2,0,0,36.104400,-86.716400,I 24,,,,0.00,,,,,,,54.20,N,Not at Intersection, ,Non-Junction,None,,,         ,Edward,Starke,,"Sideswipe, Same Direction",no,no,no,no,no,False
102872406,METROPOLITAN NASHVILLE POLICE DEPT,20210012722,Davidson,Antioch,1/7/2021 4:32:00 PM,2,0,0,36.016710,-86.619920,OLD HICKORY BLVD,,,,50.00,Feet,South,FIRESTONE PKWY,,,,0.00,N,Not at Intersection, ,Non-Junction,None,,,         ,Lisa,Beck,,Front to Rear,no,no,no,yes,yes,False
102872407,METROPOLITAN NASHVILLE POLICE DEPT,20200012721,Davidson,Nashville,1/7/2021 4:32:00 PM,2,0,0,36.155800,-86.780140,8TH AVS,,,,0.00,,,CLARK PL,,,,0.00,Y,T-Intersection, ,Intersection,None,,,         ,Joshua,Reece,Clear,Angle,no,no,no,no,no,False
102872413,METROPOLITAN NASHVILLE POLICE DEPT,20210012489,Davidson,Nashville,1/7/2021 2:52:00 PM,2,0,0,36.227610,-86.759650,DICKERSON PKE,,,,650.00,Feet,South,BROADMOOR DR,,,,0.00,N,Not at Intersection,N,"Driveway, Alley Access, etc",None,,,         ,Wesley,Henderson,Cloudy,Front to Rear,no,no,no,no,yes,False
102872420,METROPOLITAN NASHVILLE POLICE DEPT,20210012839,Davidson,Nashville,1/7/2021 5:20:00 PM,2,0,0,36.139220,-86.778390,8TH AVS,,,,0.00,,,HAMILTON AV,,,,0.00,Y,T-Intersection,Y,Intersection,None,,,         ,Edin,Plancic,,Angle,no,no,no,no,yes,False
102872421,METROPOLITAN NASHVILLE POLICE DEPT,20210012803,Davidson,Nashville,1/7/2021 5:00:00 PM,2,0,0,36.109950,-86.734790,THOMPSON LN,,,,57.00,Feet,West,WINGATE AV,,,,0.00,N,Not at Intersection,N,Non-Junction,Construction Zone,Laneclosure,Advanced Warning Area,         ,Beri,Scott,,Front to Rear,no,no,no,no,no,False
102872436,METROPOLITAN NASHVILLE POLICE DEPT,20210012756,Davidson,Nashville,1/7/2021 4:17:00 PM,2,0,0,36.124980,-86.847640,WOODMONT BLVD,,,,0.00,,,WHITE BRIDGE PKE,,,,0.00,Y,Four-Way, ,,None,,,         ,Matthew,Turppa,,,no,no,no,no,no,False
102872438,METROPOLITAN NASHVILLE POLICE DEPT,20210012872,Davidson,Nashville,1/7/2021 5:43:00 PM,2,0,0,36.046010,-86.675630,BELL RD,,,,390.00,Feet,West,BLUE HOLE RD,,,,0.00,N,Not at Intersection, ,,None,,,         ,Tyler,Geiger,,,no,no,no,no,no,False
102872447,METROPOLITAN NASHVILLE POLICE DEPT,20210012930,Davidson,Nashville,1/7/2021 4:44:00 PM,2,0,0,36.192710,-86.744370,DOUGLAS AV,,,,0.00,,,GALLATIN AV,,,,0.00,Y,Four-Way, ,Intersection,None,,,         ,Richard,Conger,Clear,Angle,no,no,no,no,no,False
102872450,METROPOLITAN NASHVILLE POLICE DEPT,20210012862,Davidson,Nashville,1/7/2021 5:30:00 PM,2,0,0,36.124430,-86.728090,I 24,,,,0.00,,,,,,,52.60,N,Not at Intersection,N,Non-Junction,None,,,         ,Edward,Starke,Clear,Front to Rear,no,no,no,no,yes,False
102872452,METROPOLITAN NASHVILLE POLICE DEPT,20210012953,Davidson,Nashville,1/7/2021 6:15:00 PM,2,0,0,36.153300,-86.842260,ALABAMA AV,,,,0.00,,,46TH AVN,,,,0.00,Y,Four-Way,N,Intersection,None,,,         ,Hillary,Sherman,,Angle,no,no,no,no,yes,False
102872454,METROPOLITAN NASHVILLE POLICE DEPT,20210012676,Davidson,Nashville,1/7/2021 4:10:00 PM,2,0,0,36.150150,-86.793190,ROY ACUFF PL,,,,0.00,,,MUSIC SQW,,,,0.00,Y,Four-Way,N,Intersection,None,,,         ,Jacob,Robbins,,Angle,no,no,no,no,no,False
102872457,METROPOLITAN NASHVILLE POLICE DEPT,20210012809,Davidson,Nashville,1/7/2021 5:12:00 PM,2,0,0,36.157490,-86.770420,PEABODY ST,,,,30.00,Feet,East,HERMITAGE AV,,,,0.00,N,Not at Intersection,N,Non-Junction,None,,,         ,Trevor,Taylor,Clear,"Sideswipe, Opposite Direction",no,no,no,no,yes,False
102872465,METROPOLITAN NASHVILLE POLICE DEPT,20210012917,Davidson,Nashville,1/7/2021 12:00:00 AM,2,1,0,36.091350,-86.828500,HARDING PL,,,,0.00,,,US HWY 431,,,,0.00,Y,Four-Way,N,Intersection-Related,None,,,         ,Sekou,Samassi,,Front to Rear,no,no,no,no,no,False
102872468,METROPOLITAN NASHVILLE POLICE DEPT,20210012786,Davidson,Not in City Limit,1/7/2021 4:56:00 PM,2,0,0,36.264710,-86.737560,OLD HICKORY BLVDW,,,,692.00,Feet,East,I65 S ENT RAMP,,,,0.00,N,Not at Intersection,N,Non-Junction,None,,,         ,Christopher,Littles,,Front to Rear,no,no,no,no,no,False
102872469,METROPOLITAN NASHVILLE POLICE DEPT,20210012982,Davidson,Not in City Limit,1/7/2021 6:21:00 PM,2,0,0,36.266680,-86.710940,GALLATIN PKEN,,,,81.00,Feet,South,DUPONT AV,,,,0.00,N,Not at Intersection,N,Non-Junction,None,,,         ,Christopher,Littles,,Front to Rear,no,no,no,no,no,False
102872475,METROPOLITAN NASHVILLE POLICE DEPT,20210012945,Davidson,Nashville,1/7/2021 6:16:00 PM,2,0,0,36.028630,-86.672580,BLUE HOLE RD,,,,123.00,Feet,North,PETTUS RD,,,,0.00,N,Not at Intersection,N,Non-Junction,None,,,         ,Nadine,Klemenz,Cloudy,HeadOn,no,no,no,no,yes,False
102872491,METROPOLITAN NASHVILLE POLICE DEPT,20210012837,Davidson,Nashville,1/7/2021 5:28:00 PM,2,0,0,36.234800,-86.724270,BRILEY PKWYE,,,,2.00,Feet,West,BRILEY PKWY E EXT RAMP,,,,0.00,N,Not at Intersection,N,Non-Junction,None,,,         ,Zachary,Aldrich,,Front to Rear,no,no,no,no,yes,False
102872503,METROPOLITAN NASHVILLE POLICE DEPT,20210012967,Davidson,Nashville,1/7/2021 6:30:00 PM,1,1,0,36.051300,-86.623620,MT VIEW RD,,,,273.00,Feet,West,MT VIEW CIR,,,,0.00,N,Not at Intersection,N,Non-Junction,None,,,         ,Cooper,HIll,,Not Collision with Motor Vehicle in Transport,no,no,no,no,no,False
102872518,METROPOLITAN NASHVILLE POLICE DEPT,20210013145,Davidson,Nashville,1/7/2021 8:06:00 PM,2,0,0,36.045220,-86.659090,BELL RD,,,,1.00,Feet,East,I24 E ENT RAMP,,,,0.00,N,Not at Intersection,N,Non-Junction,None,,,         ,Tyler,Geiger,Clear,"Sideswipe, Same Direction",no,no,no,no,yes,False
102872535,METROPOLITAN NASHVILLE POLICE DEPT,20210013172,Davidson,Nashville,1/7/2021 8:16:00 PM,2,2,0,36.150150,-86.857950,CHARLOTTE PKE,,,,0.00,,,WHITE BRIDGE PKE,,,,0.00,Y,Four-Way,N,Intersection,None,,,         ,Ryan,Malone,,Angle,no,no,no,no,no,False
102872542,GOODLETTSVILLE POLICE DEPT,21-00650,Davidson,Goodlettsville,1/7/2021 5:21:00 PM,2,2,0,36.326000,-86.702270,E CEDAR ST,,,,360.00,Feet,North,LONG HOLLOW PKE,,,,0.00,N,Not at Intersection,N,Non-Junction,None,,,         ,Daniel,Knalls,Clear,Angle,no,no,no,no,no,False
102872543,METROPOLITAN NASHVILLE POLICE DEPT,20210013166,Davidson,Nashville,1/7/2021 7:46:00 PM,2,0,0,36.127270,-86.844330,HARDING PKE,,,,171.00,Feet,West,WOODLAWN DR,,,,0.00,N,Not at Intersection,N,Non-Junction,None,,,         ,Torian,Cox,Rain,Angle,no,no,no,no,no,False
102872548,METROPOLITAN NASHVILLE POLICE DEPT,20210013278,Davidson,Nashville,1/7/2021 12:00:00 AM,2,0,0,36.111180,-86.755230,SIDCO DR,,,,0.00,,,STATE HWY 155,,,,0.00,Y,T-Intersection,Y,Intersection-Related,None,,,         ,Sekou,Samassi,,Front to Rear,no,no,no,no,no,False
102872558,METROPOLITAN NASHVILLE POLICE DEPT,20210013336,Davidson,Not in City Limit,1/7/2021 10:00:00 PM,2,0,0,36.263070,-86.711920,STATE RT 45,,,,0.00,,,OLD HICKORY BLVDW,,,,0.00,Y,Four-Way,N,Intersection,None,,,         ,Christopher,Littles,,"Sideswipe, Same Direction",no,no,no,no,yes,False
102872565,METROPOLITAN NASHVILLE POLICE DEPT,20210012954,Davidson,Madison,1/7/2021 12:00:00 AM,2,0,0,36.262820,-86.680970,STATE RT 45,,,,0.00,Feet,,RIO VISTA DR,,,,0.00,Y,OTHER,N,Non-Junction,None,,,         ,Zaire,Murray,Clear,"Sideswipe, Same Direction",no,no,no,no,yes,False
102872580,METROPOLITAN NASHVILLE POLICE DEPT,20210013376,Davidson,Nashville,1/7/2021 12:00:00 AM,2,0,0,36.147300,-86.744050,I 40,,,,0.00,,,,,,,212.00,N,Not at Intersection,N,Non-Junction,None,,,         ,Graham,Binkley,Cloudy,Front to Rear,no,no,no,no,no,False
102872581,METROPOLITAN NASHVILLE POLICE DEPT,20210013364,Davidson,Nashville,1/7/2021 7:00:00 PM,2,0,0,36.111140,-86.811320,HILLSBORO PKE,,,,25.00,Feet,South,GRAYBAR LN,,,,0.00,N,Not at Intersection, ,Non-Junction,None,,,         ,Michael,Hodges,,"Sideswipe, Same Direction",no,no,no,no,yes,False
102872600,METROPOLITAN NASHVILLE POLICE DEPT,20210013266,Davidson,Nashville,1/7/2021 9:15:00 PM,2,1,0,36.108730,-86.671790,DONELSON PKE,,,,365.00,Feet,South,KNAPP BLVD,,,,0.00,N,Not at Intersection,N,Non-Junction,None,,,         ,Michael,Fox,,Front to Rear,no,no,no,no,no,False
102872622,METROPOLITAN NASHVILLE POLICE DEPT,20210013869,Davidson,Nashville,1/8/2021 12:00:00 AM,1,0,0,36.203190,-86.777170,BRICK CHURCH PKE,,,,168.00,Feet,South,ARTIC AV,,,,0.00,N,Not at Intersection,N,Unknown,Unknown,,,         ,Joseph,Gawlowski,,Unknown,no,no,no,no,yes,False
102872630,METROPOLITAN NASHVILLE POLICE DEPT,20210013879,Davidson,Nashville,1/8/2021 12:00:00 AM,1,0,0,36.167730,-86.869360,BRILEY PKWYN,,,,187.00,Feet,South,BRILEY PKWYS,,,,0.00,N,Not at Intersection,N,Non-Junction,None,,,         ,Jonathan,Phipps,Clear,Not Collision with Motor Vehicle in Transport,no,no,no,no,yes,False
102872642,METROPOLITAN NASHVILLE POLICE DEPT,20210013943,Davidson,Nashville,1/8/2021 6:00:00 AM,2,0,0,36.151760,-86.768630,2ND AVS,,,,0.00,,,I40 W EXT RAMP,,,,0.00,Y,Four-Way,N,Intersection,None,,,         ,Daniel,Russett,Clear,"Sideswipe, Same Direction",no,no,no,no,no,False
102872644,METROPOLITAN NASHVILLE POLICE DEPT,2021-0012398,Davidson,Goodlettsville,1/7/2021 2:00:00 PM,2,0,0,36.301770,-86.693270,GALLATIN PKEN,,,,66.00,Feet,East,THE GALLERY AT RIVERGATE PVTDR,,,,0.00,N,Not at Intersection, ,,None,,,         ,Craig,Paschetti,,,no,no,no,no,no,False
102872649,METROPOLITAN NASHVILLE POLICE DEPT,20210013992,Davidson,Nashville,1/8/2021 7:00:00 AM,2,1,0,36.156480,-86.631270,I40 W EXT RAMP,,,,0.00,,,I 40,,,,0.00,Y,OTHER,N,Intersection,None,,,         ,Michael,Dance,,Front to Rear,no,no,no,no,yes,False
102872671,METROPOLITAN NASHVILLE POLICE DEPT,20210014060,Davidson,Madison,1/8/2021 7:50:00 AM,2,1,0,36.264070,-86.690280,STATE HWY 45,,,,0.00,,,MYATT DR,,,,0.00,Y,Four-Way,N,Intersection,None,,,         ,Travis,Baxter,Cloudy,Angle,no,no,no,no,no,False
102872699,METROPOLITAN NASHVILLE POLICE DEPT,20210014033,Davidson,Nashville,1/8/2021 7:30:00 AM,2,0,0,36.156890,-86.778790,6TH AVS,,,,0.00,,,,,,,0.00,,, ,Non-Junction,None,,,         ,Erik,Wagner,,Front to Rear,no,no,no,yes,no,False
102872701,METROPOLITAN NASHVILLE POLICE DEPT,20210014056,Davidson,Nashville,1/8/2021 12:00:00 AM,2,0,0,36.084820,-86.762360,ELYSIAN FIELDS RD,,,,150.00,Feet,West,SIDCO DR,,,,0.00,N,Not at Intersection,N,Non-Junction,None,,,         ,Earl,Davis,,Unknown,no,no,no,no,no,False
102872718,METROPOLITAN NASHVILLE POLICE DEPT,20210014131,Davidson,Nashville,1/8/2021 8:42:00 AM,2,0,0,36.164110,-86.777650,3RD AVN,,,,46.00,Feet,South,CHURCH ST,,,,0.00,N,Not at Intersection, ,Non-Junction,None,,,         ,Erik,Wagner,,"Sideswipe, Same Direction",no,no,no,no,no,False
102872724,METROPOLITAN NASHVILLE POLICE DEPT,20210014203,Davidson,Nashville,1/8/2021 9:18:00 AM,2,0,0,36.151590,-86.677530,ELM HILL PKE,,,,160.00,Feet,West,EMERY DR,,,,0.00,N,Not at Intersection,N,Non-Junction,None,,,         ,Michael,Dance,,Rear to Side,no,no,no,yes,yes,False
102872750,METROPOLITAN NASHVILLE POLICE DEPT,2021014275,Davidson,Nashville,1/8/2021 10:10:00 AM,2,0,0,36.157930,-86.791610,CHURCH ST,,,,0.00,,,14TH AVN,,,,0.00,Y,Four-Way,N,Intersection,None,,,         ,Joshua,Reece,,Angle,no,no,no,no,yes,False
102872758,METROPOLITAN NASHVILLE POLICE DEPT,20210014256,Davidson,Nashville,1/8/2021 9:25:00 AM,2,0,0,36.153950,-86.757330,I 40,,,,0.00,,,,,,,211.15,N,Not at Intersection,N,Non-Junction,None,,,         ,Keegan,Winchell,,"Sideswipe, Same Direction",no,no,no,no,yes,False
102872766,METROPOLITAN NASHVILLE POLICE DEPT,20210014341,Davidson,Not in City Limit,1/8/2021 10:50:00 AM,1,1,0,36.261030,-86.776200,BRICK CHURCH PIKE,,,,587.00,Feet,South,BELLSHIRE DR,,,,0.00,N,Not at Intersection,N,Non-Junction,None,,,         ,Travis,Baxter,Clear,Not Collision with Motor Vehicle in Transport,no,no,no,no,no,False
102872775,VANDERBILT UNIVERSITY POLICE,20210014151,Davidson,Nashville,1/8/2021 8:30:00 AM,2,0,0,36.110630,-86.763790,THOMPSON LN,,,,0.00,,,,,,,0.00,,Not at Intersection, ,OtherLocation,None,,,         ,Fred,Oakley,Cloudy,Front to Rear,no,no,no,yes,no,False
102872787,METROPOLITAN NASHVILLE POLICE DEPT,20210013966,Davidson,Nashville,1/8/2021 6:29:00 AM,3,0,0,36.086460,-86.698680,I24 W EXT RAMP,,,,0.00,Feet,,I 24,,,,0.00,Y,Four-Way,N,Intersection,None,,,         ,Chase,Carter,Cloudy,"Sideswipe, Opposite Direction",no,no,no,no,yes,False
102872789,METROPOLITAN NASHVILLE POLICE DEPT,20210014268,Davidson,Nashville,1/8/2021 9:40:00 AM,1,1,0,36.167640,-86.762130,SHELBY AV,,,,30.00,Feet,East,S 5TH ST,,,,0.00,N,Not at Intersection,N,Non-Junction,None,,,         ,Michael,Intrieri,,Unknown,no,yes,no,no,yes,False
102872803,METROPOLITAN NASHVILLE POLICE DEPT,20210014270,Davidson,Not in City Limit,1/8/2021 10:00:00 AM,2,0,0,36.320900,-86.850040,I 24,,,,0.00,,,,,,,36.05,N,Not at Intersection, ,Non-Junction,None,,,         ,Garren,Hoskins,Cloudy,"Sideswipe, Same Direction",no,no,no,no,no,False
102872828,METROPOLITAN NASHVILLE POLICE DEPT,20210014736,Davidson,Nashville,1/8/2021 11:25:00 AM,2,0,0,36.176760,-86.772820,SPRING ST,,,,0.00,,,I24 E ENT RAMP,,,,0.00,Y,OTHER,N,Non-Junction,None,,,         ,Russell,Freeman,Clear,"Sideswipe, Same Direction",no,no,no,no,no,False
102872834,METROPOLITAN NASHVILLE POLICE DEPT,20210014421,Davidson,Nashville,1/8/2021 11:31:00 AM,2,0,0,36.217080,-86.696380,MCGAVOCK PKE,,,,0.00,,,MUSIC VALLEY DR,,,,0.00,Y,Four-Way, ,Intersection,None,,,         ,Michael,Dance,,Front to Rear,no,no,no,no,no,False
102872855,METROPOLITAN NASHVILLE POLICE DEPT,20210014389,Davidson,Nashville,1/8/2021 11:09:00 AM,1,0,0,36.060990,-86.914350,HIGHWAY 100,,,,541.00,Feet,East,OLD HICKORY BLVD,,,,0.00,N,Not at Intersection,N,Non-Junction,None,,,         ,Curtis,Rich,Cloudy,Not Collision with Motor Vehicle in Transport,no,no,no,no,no,False
102872856,METROPOLITAN NASHVILLE POLICE DEPT,20210014423,Davidson,Nashville,1/8/2021 11:42:00 AM,2,1,0,36.085530,-86.690750,ANTIOCH PKE,,,,0.00,,,PERIMETER HILL DR,,,,0.00,Y,T-Intersection,N,Non-Junction,None,,,         ,Lee,Davis,Cloudy,Angle,no,no,no,no,no,False
102872904,GOODLETTSVILLE POLICE DEPT,21-00700,Davidson,Goodlettsville,1/8/2021 12:27:00 PM,2,0,0,36.315010,-86.711850,RIVERGATE PKWY,,,,269.00,Feet,West,DONALD AV,,,,0.00,N,Not at Intersection, ,Non-Junction,None,,,         ,William,Hunter,Cloudy,Angle,no,no,no,no,no,False
102872905,METROPOLITAN NASHVILLE POLICE DEPT,20210014559,Davidson,Madison,1/8/2021 12:50:00 PM,2,0,0,36.262240,-86.712190,US HWY 31E,,,,0.00,,,E OLD HICKORY BLVD,,,,0.00,Y,Four-Way, ,Non-Junction,None,,,         ,Travis,Baxter,Clear,Angle,no,no,no,no,no,False
102872923,METROPOLITAN NASHVILLE POLICE DEPT,20210014639,Davidson,Nashville,1/8/2021 1:40:00 PM,2,0,0,36.086310,-86.699150,HARDING PL,,,,148.00,Feet,West,I24 W ENT RAMP,,,,0.00,N,Not at Intersection, ,,None,,,         ,Chase,Carter,,,no,no,no,no,no,False
102872941,METROPOLITAN NASHVILLE POLICE DEPT,20210014616,Davidson,Nashville,1/8/2021 11:44:00 AM,1,0,0,36.069340,-86.633390,MURFREESBORO PKE,,,,946.00,Feet,North,FOREST VIEW DR,,,,0.00,N,Not at Intersection,N,Non-Junction,None,,,         ,Brian,Sherman,Cloudy,Not Collision with Motor Vehicle in Transport,no,no,no,no,yes,False
102873007,METROPOLITAN NASHVILLE POLICE DEPT,20210014727,Davidson,Goodlettsville,1/8/2021 2:30:00 PM,2,0,0,36.292100,-86.702940,GALLATIN PKEN,,,,53.00,Feet,South,RIVERGATE SQUARE PVTDR,,,,0.00,N,Not at Intersection, ,Non-Junction,None,,,         ,Kyle,Lund,Cloudy,Front to Rear,no,no,no,no,no,False
102873009,METROPOLITAN NASHVILLE POLICE DEPT,20210014377,Davidson,Nashville,1/8/2021 2:50:00 PM,2,0,0,36.158990,-86.775890,DEMONBREUN ST,,,,0.00,,,4TH AVS,,,,0.00,Y,Four-Way,N,Intersection,None,,,         ,Russell,Freeman,Cloudy,Angle,no,no,no,no,no,False
102873020,METROPOLITAN NASHVILLE POLICE DEPT,20210014714,Davidson,Antioch,1/8/2021 2:10:00 PM,2,2,0,36.026470,-86.588320,HICKORY WOODS DR,,,,16.00,Feet,North,MURFREESBORO PKE,,,,0.00,N,Not at Intersection,Y,OtherLocation,None,,,         ,Nathaniel,Myers,Cloudy,Angle,no,no,no,no,no,False
102873022,METROPOLITAN NASHVILLE POLICE DEPT,20210014802,Davidson,Nashville,1/8/2021 2:30:00 PM,2,0,0,36.131020,-86.755970,NOLENSVILLE PKE,,,,46.00,Feet,North,WOODYCREST AV,,,,0.00,N,Not at Intersection,N,Non-Junction,None,,,         ,Beri,Scott,Cloudy,Not Collision with Motor Vehicle in Transport,no,no,no,no,yes,False
102873026,METROPOLITAN NASHVILLE POLICE DEPT,20210014805,Davidson,Antioch,1/8/2021 3:21:00 PM,2,1,0,36.030260,-86.612610,OLD HICKORY BLVD,,,,3.00,Feet,North,LOGISTICS WAY,,,,0.00,N,Not at Intersection,N,Non-Junction,None,,,         ,Eric,Laury,,Front to Rear,no,no,no,no,no,False
102873039,METROPOLITAN NASHVILLE POLICE DEPT,20210014707,Davidson,Nashville,1/8/2021 2:29:00 PM,2,1,0,36.078850,-86.885210,HIGHWAY 100,,,,0.00,,,VAUGHNS GAP RD,,,,0.00,Y,T-Intersection,N,Intersection,None,,,         ,Matthew,Turppa,,Front to Rear,no,no,no,no,no,False
102873066,METROPOLITAN NASHVILLE POLICE DEPT,20210014906,Davidson,Nashville,1/8/2021 4:31:00 PM,3,0,0,36.171600,-86.768560,JAMES ROBERTSON PKWY,,,,154.00,Feet,East,INTERSTATE DR,,,,0.00,N,Not at Intersection, ,Non-Junction,None,,,         ,Gabriel,Vasquez,Cloudy,Front to Rear,no,no,no,no,no,False
102873068,METROPOLITAN NASHVILLE POLICE DEPT,20210014845,Davidson,Nashville,1/8/2021 3:51:00 PM,2,2,0,36.075620,-86.917480,HIGHWAY 70S,,,,394.00,Feet,East,PEBBLE BROOK,,,,0.00,N,Not at Intersection,N,Non-Junction,None,,,         ,Cody,MIller,,Angle,no,no,no,no,no,False