master_record_number,agency,agency_tracking_number,county,city,collision_date,vehicles_involved,number_injured,number_dead,latitude,longitude,roadway_name,roadway_suffix,roadway_number,roadway_local_id,distance_from_reference,miles-feet_indicator,direction_from_reference,intersection_road_name,intersection_road_name_suffix,intersection_road_number,intersection_local_id,mile_marker,intersection_indicator,intersect_type,interchange_related_indicator,relation_to_junction,work_zone_type,construction_maintenance_zone,construction_maintenance_zone_location,fatal_case_number,officer_first_name,officer_last_name,weather_condition(s),manner_of_crash,pedestrian,bicycle,scooter,parking,hitrun,mou
102876782,METROPOLITAN NASHVILLE POLICE DEPT,20210026288,Davidson,Nashville,1/14/2021 2:54:00 PM,2,0,0,36.170990,-86.767810,I 24,,,,0.00,,,,,,,48.60,N,Not at Intersection,N,Non-Junction,None,,,         ,Roy,Sain Jr.,Clear,Front to Rear,no,no,no,no,yes,False
102876786,METROPOLITAN NASHVILLE POLICE DEPT,2021-0024742,Davidson,Madison,1/13/2021 9:56:00 PM,1,0,1,36.272980,-86.729770,N GRAYCROFT AV,,,,0.00,,,NESBITT LN,,,,0.00,Y,Four-Way,N,Intersection,None,,,         ,Russell,Ward,Clear,Not Collision with Motor Vehicle in Transport,yes,no,no,no,no,False
102876790,METROPOLITAN NASHVILLE POLICE DEPT,20210026336,Davidson,Nashville,1/14/2021 3:00:00 PM,2,0,0,36.162480,-86.840120,44TH AVN,,,,480.00,Feet,North,ALBION ST,,,,0.00,N,Not at Intersection, ,Non-Junction,None,,,         ,Hillary,Sherman,,"Sideswipe, Same Direction",no,no,no,no,no,False
102876807,METROPOLITAN NASHVILLE POLICE DEPT,20210026353,Davidson,Nashville,1/14/2021 1:50:00 PM,2,0,0,36.068280,-86.718970,HAYWOOD LN,,,,50.00,Feet,East,NOLENSVILLE PKE,,,,0.00,N,Not at Intersection, ,Non-Junction,None,,,         ,Beri,Scott,Clear,Angle,no,no,no,no,no,False
102876814,METROPOLITAN NASHVILLE POLICE DEPT,20210026535,Davidson,Nashville,1/14/2021 4:25:00 PM,2,0,0,36.041370,-86.779790,FRANKLIN PIKE CIR,,,,210.00,Feet,North,OLD HICKORY BLVD,,,,0.00,N,Not at Intersection,N,Non-Junction,None,,,         ,John,McDonnell,,HeadOn,no,no,no,yes,yes,False
102876817,METROPOLITAN NASHVILLE POLICE DEPT,20210026179,Davidson,Nashville,1/14/2021 1:46:00 PM,2,0,0,36.160240,-86.760500,I 24,,,,0.00,,,,,,,49.45,N,Not at Intersection, ,,None,,,         ,Derek,Sibley,,,no,no,no,no,no,False
102876818,METROPOLITAN NASHVILLE POLICE DEPT,20210026613,Davidson,Nashville,1/5/2021 2:30:00 PM,2,0,0,36.149980,-86.760970,CLAIBORNE ST,,,,324.00,Feet,South,CANNON ST,,,,0.00,N,Not at Intersection,N,Non-Junction,None,,,         ,Derek,Sibley,,Angle,no,no,no,no,yes,False
102876834,METROPOLITAN NASHVILLE POLICE DEPT,20210026520,Davidson,Nashville,1/14/2021 4:00:00 PM,3,0,0,36.169490,-86.604910,I 40,,,,0.00,,,,,,,220.60,N,Not at Intersection, ,Non-Junction,None,,,         ,Jeffrey,Mullins,,Angle,no,no,no,no,no,False
102876839,METROPOLITAN NASHVILLE POLICE DEPT,20210026287,Davidson,Nashville,1/14/2021 2:37:00 PM,2,0,0,36.221120,-86.804900,WHITES CREEK PKE,,,,9.00,Feet,South,REVELS DR,,,,0.00,N,Not at Intersection,N,Non-Junction,None,,,         ,Alec,Pellissier,,Angle,no,no,no,no,yes,False
102876846,METROPOLITAN NASHVILLE POLICE DEPT,20210026631,Davidson,Nashville,1/14/2021 5:03:00 PM,2,2,0,36.064140,-86.629160,HAMILTON CHURCH RD,,,,313.00,Feet,South,MURFREESBORO PKE,,,,0.00,N,Not at Intersection,N,Non-Junction,None,,,         ,Nathaniel,Myers,,Angle,no,no,no,no,no,False
102876855,METROPOLITAN NASHVILLE POLICE DEPT,20210026540,Davidson,Nashville,1/14/2021 4:25:00 PM,2,0,0,36.151970,-86.848570,CHARLOTTE AV,,,,0.00,,,51ST AVN,,,,0.00,Y,Four-Way,N,Intersection,None,,,         ,Hillary,Sherman,,"Sideswipe, Same Direction",no,no,no,no,yes,False
102876856,METROPOLITAN NASHVILLE POLICE DEPT,20210026511,Davidson,Nashville,1/14/2021 4:14:00 PM,2,1,0,36.240740,-86.757370,DICKERSON PKE,,,,0.00,,,BRILEY PKWY E EXT RAMP,,,,0.00,Y,T-Intersection,N,Intersection,None,,,         ,Christopher,Littles,,Angle,no,no,no,no,yes,False
102876860,METROPOLITAN NASHVILLE POLICE DEPT,20210026706,Davidson,Not in City Limit,1/14/2021 5:16:00 PM,1,0,0,36.048150,-86.940730,HIGHWAY 100,,,,215.00,Feet,West,TRACE CREEK DR,,,,0.00,N,Not at Intersection,N,Non-Junction,None,,,         ,Eric,Westbrook,,Not Collision with Motor Vehicle in Transport,no,no,no,no,no,False
102876865,METROPOLITAN NASHVILLE POLICE DEPT,20210026676,Davidson,Nashville,1/14/2021 5:18:00 PM,2,0,0,36.172930,-86.600940,CENTRAL PKE,,,,0.00,,,BURNING TREE DR,,,,0.00,Y,T-Intersection,N,Intersection,None,,,         ,Zaire,Murray,,Angle,no,no,no,no,no,False
102876882,METROPOLITAN NASHVILLE POLICE DEPT,20210026736,Davidson,Nashville,1/14/2021 6:05:00 PM,1,0,0,36.066640,-86.686500,I 24,,,,0.00,,,,,,,57.25,N,Not at Intersection, ,,None,,,         ,Garrett,Latham,,,no,no,no,no,no,False
102876883,METROPOLITAN NASHVILLE POLICE DEPT,20210026627,Davidson,Nashville,1/14/2021 5:10:00 PM,2,0,0,36.155760,-86.796060,CHURCH ST,,,,46.00,Feet,West,17TH AVN,,,,0.00,N,Not at Intersection, ,Non-Junction,None,,,         ,Cory,Stratton,,"Sideswipe, Same Direction",no,no,no,no,no,False
102876885,METROPOLITAN NASHVILLE POLICE DEPT,20210026393,Davidson,Nashville,1/14/2021 5:47:00 PM,2,1,0,36.049940,-86.649440,MT VIEW RD,,,,22.00,Feet,East,BELL RD,,,,0.00,N,Not at Intersection,N,Non-Junction,None,,,         ,Lisa,Beck,,Front to Rear,no,no,no,no,yes,False
102876891,METROPOLITAN NASHVILLE POLICE DEPT,20210026712,Davidson,Goodlettsville,1/14/2021 4:41:00 PM,2,0,0,36.285910,-86.727660,I 65,,,,0.00,,,,,,,93.85,N,Not at Intersection, ,Non-Junction,None,,,         ,Michael,Foster,Clear,Front to Rear,no,no,no,no,no,False
102876893,METROPOLITAN NASHVILLE POLICE DEPT,20210026701,Davidson,Nashville,1/14/2021 5:48:00 PM,2,0,0,36.045420,-86.718350,OLD HICKORY BLVD,,,,0.00,Feet,East,HICKORY TRACE DR,,,,0.00,N,Not at Intersection, ,Non-Junction,None,,,         ,Emmanuel,Berger,,Front to Rear,no,no,no,no,no,False
102876894,METROPOLITAN NASHVILLE POLICE DEPT,20210026790,Davidson,Nashville,1/14/2021 2:00:00 PM,1,0,0,36.188920,-86.808100,11TH AVN,,,,161.00,Feet,North,CECILIA AV,,,,0.00,N,Not at Intersection, ,,None,,,         ,Jonathan,Sharp,,,no,no,no,no,no,False
102876896,METROPOLITAN NASHVILLE POLICE DEPT,20210026730,Davidson,Nashville,1/14/2021 6:00:00 PM,2,1,0,36.044620,-86.659440,I24 E ENT RAMP,,,,0.00,,,I 24,,,,0.00,Y,Y-Intersection,N,Entrance/Exit Ramp Related,None,,,         ,Beri,Scott,,Not Collision with Motor Vehicle in Transport,no,no,no,no,yes,False
102876897,METROPOLITAN NASHVILLE POLICE DEPT,20210026814,Davidson,Nashville,1/14/2021 6:47:00 PM,2,1,0,36.176870,-86.605630,OLD HICKORY BLVD,,,,0.00,Feet,East,I40 W ENT RAMP,,,,0.00,N,Not at Intersection,N,Non-Junction,None,,,         ,Zaire,Murray,,Front to Rear,no,no,no,no,no,False
102876903,METROPOLITAN NASHVILLE POLICE DEPT,20210026813,Davidson,Nashville,1/14/2021 6:26:00 PM,2,0,0,36.154630,-86.779160,LAFAYETTE ST,,,,0.00,Feet,,8TH AVS,,,,0.00,Y,Roundabout,Y,Intersection,None,,,         ,Philip,Claibourne,Clear,Angle,no,no,no,no,no,False
102876907,METROPOLITAN NASHVILLE POLICE DEPT,20210026733,Davidson,Nashville,1/14/2021 5:03:00 PM,2,0,0,36.203530,-86.776630,I 65,,,,0.00,,,,,,,87.10,N,Not at Intersection,N,Non-Junction,None,,,         ,Zachary,Aldrich,,Front to Rear,no,no,no,no,no,False
102876909,METROPOLITAN NASHVILLE POLICE DEPT,20210026848,Davidson,Nashville,1/14/2021 7:00:00 PM,2,0,0,36.059910,-86.623130,MURFREESBORO PKE,,,,1546.00,Feet,South,HAMILTON GLEN PL,,,,0.00,N,Not at Intersection, ,Non-Junction,None,,,         ,Eric,Laury,,Front to Rear,no,no,no,no,no,False
102876924,METROPOLITAN NASHVILLE POLICE DEPT,20210026842,Davidson,Nashville,1/14/2021 5:40:00 PM,2,0,0,36.157470,-86.801980,CHARLOTTE AV,,,,168.00,Feet,West,19TH AVN,,,,0.00,N,Not at Intersection, ,Non-Junction,None,,,         ,Brian,Warstadt,,Angle,no,no,no,no,no,False
102876930,METROPOLITAN NASHVILLE POLICE DEPT,20210027004,Davidson,Not in City Limit,1/14/2021 6:31:00 PM,2,0,0,36.319710,-86.895330,CLARKSVILLE PKE,,,,508.00,Feet,East,OLD CLARKSVILLE PKE,,,,0.00,N,Not at Intersection, ,Non-Junction,None,,,         ,Cory,Fetner,,"Sideswipe, Same Direction",no,no,no,no,yes,False
102876947,METROPOLITAN NASHVILLE POLICE DEPT,20210026373,Davidson,Nashville,1/14/2021 2:55:00 PM,2,0,0,36.248190,-86.742630,I 65,,,,0.00,,,,,,,91.05,N,Not at Intersection, ,,None,,,         ,Dillon,Gann,,,no,no,no,no,no,False
102876966,METROPOLITAN NASHVILLE POLICE DEPT,20210026906,Davidson,Nashville,1/14/2021 7:37:00 PM,2,2,0,36.100940,-86.818730,OVERHILL DR,,,,0.00,,,HILLSBORO PKE,,,,0.00,Y,Four-Way,N,Intersection,None,,,         ,Matthew,Turppa,,Angle,no,no,no,no,no,False
102876979,METROPOLITAN NASHVILLE POLICE DEPT,20210027055,Davidson,Nashville,1/14/2021 8:20:00 PM,2,0,0,36.121050,-86.703870,MURFREESBORO PKE,,,,115.00,Feet,North,GLENGARRY DR,,,,0.00,N,Not at Intersection,N,Non-Junction,None,,,         ,Beri,Scott,Clear,Front to Rear,no,no,no,no,yes,False
102876980,METROPOLITAN NASHVILLE POLICE DEPT,20210027011,Davidson,Nashville,1/14/2021 12:00:00 AM,2,0,0,36.155480,-86.765800,HERMITAGE AV,,,,0.00,,,ACADEMY PL,,,,0.00,Y,Four-Way,N,Intersection,None,,,         ,Trevor,Taylor,Clear,Angle,no,no,no,no,no,False
102876981,METROPOLITAN NASHVILLE POLICE DEPT,20210027052,Davidson,Nashville,1/14/2021 9:05:00 PM,2,1,0,36.215840,-86.763750,DICKERSON PKE,,,,202.00,Feet,North,LEMUEL RD,,,,0.00,N,Not at Intersection,N,Non-Junction,None,,,         ,Marc,Kozen,,"Sideswipe, Same Direction",no,no,no,no,no,False
102876982,METROPOLITAN NASHVILLE POLICE DEPT,20210026946,Davidson,Nashville,1/14/2021 7:50:00 PM,2,0,0,36.124980,-86.847640,WOODMONT BLVD,,,,0.00,,,WHITE BRIDGE PKE,,,,0.00,Y,Four-Way,Y,Intersection,None,,,         ,Lawrence,Whited,,Angle,no,no,no,no,no,False
102876994,METROPOLITAN NASHVILLE POLICE DEPT,20210027116,Davidson,Nashville,1/14/2021 9:07:00 PM,2,0,0,36.172080,-86.601810,OLD HICKORY BLVD,,,,210.00,Feet,South,PRINCETON PL,,,,0.00,N,Not at Intersection, ,Non-Junction,None,,,         ,Carey,Steel,Unknown,Angle,no,no,no,no,yes,False
102877012,METROPOLITAN NASHVILLE POLICE DEPT,20210027133,Davidson,Nashville,1/14/2021 10:15:00 PM,2,0,0,36.044930,-86.666970,BELL RD,,,,42.00,Feet,East,CEDAR POINTE PKWY,,,,0.00,N,Not at Intersection, ,Non-Junction,None,,,         ,Beri,Scott,,Angle,no,no,no,no,no,False
102877027,VANDERBILT UNIVERSITY POLICE,21025437,Davidson,Nashville,1/14/2021 6:36:00 AM,2,0,0,36.142710,-86.806510,HIGHLAND AVE,,,,0.00,,,25TH AVE S,,,,0.00,Y,Four-Way,N,Intersection,None,,,         ,Michael,Knupp,,Angle,no,no,no,no,no,Campus
102877037,METROPOLITAN NASHVILLE POLICE DEPT,20210027261,Davidson,Nashville,1/14/2021 11:25:00 PM,1,0,0,36.107100,-86.720650,GLENCLIFF RD,,,,0.00,,,NEESE DR,,,,0.00,Y,T-Intersection,N,Intersection,None,,,         ,Bryson,Wilkins,Rain,Not Collision with Motor Vehicle in Transport,no,no,no,no,yes,False
102877044,METROPOLITAN NASHVILLE POLICE DEPT,20210027360,Davidson,Nashville,1/15/2021 12:38:00 AM,2,0,0,36.073960,-86.921390,HIGHWAY 70S,,,,188.00,Feet,East,OLD HICKORY BLVD,,,,0.00,N,Not at Intersection,N,OtherLocation,None,,,         ,David,Moser,Rain,Angle,no,no,no,yes,yes,False
102877046,METROPOLITAN NASHVILLE POLICE DEPT,20210027305,Davidson,Nashville,1/15/2021 12:00:00 AM,2,0,0,36.138770,-86.700120,BRILEY PKWYN,,,,267.00,Feet,South,BRILEY PKWY,,,,0.00,N,Not at Intersection,N,Non-Junction,None,,,         ,Jacob,Ross,,Front to Rear,no,no,no,no,yes,False
102877051,METROPOLITAN NASHVILLE POLICE DEPT,20210027443,Davidson,Nashville,1/15/2021 2:21:00 AM,1,0,0,36.169470,-86.606550,I40 E EXT RAMP,,,,0.00,Feet,East,I 40,,,,0.00,N,Not at Intersection,N,Non-Junction,None,,,         ,Jason,Kedzierski,,Not Collision with Motor Vehicle in Transport,no,no,no,no,no,False
102877056,METROPOLITAN NASHVILLE POLICE DEPT,20210027264,Davidson,Nashville,1/14/2021 10:35:00 PM,2,0,0,36.214890,-86.718550,ARDEE AV,,,,422.00,Feet,East,SUNNYMEADE DR,,,,0.00,N,Not at Intersection,N,Non-Junction,None,,,         ,Shaquille,Graham,,"Sideswipe, Same Direction",no,no,no,no,yes,False
102877084,METROPOLITAN NASHVILLE POLICE DEPT,20210027648,Davidson,Nashville,1/15/2021 5:35:00 AM,1,1,0,36.045370,-86.713260,OLD HICKORY BLVD,,,,0.00,,,NOLENSVILLE PKE,,,,0.00,Y,Four-Way,N,Intersection,None,,,         ,Bryce,Hatten,Clear,Not Collision with Motor Vehicle in Transport,yes,no,no,no,yes,False
102877085,METROPOLITAN NASHVILLE POLICE DEPT,20210027622,Davidson,Nashville,1/15/2021 5:10:00 AM,1,0,0,36.237760,-86.628720,OLD HICKORY BLVD,,,,531.00,Feet,East,FELLOWSHIP LN,,,,0.00,N,Not at Intersection,N,Non-Junction,None,,,         ,Jason,Kedzierski,,Not Collision with Motor Vehicle in Transport,no,no,no,no,no,False
102877086,METROPOLITAN NASHVILLE POLICE DEPT,20210027625,Davidson,Nashville,1/15/2021 5:15:00 AM,1,0,0,36.070290,-86.684540,ANTIOCH PKE,,,,0.00,,,HAYWOOD LN,,,,0.00,Y,T-Intersection,N,Intersection-Related,None,,,         ,Holly,Davis,Rain,Not Collision with Motor Vehicle in Transport,no,no,no,no,no,False
102877100,METROPOLITAN NASHVILLE POLICE DEPT,20210026245,Davidson,Nashville,1/14/2021 2:18:00 PM,2,0,0,36.110970,-86.746070,THOMPSON LN,,,,50.00,Feet,West,ELIZABETH ST,,,,0.00,N,Not at Intersection,N,Non-Junction,None,,,         ,Earl,Davis,,Angle,no,no,no,no,no,False
102877101,METROPOLITAN NASHVILLE POLICE DEPT,20210027670,Davidson,Nashville,1/15/2021 5:53:00 AM,2,0,0,36.174800,-86.746190,RUSSELL ST,,,,0.00,,,S 14TH ST,,,,0.00,Y,T-Intersection, ,Intersection,None,,,         ,Matthew,Jankiewicz,,Angle,no,no,no,no,no,False
102877103,METROPOLITAN NASHVILLE POLICE DEPT,20210023184,Davidson,Nashville,1/13/2021 7:30:00 AM,2,0,0,36.147430,-86.799390,GRAND AV,,,,0.00,,,21ST AVS,,,,0.00,Y,Four-Way, ,Intersection,None,,,         ,Hendrik,Kruger,,Front to Rear,no,no,no,no,no,Campus
102877127,METROPOLITAN NASHVILLE POLICE DEPT,20210027692,Davidson,Nashville,1/15/2021 6:50:00 AM,2,1,0,36.170360,-86.806160,I 40,,,,0.00,,,,,,,207.30,N,Not at Intersection,N,Non-Junction,None,,,         ,Andrey,Volfson,Clear,"Sideswipe, Same Direction",no,no,no,no,no,False
102877129,METROPOLITAN NASHVILLE POLICE DEPT,20210027686,Davidson,Nashville,1/15/2021 6:30:00 AM,2,0,0,36.153460,-86.764450,I 40,,,,0.00,,,,,,,210.70,N,Not at Intersection, ,Non-Junction,None,,,         ,Erik,Wagner,Clear,Angle,no,no,no,no,no,False
102877131,METROPOLITAN NASHVILLE POLICE DEPT,2021027739,Davidson,Nashville,1/15/2021 7:15:00 AM,2,0,0,36.176880,-86.776180,COWAN ST,,,,0.00,,,SPRING ST,,,,0.00,Y,Four-Way,N,Intersection,None,,,         ,Wesley,Young,Clear,Front to Rear,no,no,no,no,no,False
102877135,METROPOLITAN NASHVILLE POLICE DEPT,20210027703,Davidson,Nashville,1/15/2021 6:43:00 AM,2,0,0,36.077090,-86.725560,WALLACE RD,,,,0.00,,,NOLENSVILLE PKE,,,,0.00,Y,Four-Way,N,Intersection,None,,,         ,Earl,Davis,,Angle,no,no,no,no,yes,False
102877149,METROPOLITAN NASHVILLE POLICE DEPT,20210027740,Davidson,Nashville,1/15/2021 7:15:00 AM,2,0,0,36.243930,-86.756730,DOVERSIDE DR,,,,46.00,Feet,West,SKYLINE MEMORIAL CT,,,,0.00,N,Not at Intersection, ,Non-Junction,None,,,         ,Darrin,Hardin,,Front to Rear,no,no,no,no,no,False
102877155,METROPOLITAN NASHVILLE POLICE DEPT,20210027881,Davidson,Nashville,1/15/2021 8:35:00 AM,2,0,0,36.141050,-86.814310,31ST AVS,,,,85.00,Feet,South,VANDERBILT PL,,,,0.00,N,Not at Intersection, ,Non-Junction,None,,,         ,Earl,Davis,,Front to Rear,no,no,no,no,no,Campus
102877158,METROPOLITAN NASHVILLE POLICE DEPT,20210027913,Davidson,Nashville,1/15/2021 9:01:00 AM,2,0,0,36.178890,-86.605900,I40 W ENT RAMP,,,,0.00,,,OLD HICKORY BLVD,,,,0.00,Y,OTHER,Y,Entrance/Exit Ramp Related,None,,,         ,Michael,Brooks,Clear,"Sideswipe, Same Direction",no,no,no,no,yes,False
102877159,METROPOLITAN NASHVILLE POLICE DEPT,20210027880,Davidson,Not in City Limit,1/15/2021 8:40:00 AM,1,1,0,36.267440,-86.765030,DEVONSHIRE DR,,,,258.00,Feet,North,DARBYTOWN DR,,,,0.00,N,Not at Intersection,N,Non-Junction,None,,,         ,Travis,Baxter,Clear,Not Collision with Motor Vehicle in Transport,no,no,no,no,no,False
102877182,METROPOLITAN NASHVILLE POLICE DEPT,20210027724,Davidson,Nashville,1/15/2021 12:00:00 AM,1,0,0,36.155940,-86.823310,I440 W EXT RAMP,,,,53.00,Feet,North,I 40,,,,0.00,N,Not at Intersection,N,Non-Junction,None,,,         ,Cody,Jaworski,,Not Collision with Motor Vehicle in Transport,no,no,no,no,yes,False
102877189,METROPOLITAN NASHVILLE POLICE DEPT,20210027821,Davidson,Nashville,1/15/2021 8:08:00 AM,2,1,0,36.158460,-86.791470,I 40,,,,0.00,,,,,,,208.90,N,Not at Intersection,N,Non-Junction,None,,,         ,Henry,Perez,Clear,Front to Rear,no,no,no,no,no,False
102877211,METROPOLITAN NASHVILLE POLICE DEPT,20210028030,Davidson,Nashville,1/15/2021 10:03:00 AM,2,0,0,36.136030,-86.698680,BRILEY PKWYN,,,,0.00,,,CORPORATE DR,,,,0.00,Y,Four-Way,N,Intersection,None,,,         ,Michael,Brooks,Clear,Front to Rear,no,no,no,no,yes,False
102877212,METROPOLITAN NASHVILLE POLICE DEPT,20210027730,Davidson,Not in City Limit,1/15/2021 12:00:00 AM,1,0,0,36.032390,-86.990300,HIGHWAY 100,,,,442.00,Feet,East,OLD HARDING PKE,,,,0.00,N,Not at Intersection,N,Non-Junction,None,,,         ,Curtis,Rich,Unknown,Not Collision with Motor Vehicle in Transport,no,no,no,no,yes,False
102877230,METROPOLITAN NASHVILLE POLICE DEPT,20210027964,Davidson,Nashville,1/15/2021 9:31:00 AM,2,0,0,36.210090,-86.873100,ASHLAND CITY HWY,,,,0.00,,,ASHLAND CITY HWY WB ENT RAMP,,,,0.00,Y,Y-Intersection, ,Non-Junction,None,,,         ,James,Wray,,Front to Rear,no,no,no,no,no,False
102877247,METROPOLITAN NASHVILLE POLICE DEPT,20210028081,Davidson,Nashville,1/15/2021 10:28:00 AM,2,0,0,36.082010,-86.761440,HARDING PL,,,,83.00,Feet,East,SIDCO DR,,,,0.00,N,Not at Intersection, ,Non-Junction,None,,,         ,John,Robish,,Front to Rear,no,no,no,no,no,False
102877249,METROPOLITAN NASHVILLE POLICE DEPT,20210028129,Davidson,Nashville,1/15/2021 10:45:00 AM,2,0,0,36.134730,-86.709580,HAROLD DR,,,,72.00,Feet,South,NORCROSS DR,,,,0.00,N,Not at Intersection,N,Non-Junction,None,,,         ,Michael,Brooks,Clear,Front to Rear,no,no,no,no,yes,False
102877250,METROPOLITAN NASHVILLE POLICE DEPT,20210028010,Davidson,Nashville,1/15/2021 8:47:00 AM,2,1,0,36.183210,-86.797860,I65 N ENT RAMP,,,,0.00,Feet,East,I 65,,,,0.00,N,Not at Intersection,N,Entrance/Exit Ramp Related,None,,,         ,Nicholas,Kiraly,,Front to Rear,no,no,no,no,no,False
102877262,METROPOLITAN NASHVILLE POLICE DEPT,20210027780,Davidson,Nashville,1/15/2021 7:40:00 AM,2,0,0,36.081260,-86.726850,NOLENSVILLE PKE,,,,506.00,Feet,South,WELSHWOOD DR,,,,0.00,N,Not at Intersection, ,Non-Junction,None,,,         ,Chase,Carter,Clear,Angle,no,no,no,no,no,False
102877275,METROPOLITAN NASHVILLE POLICE DEPT,2021028060,Davidson,Nashville,1/15/2021 10:03:00 AM,2,0,0,36.161250,-86.785010,YMCA WAY,,,,0.00,,,,,,,0.00,,, ,OtherLocation,None,,,         ,Joshua,Reece,Clear,"Sideswipe, Opposite Direction",no,no,no,yes,no,False
102877282,METROPOLITAN NASHVILLE POLICE DEPT,20210028210,Davidson,Nashville,1/15/2021 10:45:00 AM,2,0,0,36.075890,-86.652650,CLAPHAM RD,,,,363.00,Feet,South,SPLIT OAK DR,,,,0.00,N,Not at Intersection, ,Non-Junction,None,,,         ,Lynsey,Fish,Clear,Front to Rear,no,no,no,no,yes,False
102877285,METROPOLITAN NASHVILLE POLICE DEPT,20210027965,Davidson,Nashville,1/15/2021 9:30:00 AM,2,0,0,36.204090,-86.743130,E TRINITY LN,,,,0.00,,,DOZIER PL,,,,0.00,Y,Four-Way, ,Intersection,None,,,         ,Jeremy,Arnold,,"Sideswipe, Same Direction",no,no,no,no,no,False
102877286,METROPOLITAN NASHVILLE POLICE DEPT,20210028198,Davidson,Nashville,1/15/2021 11:35:00 AM,2,0,0,36.243890,-86.756580,SKYLINE MEMORIAL CT,,,,0.00,,,DICKERSON PKE,,,,0.00,Y,Four-Way, ,,None,,,         ,Travis,Baxter,,,no,no,no,no,no,False
102877298,METROPOLITAN NASHVILLE POLICE DEPT,20210028222,Davidson,Nashville,1/15/2021 12:00:00 AM,2,0,0,36.244180,-86.762210,SKYLINE COMMONS PVTDR,,,,0.00,Feet,East,DOVERSIDE DR,,,,0.00,N,Not at Intersection,N,Non-Junction,None,,,         ,Keenan,McCann,Cloudy,"Sideswipe, Opposite Direction",no,no,no,yes,yes,False
102877304,METROPOLITAN NASHVILLE POLICE DEPT,20210028250,Davidson,Nashville,1/15/2021 12:18:00 PM,2,1,0,36.206200,-86.772600,W TRINITY LN,,,,260.00,Feet,East,I65 N ENT RAMP,,,,0.00,N,Not at Intersection,N,Non-Junction,None,,,         ,Megan,Lamon,,Front to Rear,no,no,no,no,no,False
102877317,METROPOLITAN NASHVILLE POLICE DEPT,20210028161,Davidson,Nashville,1/15/2021 11:14:00 AM,2,0,0,36.106080,-86.718360,I 24,,,,0.00,,,,,,,54.00,N,Not at Intersection,N,Non-Junction,None,,,         ,Brian,Sherman,Clear,"Sideswipe, Same Direction",no,no,no,no,no,False
102877324,METROPOLITAN NASHVILLE POLICE DEPT,20210027763,Davidson,Not in City Limit,1/15/2021 7:32:00 AM,1,1,0,36.124570,-86.926390,RIVER ROAD PKE,,,,1185.00,Feet,North,OLD CHARLOTTE PKE,,,,0.00,N,Not at Intersection,N,Non-Junction,None,,,         ,Jack,Crouch,Clear,Not Collision with Motor Vehicle in Transport,no,no,no,no,no,False
102877328,METROPOLITAN NASHVILLE POLICE DEPT,2021028238,Davidson,Nashville,1/15/2021 12:00:00 PM,2,0,0,36.167120,-86.779550,US HWY 31,,,,0.00,,,3RD AVE N,,,,0.00,Y,Four-Way, ,Intersection,None,,,         ,Wesley,Young,Clear,Angle,no,no,no,no,no,False
102877394,METROPOLITAN NASHVILLE POLICE DEPT,20210028291,Davidson,Nashville,1/15/2021 12:36:00 PM,2,0,0,36.084550,-86.728020,NOLENSVILLE PKE,,,,114.00,Feet,South,PARAGON MILLS RD,,,,0.00,N,Not at Intersection, ,"Driveway, Alley Access, etc",None,,,         ,Todd,Watson,Clear,Angle,no,no,no,no,no,False
102877395,METROPOLITAN NASHVILLE POLICE DEPT,20210028417,Davidson,Nashville,1/15/2021 1:40:00 PM,2,0,0,36.152560,-86.802760,21ST AVN,,,,33.00,Feet,North,CHURCH ST,,,,0.00,N,Not at Intersection, ,Non-Junction,None,,,         ,Dakota,Davis,,Angle,no,no,no,no,no,Campus
102877404,METROPOLITAN NASHVILLE POLICE DEPT,20210028351,Davidson,Nashville,1/15/2021 1:00:00 PM,2,0,0,36.232750,-86.747190,ELLINGTON PKWYN,,,,2.00,Feet,South,I65 N ENT RAMP,,,,0.00,N,Not at Intersection,N,Non-Junction,None,,,         ,Darrin,Hardin,,Not Collision with Motor Vehicle in Transport,no,no,no,no,no,False
102877412,METROPOLITAN NASHVILLE POLICE DEPT,20210028397,Davidson,Nashville,1/15/2021 1:00:00 PM,1,0,0,36.086920,-86.688500,EZELL PKE,,,,321.00,Feet,South,ANTIOCH PKE,,,,0.00,N,Not at Intersection, ,Non-Junction,None,,,         ,Michael,Moss,Clear,Not Collision with Motor Vehicle in Transport,no,no,no,no,no,False
102877498,METROPOLITAN NASHVILLE POLICE DEPT,2021028471,Davidson,Nashville,1/15/2021 2:31:00 PM,2,1,0,36.158410,-86.790610,CHURCH ST,,,,0.00,,,GEORGE L DAVIS BLVD,,,,0.00,Y,Four-Way,N,Intersection,None,,,         ,Joshua,Reece,,Front to Rear,no,no,no,no,no,False
102877499,METROPOLITAN NASHVILLE POLICE DEPT,20210028529,Davidson,Nashville,1/15/2021 3:05:00 PM,2,1,0,36.070430,-86.730190,WHISPERING HILLS DR,,,,131.00,Feet,South,ADAMWOOD DR,,,,0.00,N,Not at Intersection,N,"Driveway, Alley Access, etc",None,,,         ,Darci,Stechman,,Angle,no,no,no,no,no,False