master_record_number,agency,agency_tracking_number,county,city,collision_date,vehicles_involved,number_injured,number_dead,latitude,longitude,roadway_name,roadway_suffix,roadway_number,roadway_local_id,distance_from_reference,miles-feet_indicator,direction_from_reference,intersection_road_name,intersection_road_name_suffix,intersection_road_number,intersection_local_id,mile_marker,intersection_indicator,intersect_type,interchange_related_indicator,relation_to_junction,work_zone_type,construction_maintenance_zone,construction_maintenance_zone_location,fatal_case_number,officer_first_name,officer_last_name,weather_condition(s),manner_of_crash,pedestrian,bicycle,scooter,parking,hitrun,mou
102877507,METROPOLITAN NASHVILLE POLICE DEPT,20210028514,Davidson,Nashville,1/15/2021 2:58:00 PM,2,0,0,36.148560,-86.781330,I 40,,,,0.00,,,,,,,209.75,N,Not at Intersection, ,Non-Junction,None,,,         ,Douglas,Sykes,,"Sideswipe, Same Direction",no,no,no,no,no,False
102877514,METROPOLITAN NASHVILLE POLICE DEPT,20210028513,Davidson,Nashville,1/15/2021 2:42:00 PM,2,0,0,36.130700,-86.778620,8TH AVS,,,,82.00,Feet,North,PRENTICE AV,,,,0.00,N,Not at Intersection, ,Non-Junction,None,,,         ,John,Chambers,Cloudy,Front to Rear,no,no,no,no,no,False
102877521,METROPOLITAN NASHVILLE POLICE DEPT,20210028643,Davidson,Nashville,1/15/2021 4:03:00 PM,2,0,0,36.150250,-86.857930,WHITE BRIDGE PKE,,,,0.00,,,CHARLOTTE PKE,,,,0.00,Y,Four-Way, ,,None,,,         ,Hillary,Sherman,,,no,no,no,no,no,False
102877523,METROPOLITAN NASHVILLE POLICE DEPT,20210028176,Davidson,Nashville,1/15/2021 11:20:00 AM,2,1,0,36.159780,-86.850590,KENTUCKY AV,,,,78.00,Feet,West,52ND AVN,,,,0.00,N,Not at Intersection,N,Non-Junction,None,,,         ,Viviyonne,Lee,Clear,Angle,no,no,no,no,no,False
102877535,METROPOLITAN NASHVILLE POLICE DEPT,20210028673,Davidson,Nashville,1/15/2021 4:07:00 PM,2,0,0,36.166210,-86.654020,STEWARTS FERRY PKE,,,,0.00,Feet,East,BLUE BRICK DR,,,,0.00,N,Not at Intersection, ,Non-Junction,None,,,         ,Evan,Grace,Cloudy,Front to Rear,no,no,no,no,no,False
102877575,METROPOLITAN NASHVILLE POLICE DEPT,20210028697,Davidson,Nashville,1/15/2021 4:32:00 PM,2,0,0,36.078980,-86.728140,HARDING PL,,,,584.00,Feet,West,COVENTRY DR,,,,0.00,N,Not at Intersection,N,Non-Junction,None,,,         ,Ryan,Sherry,,"Sideswipe, Same Direction",no,no,no,no,no,False
102877580,METROPOLITAN NASHVILLE POLICE DEPT,20210028535,Davidson,Lakewood,1/15/2021 2:58:00 PM,2,1,0,36.237020,-86.627970,OLD HICKORY BLVD,,,,349.00,Feet,North,FIELDS DR,,,,0.00,N,Not at Intersection,N,Non-Junction,None,,,         ,Destiny,Zunic,,Angle,no,no,no,no,yes,False
102877581,METROPOLITAN NASHVILLE POLICE DEPT,20210028475,Davidson,Nashville,1/15/2021 2:30:00 PM,3,1,0,36.173270,-86.791400,ROSA L PARKS BLVD,,,,0.00,,,JEFFERSON ST,,,,0.00,Y,Four-Way,N,Intersection,None,,,         ,Jonathan,Sharp,,Angle,no,no,no,no,no,False
102877587,METROPOLITAN NASHVILLE POLICE DEPT,20210028793,Davidson,Nashville,1/15/2021 5:20:00 PM,2,1,0,36.191570,-86.785840,I 65,,,,0.00,,,,,,,86.00,N,Not at Intersection,N,Non-Junction,None,,,         ,Gabriel,Vasquez,,Front to Rear,no,no,no,no,no,False
102877604,METROPOLITAN NASHVILLE POLICE DEPT,20210028800,Davidson,Nashville,1/15/2021 12:00:00 AM,2,0,0,36.112370,-86.745990,NOLENSVILLE PKE,,,,133.00,Feet,South,MCCLAIN AV,,,,0.00,N,Not at Intersection,N,Non-Junction,None,,,         ,Douglas,Sykes,,Angle,no,no,no,no,no,False
102877605,METROPOLITAN NASHVILLE POLICE DEPT,20210028689,Davidson,Nashville,1/15/2021 4:08:00 PM,2,0,0,36.173110,-86.605600,CENTRAL PKE ENT RAMP,,,,0.00,Feet,East,I40 E EXT RAMP,,,,0.00,N,Not at Intersection, ,,None,,,         ,Destiny,Zunic,,,no,no,no,no,no,False
102877611,METROPOLITAN NASHVILLE POLICE DEPT,20210028725,Davidson,Nashville,1/15/2021 4:03:00 PM,2,0,0,36.126490,-86.845480,HARDING PKE,,,,0.00,,,RIDGEFIELD WAY,,,,0.00,Y,T-Intersection,N,Intersection,None,,,         ,Matthew,Turppa,,Angle,no,no,no,no,no,False
102877623,METROPOLITAN NASHVILLE POLICE DEPT,20210028723,Davidson,Nashville,1/15/2021 4:03:00 PM,2,0,0,36.145450,-86.871520,CHARLOTTE PKE,,,,333.00,Feet,West,WESTBORO DR,,,,0.00,N,Not at Intersection, ,Non-Junction,None,,,         ,Ryan,Malone,,Front to Rear,no,no,no,no,no,False
102877627,METROPOLITAN NASHVILLE POLICE DEPT,20210028712,Davidson,Nashville,1/15/2021 4:41:00 PM,2,0,0,36.086500,-86.691500,ANTIOCH PKE,,,,395.00,Feet,South,HARDING PL,,,,0.00,N,Not at Intersection,N,Non-Junction,None,,,         ,Beri,Scott,,Angle,no,no,no,no,no,False
102877628,METROPOLITAN NASHVILLE POLICE DEPT,20210028907,Davidson,Nashville,1/15/2021 5:22:00 PM,3,1,0,36.109850,-86.721490,BRILEY PKWYS,,,,128.00,Feet,West,BRILEY PKWYN,,,,0.00,N,Not at Intersection,Y,Non-Junction,None,,,         ,Jonathan,Watch,,Front to Rear,no,no,no,no,yes,False
102877630,METROPOLITAN NASHVILLE POLICE DEPT,20210028844,Davidson,Nashville,1/15/2021 5:51:00 PM,2,0,0,36.192710,-86.744370,DOUGLAS AV,,,,0.00,,,GALLATIN AV,,,,0.00,Y,Four-Way, ,,None,,,         ,Richard,Conger,,,no,no,no,no,no,False
102877634,METROPOLITAN NASHVILLE POLICE DEPT,20210028921,Davidson,Antioch,1/15/2021 5:03:00 PM,2,0,0,36.015510,-86.620160,I24 W EXT RAMP,,,,0.00,,,I 24,,,,0.00,Y,Four-Way, ,,None,,,         ,Nathaniel,Myers,,,no,no,no,no,no,False
102877637,METROPOLITAN NASHVILLE POLICE DEPT,20210028926,Davidson,Nashville,1/15/2021 6:41:00 PM,2,1,0,36.051350,-86.645880,BELL RD,,,,379.00,Feet,East,BENT TREE  PVTDR,,,,0.00,N,Not at Intersection,N,Non-Junction,None,,,         ,Thomas,Parsons,,Front to Rear,no,no,no,no,no,False
102877638,METROPOLITAN NASHVILLE POLICE DEPT,20210028911,Davidson,Nashville,1/15/2021 6:00:00 PM,3,0,0,36.135130,-86.727080,I 24,,,,0.00,,,,,,,52.15,N,Not at Intersection,N,Non-Junction,None,,,         ,Garrett,Latham,,Front to Rear,no,no,no,no,no,False
102877639,METROPOLITAN NASHVILLE POLICE DEPT,20210028751,Davidson,Nashville,1/15/2021 5:03:00 PM,3,0,0,36.091640,-86.735240,NOLENSVILLE PKE,,,,95.00,Feet,North,YELTON CT,,,,0.00,N,Not at Intersection,N,Non-Junction,None,,,         ,Andrew,Brazee,,"Sideswipe, Opposite Direction",no,no,no,no,yes,False
102877640,METROPOLITAN NASHVILLE POLICE DEPT,20210028964,Davidson,Nashville,1/15/2021 6:39:00 PM,2,0,0,36.109680,-86.770060,I 65,,,,0.00,,,,,,,79.70,N,Not at Intersection,N,Non-Junction,None,,,         ,Edin,Plancic,,Front to Rear,no,no,no,no,no,False
102877641,METROPOLITAN NASHVILLE POLICE DEPT,20210028747,Davidson,Nashville,1/15/2021 4:00:00 PM,2,0,0,36.164210,-86.756360,LENORE ST,,,,373.00,Feet,West,S 7TH ST,,,,0.00,N,Not at Intersection,N,Non-Junction,None,,,         ,Christopher,Beery,,"Sideswipe, Same Direction",no,no,no,no,yes,False
102877643,METROPOLITAN NASHVILLE POLICE DEPT,20210028831,Davidson,Not in City Limit,1/15/2021 5:15:00 PM,2,1,0,36.273370,-86.689470,MYATT DR,,,,457.00,Feet,North,ANDERSON LN,,,,0.00,N,Not at Intersection,N,Non-Junction,None,,,         ,Christopher,Littles,Cloudy,Front to Rear,no,no,no,no,no,False
102877644,METROPOLITAN NASHVILLE POLICE DEPT,20210028869,Davidson,Goodlettsville,1/14/2021 12:00:00 AM,1,1,0,36.286790,-86.705440,W MONTICELLO AV,,,,0.00,,,GALLATIN PKEN,,,,0.00,Y,Four-Way,N,Intersection,None,,,         ,Christopher,Littles,Clear,Not Collision with Motor Vehicle in Transport,yes,no,no,no,yes,False
102877653,METROPOLITAN NASHVILLE POLICE DEPT,20210028879,Davidson,Nashville,1/15/2021 6:10:00 PM,2,0,0,36.113550,-86.690590,MURFREESBORO PKE,,,,525.00,Feet,West,AIR FREIGHT BLVD,,,,0.00,N,Not at Intersection, ,Non-Junction,None,,,         ,Cressie,Prill,Clear,Front to Rear,no,no,no,no,no,False
102877656,METROPOLITAN NASHVILLE POLICE DEPT,20210028980,Davidson,Nashville,1/15/2021 5:09:00 PM,2,1,0,36.187040,-86.631110,CENTRAL PKE,,,,0.00,Feet,North,LEBANON PKE,,,,0.00,N,Not at Intersection,N,Non-Junction,None,,,         ,Evan,Grace,Rain,Front to Rear,no,no,no,no,no,False
102877658,METROPOLITAN NASHVILLE POLICE DEPT,20210028795,Davidson,Nashville,1/15/2021 5:20:00 PM,2,1,0,36.117210,-86.743380,LUTIE ST,,,,0.00,Feet,,FOSTER AV,,,,0.00,Y,T-Intersection,N,Intersection-Related,None,,,         ,Beri,Scott,,HeadOn,no,no,no,no,no,False
102877665,METROPOLITAN NASHVILLE POLICE DEPT,20210028919,Davidson,Nashville,1/15/2021 6:37:00 PM,2,1,0,36.096140,-86.737660,NOLENSVILLE PKE,,,,3.00,Feet,South,ALLIED DR,,,,0.00,N,Not at Intersection,N,Non-Junction,None,,,         ,Sierra,Walker,,Front to Rear,no,no,no,no,yes,False
102877670,METROPOLITAN NASHVILLE POLICE DEPT,20210029045,Davidson,Nashville,1/15/2021 6:56:00 PM,3,0,0,36.044770,-86.660780,BELL RD,,,,92.00,Feet,West,I24 E ENT RAMP,,,,0.00,N,Not at Intersection, ,Non-Junction,None,,,         ,Laura,Williams,,Front to Rear,no,no,no,no,yes,False
102877671,METROPOLITAN NASHVILLE POLICE DEPT,20210028978,Davidson,Nashville,1/15/2021 7:02:00 PM,2,0,0,36.156870,-86.760360,I40 E ENT RAMP,,,,0.00,Feet,East,I 24,,,,0.00,N,Not at Intersection,N,Non-Junction,None,,,         ,Nicholas,Berry,,Front to Rear,no,no,no,no,no,False
102877680,METROPOLITAN NASHVILLE POLICE DEPT,20210028920,Davidson,Antioch,1/15/2021 5:58:00 PM,2,0,0,36.007880,-86.621790,OLD HICKORY BLVD,,,,462.00,Feet,South,OCTOBER WOODS DR,,,,0.00,N,Not at Intersection, ,,None,,,         ,Nathaniel,Myers,,,no,no,no,no,no,False
102877695,METROPOLITAN NASHVILLE POLICE DEPT,20210028883,Davidson,Not in City Limit,1/15/2021 6:04:00 PM,2,0,0,36.345970,-86.873240,WHITES CREEK PKE,,,,574.00,Feet,East,GREENBRIER RD,,,,0.00,N,Not at Intersection, ,Non-Junction,None,,,         ,Melvin,Taylor,,Angle,no,no,no,no,no,False
102877696,GOODLETTSVILLE POLICE DEPT,21-01439,Davidson,Goodlettsville,1/15/2021 6:42:00 PM,2,1,0,36.314630,-86.699020,CONFERENCE DR,,,,0.00,,,WINDSOR GREEN BLVD,,,,0.00,Y,Four-Way,N,Intersection,None,,,         ,Christopher,Jones,,HeadOn,no,no,no,no,no,False
102877703,METROPOLITAN NASHVILLE POLICE DEPT,20210029135,Davidson,Nashville,1/15/2021 8:38:00 PM,2,0,0,36.245560,-86.745820,I 65,,,,0.00,,,,,,,90.80,N,Not at Intersection,N,Non-Junction,None,,,         ,Christopher,Littles,Cloudy,"Sideswipe, Same Direction",no,no,no,no,no,False
102877705,METROPOLITAN NASHVILLE POLICE DEPT,20210028960,Davidson,Nashville,1/15/2021 6:20:00 PM,2,0,0,36.044470,-86.650970,HICKORY HOLLOW PKWY,,,,0.00,,,CROSSINGS BLVD,,,,0.00,Y,T-Intersection,N,Intersection,None,,,         ,Beri,Scott,Rain,Angle,no,no,no,no,no,False
102877706,METROPOLITAN NASHVILLE POLICE DEPT,20210029102,Davidson,Nashville,1/15/2021 8:15:00 PM,2,1,0,36.126700,-86.711090,EAST THOMPSON LN,,,,0.00,,,MURFREESBORO PKE,,,,0.00,Y,Four-Way,N,Intersection,None,,,         ,Andrew,Brazee,,HeadOn,no,no,no,no,no,False
102877738,METROPOLITAN NASHVILLE POLICE DEPT,20210028943,Davidson,Nashville,1/15/2021 6:08:00 PM,3,0,0,36.073370,-86.637600,MURFREESBORO PKE,,,,508.00,Feet,South,RURAL HILL RD,,,,0.00,N,Not at Intersection,N,Non-Junction,None,,,         ,Steven,Powers,Rain,Front to Rear,no,no,no,no,no,False
102877739,METROPOLITAN NASHVILLE POLICE DEPT,20210029054,Davidson,Nashville,1/15/2021 7:53:00 PM,2,0,0,36.089070,-86.649990,RANSOM PL,,,,0.00,,,MURFREESBORO PKE,,,,0.00,Y,Four-Way, ,Intersection,None,,,         ,Steven,Powers,Rain,Angle,no,no,no,no,no,False
102877757,METROPOLITAN NASHVILLE POLICE DEPT,20210029198,Davidson,Nashville,1/15/2021 9:20:00 PM,2,1,0,36.151460,-86.857740,WHITE BRIDGE PKE,,,,0.00,,,I40 E ENT RAMP,,,,0.00,Y,Four-Way,Y,Intersection,None,,,         ,Andrew,McCarron,,HeadOn,no,no,no,no,no,False
102877776,METROPOLITAN NASHVILLE POLICE DEPT,20210028729,Davidson,Nashville,1/15/2021 4:50:00 PM,4,2,0,36.095270,-86.737200,NOLENSVILLE PKE,,,,216.00,Feet,South,WHEELER AV,,,,0.00,N,Not at Intersection,N,Non-Junction,None,,,         ,Ebony,Brown,,Front to Rear,no,no,no,no,yes,False
102877781,METROPOLITAN NASHVILLE POLICE DEPT,20210029097,Davidson,Nashville,1/15/2021 12:00:00 AM,2,0,0,36.114480,-86.915270,SAUSSY PL,,,,677.00,Feet,West,SAUSSY CT,,,,0.00,N,Not at Intersection,N,Non-Junction,None,,,         ,Cody,MIller,Unknown,Unknown,no,no,no,yes,yes,False
102877782,METROPOLITAN NASHVILLE POLICE DEPT,20210028876,Davidson,Nashville,1/15/2021 6:08:00 PM,2,0,0,36.136960,-86.724350,SPENCE LN,,,,457.00,Feet,North,MURFREESBORO PKE,,,,0.00,N,Not at Intersection,N,Non-Junction,None,,,         ,Dontaveous,Eubanks,,Angle,no,no,no,yes,yes,False
102877791,METROPOLITAN NASHVILLE POLICE DEPT,20210029310,Davidson,Nashville,1/15/2021 7:50:00 PM,2,0,0,36.136100,-86.698900,BRILEY PKWY,,,,46.00,Feet,North,ARBOR CREEK BLVD,,,,0.00,N,Not at Intersection, ,,None,,,         ,Torry,Hill,,,no,no,no,no,no,False
102877806,METROPOLITAN NASHVILLE POLICE DEPT,20210029430,Davidson,Nashville,1/15/2021 11:00:00 PM,1,0,0,36.073110,-86.700540,WILLARD DR,,,,313.00,Feet,East,MARGO LN,,,,0.00,N,Not at Intersection,N,Non-Junction,None,,,         ,Jonathan,Handley,,Not Collision with Motor Vehicle in Transport,no,no,no,no,yes,False
102877807,METROPOLITAN NASHVILLE POLICE DEPT,20210029429,Davidson,Nashville,1/15/2021 11:20:00 PM,2,0,0,36.195120,-86.775570,I 65,,,,0.00,,,,,,,86.55,N,Not at Intersection,N,Non-Junction,None,,,         ,Jackson,Sanders,Snow,"Sideswipe, Same Direction",no,no,no,no,yes,False
102877809,METROPOLITAN NASHVILLE POLICE DEPT,20210029297,Davidson,Nashville,1/15/2021 10:38:00 PM,2,3,0,36.150420,-86.795820,DIVISION ST,,,,38.00,Feet,West,19TH AVS,,,,0.00,N,Not at Intersection,N,Non-Junction,None,,,         ,Cory,Stratton,,HeadOn,yes,no,no,no,no,False
102877816,METROPOLITAN NASHVILLE POLICE DEPT,20210029427,Davidson,Nashville,1/15/2021 11:55:00 PM,2,0,0,36.086710,-86.730540,ELYSIAN FIELDS RD,,,,109.00,Feet,West,ELYSIAN FIELDS CT,,,,0.00,N,Not at Intersection, ,Non-Junction,None,,,         ,John,Frazier,,"Sideswipe, Opposite Direction",no,no,no,no,yes,False
102877823,METROPOLITAN NASHVILLE POLICE DEPT,20210029444,Davidson,Nashville,1/15/2021 11:17:00 PM,2,0,0,36.053050,-86.675970,TUSCULUM RD,,,,394.00,Feet,West,SAXONY LAKE DR,,,,0.00,N,Not at Intersection,N,Non-Junction,None,,,         ,Robert,Leverick,,"Sideswipe, Same Direction",no,no,no,no,no,False
102877852,METROPOLITAN NASHVILLE POLICE DEPT,20210029580,Davidson,Nashville,1/16/2021 1:38:00 AM,1,0,0,36.058840,-86.678400,I 24,,,,0.00,,,,,,,58.00,N,Not at Intersection,N,Non-Junction,None,,,         ,Kaleigh,Pearce,,Not Collision with Motor Vehicle in Transport,no,no,no,no,no,False
102877865,METROPOLITAN NASHVILLE POLICE DEPT,20210029692,Davidson,Nashville,1/16/2021 3:04:00 AM,2,1,0,36.096190,-86.708320,I 24,,,,0.00,,,,,,,54.90,N,Not at Intersection,N,Non-Junction,None,,,         ,Garrett,Reingardt,,"Sideswipe, Same Direction",no,no,no,no,yes,False
102877875,METROPOLITAN NASHVILLE POLICE DEPT,20210029744,Davidson,Nashville,1/16/2021 4:06:00 AM,1,0,0,36.066710,-86.630500,MURFREESBORO PKE,,,,337.00,Feet,South,FOREST VIEW DR,,,,0.00,N,Not at Intersection,N,Non-Junction,None,,,         ,Douglas,Meringer,Clear,Not Collision with Motor Vehicle in Transport,no,no,no,no,no,False
102877910,METROPOLITAN NASHVILLE POLICE DEPT,20210029841,Davidson,Not in City Limit,1/16/2021 5:55:00 AM,1,0,0,36.273570,-86.817330,LICKTON PKE,,,,3.00,Feet,North,OLD HICKORY BLVD,,,,0.00,N,Not at Intersection,N,Non-Junction,None,,,         ,John,Deiterick,,Not Collision with Motor Vehicle in Transport,no,no,no,no,no,False
102877915,GOODLETTSVILLE POLICE DEPT,21-01435,Davidson,Goodlettsville,1/15/2021 5:34:00 PM,2,0,0,36.314910,-86.710670,RIVERGATE PKWY,,,,84.00,Feet,East,DONALD AV,,,,0.00,N,Not at Intersection,N,Non-Junction,None,,,         ,George,Forbes,Cloudy,Front to Rear,no,no,no,no,yes,False
102877923,METROPOLITAN NASHVILLE POLICE DEPT,20210029815,Davidson,Nashville,1/16/2021 5:15:00 AM,1,1,0,36.179390,-86.601840,ROCKWOOD DR,,,,487.00,Feet,East,HERMITAGE WOODS DR,,,,0.00,N,Not at Intersection,N,Non-Junction,None,,,         ,Torry,Hill,Clear,Not Collision with Motor Vehicle in Transport,no,no,no,yes,no,False
102877935,BELLE MEADE POLICE DEPT,21-0009,Davidson,Belle Meade,1/15/2021 1:45:00 PM,2,0,0,36.095830,-86.857870,HARDING PL,,,,305.00,Feet,East,ENQUIRER AV,,,,0.00,N,Not at Intersection,N,"Driveway, Alley Access, etc",None,,,         ,Keith,Samol,Cloudy,Angle,no,no,no,no,no,False
102877941,METROPOLITAN NASHVILLE POLICE DEPT,20210029879,Davidson,Madison,1/16/2021 6:59:00 AM,1,0,0,36.274490,-86.735740,I 65,,,,0.00,,,,,,,93.00,N,Not at Intersection,N,Non-Junction,None,,,         ,Michael,McCord,Snow,Not Collision with Motor Vehicle in Transport,no,no,no,no,no,False
102877943,METROPOLITAN NASHVILLE POLICE DEPT,20210029876,Davidson,Nashville,1/16/2021 12:00:00 AM,1,1,0,36.192130,-86.779670,I65 S ENT RAMP,,,,0.00,Feet,East,I 65,,,,0.00,N,Not at Intersection,Y,Entrance/Exit Ramp Related,None,,,         ,Jordan,Shaffer,,Not Collision with Motor Vehicle in Transport,no,no,no,no,no,False
102877949,METROPOLITAN NASHVILLE POLICE DEPT,20210029897,Davidson,Nashville,1/16/2021 5:30:00 AM,2,0,0,36.157290,-86.639500,CLOVERWOOD DR,,,,333.00,Feet,East,HICKORY BEND DR,,,,0.00,N,Not at Intersection, ,Non-Junction,None,,,         ,Roger,Luther,Cloudy,"Sideswipe, Opposite Direction",no,no,no,no,no,False
102877953,METROPOLITAN NASHVILLE POLICE DEPT,20210029887,Davidson,Madison,1/16/2021 7:10:00 AM,2,1,0,36.275660,-86.735480,I 65,,,,0.00,,,,,,,93.00,N,Not at Intersection,N,Non-Junction,None,,,         ,Michael,McCord,Snow,Front to Rear,no,no,no,no,no,False
102877961,METROPOLITAN NASHVILLE POLICE DEPT,20210029984,Davidson,Nashville,1/16/2021 8:35:00 AM,1,0,0,36.278830,-86.769140,DALEMERE DR,,,,149.00,Feet,East,DALEMERE CT,,,,0.00,N,Not at Intersection, ,Non-Junction,None,,,         ,Ruben,Mariano,,Not Collision with Motor Vehicle in Transport,no,no,no,no,no,False
102877972,METROPOLITAN NASHVILLE POLICE DEPT,20210029962,Davidson,Nashville,1/16/2021 7:37:00 AM,2,0,0,36.027080,-86.634540,I 24,,,,0.00,,,,,,,61.30,N,Not at Intersection,N,Non-Junction,None,,,         ,Chase,Carter,Cloudy,Angle,no,no,no,no,yes,False
102877973,METROPOLITAN NASHVILLE POLICE DEPT,20210030002,Davidson,Not in City Limit,1/16/2021 2:00:00 AM,2,0,0,36.060270,-86.937670,HARPETH KNOLL RD,,,,467.00,Feet,South,HARPETH PKWYW,,,,0.00,N,Not at Intersection,N,Non-Junction,None,,,         ,David,Moser,Snow,Front to Rear,no,no,no,no,yes,False
102877974,METROPOLITAN NASHVILLE POLICE DEPT,20210029999,Davidson,Antioch,1/16/2021 8:35:00 AM,2,0,0,36.033570,-86.616990,SHALLOW GLEN TRL,,,,79.00,Feet,West,SHALLOWBROOK TRLN,,,,0.00,N,Not at Intersection, ,Non-Junction,None,,,         ,Rami,Rouhi,Clear,Front to Rear,no,no,no,no,no,False
102877984,METROPOLITAN NASHVILLE POLICE DEPT,20210030084,Davidson,Nashville,1/15/2021 11:00:00 PM,2,0,0,36.189100,-86.769170,STOCKELL ST,,,,223.00,Feet,North,VAUGHN ST,,,,0.00,N,Not at Intersection,N,Non-Junction,None,,,         ,Andrew,Ivey,,"Sideswipe, Same Direction",no,no,no,no,yes,False
102877996,METROPOLITAN NASHVILLE POLICE DEPT,20210029985,Davidson,Not in City Limit,1/16/2021 7:14:00 AM,2,0,0,36.320850,-86.849870,I 24,,,,0.00,,,,,,,36.05,N,Not at Intersection, ,Non-Junction,None,,,         ,James,Wray,,Front to Rear,no,no,no,no,no,False
102877998,METROPOLITAN NASHVILLE POLICE DEPT,20210030062,Davidson,Not in City Limit,1/16/2021 9:20:00 AM,1,0,0,36.090550,-86.988030,NEWSOM STATION RD,,,,490.00,Feet,South,HIGHWAY 70,,,,0.00,N,Not at Intersection,N,Non-Junction,None,,,         ,Jack,Crouch,Cloudy,Not Collision with Motor Vehicle in Transport,no,no,no,no,no,False
102877999,METROPOLITAN NASHVILLE POLICE DEPT,20210029995,Davidson,Not in City Limit,1/16/2021 12:00:00 AM,1,2,0,36.317350,-86.843580,CLAY LICK RD,,,,0.57,Miles,West,CLAY LICK RD PVTDR,,,,0.00,N,Not at Intersection,N,Non-Junction,None,,,         ,Jordan,Shaffer,Cloudy,Not Collision with Motor Vehicle in Transport,no,no,no,no,no,False
102878010,METROPOLITAN NASHVILLE POLICE DEPT,20210030108,Davidson,Nashville,1/16/2021 10:30:00 AM,1,1,0,36.072780,-86.700260,WILLARD DR,,,,456.00,Feet,South,MARGO LN,,,,0.00,N,Not at Intersection,N,Non-Junction,None,,,         ,Joshua,Belk,Cloudy,Not Collision with Motor Vehicle in Transport,no,no,no,no,no,False
102878025,METROPOLITAN NASHVILLE POLICE DEPT,20210030171,Davidson,Nashville,1/16/2021 11:25:00 AM,2,0,0,36.129560,-86.778220,8TH AVS,,,,364.00,Feet,North,BRADFORD AV,,,,0.00,N,Not at Intersection, ,,None,,,         ,Jackson,Smythe,,,no,no,no,no,no,False
102878040,METROPOLITAN NASHVILLE POLICE DEPT,20210030206,Davidson,Nashville,1/16/2021 11:14:00 AM,2,0,0,36.238840,-86.656100,NAWAKWA TRL,,,,0.00,,,COMANCHE RUN,,,,0.00,Y,OTHER,N,Non-Junction,None,,,         ,Eric,Richardson,Cloudy,Rear to Side,no,no,no,no,yes,False
102878044,METROPOLITAN NASHVILLE POLICE DEPT,20210030146,Davidson,Nashville,1/16/2021 11:07:00 AM,2,1,0,36.151800,-86.771250,LAFAYETTE ST,,,,0.00,,,4TH AVS,,,,0.00,Y,Four-Way,Y,Intersection,None,,,         ,Marvin,Williams,Cloudy,Angle,no,no,no,no,no,False
102878064,METROPOLITAN NASHVILLE POLICE DEPT,20210030262,Davidson,Nashville,1/16/2021 12:53:00 PM,2,0,0,36.082780,-86.628700,MOSSDALE DR,,,,0.00,,,BELL RD,,,,0.00,Y,T-Intersection, ,,None,,,         ,Katelyn,Argeroplos,,,no,no,no,no,no,False
102878084,METROPOLITAN NASHVILLE POLICE DEPT,20210030299,Davidson,Nashville,1/16/2021 4:35:00 AM,1,0,0,36.164930,-86.801510,HERMAN ST,,,,91.00,Feet,West,BLANK ST,,,,0.00,N,Not at Intersection,N,Non-Junction,None,,,         ,Andrey,Volfson,,Not Collision with Motor Vehicle in Transport,no,no,no,no,yes,False
102878086,METROPOLITAN NASHVILLE POLICE DEPT,20210030081,Davidson,Not in City Limit,1/16/2021 12:00:00 AM,2,0,0,36.261240,-86.712530,GALLATIN PKES,,,,0.00,,,MAPLE ST,,,,0.00,Y,T-Intersection, ,Intersection,None,,,         ,Nathan,Mayo,Cloudy,"Sideswipe, Same Direction",no,no,no,no,no,False
102878092,METROPOLITAN NASHVILLE POLICE DEPT,20210030243,Davidson,Nashville,1/16/2021 12:15:00 PM,2,0,0,36.151850,-86.772780,DIVISION ST,,,,0.00,,,5TH AVS,,,,0.00,Y,T-Intersection, ,Intersection-Related,None,,,         ,Robert,Marquez,Clear,Angle,no,no,no,no,no,False
102878093,METROPOLITAN NASHVILLE POLICE DEPT,20210030194,Davidson,Nashville,1/16/2021 11:44:00 AM,2,3,0,36.086860,-86.695950,HARDING PL,,,,0.00,,,METROPLEX DR,,,,0.00,Y,Four-Way,N,Intersection,None,,,         ,Chase,Carter,Cloudy,Angle,no,no,no,no,no,False
102878094,METROPOLITAN NASHVILLE POLICE DEPT,20210030267,Davidson,Not in City Limit,1/16/2021 12:00:00 AM,2,0,0,36.329700,-86.869450,WHITES CREEK PKE,,,,1031.00,Feet,North,WHITES CREEK PKE PVTDR,,,,0.00,N,Not at Intersection,N,"Driveway, Alley Access, etc",None,,,         ,Jordan,Shaffer,,Angle,no,no,no,yes,yes,False
102878095,METROPOLITAN NASHVILLE POLICE DEPT,20210030314,Davidson,Nashville,1/16/2021 1:40:00 PM,2,0,0,36.050730,-86.646910,BELL RD,,,,0.00,,,HICKORY HOLLOW TER,,,,0.00,Y,Four-Way,N,Intersection-Related,None,,,         ,Gregory,Dixon,Clear,Angle,no,no,no,no,no,False
102878105,METROPOLITAN NASHVILLE POLICE DEPT,20210030324,Davidson,Not in City Limit,1/16/2021 1:50:00 PM,2,1,0,36.263460,-86.684270,STATE RT 45,,,,0.00,Feet,,LARKIN SPRINGS RD,,,,0.00,Y,T-Intersection,Y,Intersection,None,,,         ,Dillon,Hunt,Cloudy,Angle,no,no,no,no,no,False
102878117,METROPOLITAN NASHVILLE POLICE DEPT,20210030263,Davidson,Nashville,1/16/2021 10:30:00 AM,2,0,0,36.216380,-86.858000,KINGS LN,,,,0.00,,,ENCHANTED CIR,,,,0.00,Y,Four-Way,N,Intersection-Related,None,,,         ,Kenneth,Oneal,,Angle,no,no,no,no,no,False