master_record_number,agency,agency_tracking_number,county,city,collision_date,vehicles_involved,number_injured,number_dead,latitude,longitude,roadway_name,roadway_suffix,roadway_number,roadway_local_id,distance_from_reference,miles-feet_indicator,direction_from_reference,intersection_road_name,intersection_road_name_suffix,intersection_road_number,intersection_local_id,mile_marker,intersection_indicator,intersect_type,interchange_related_indicator,relation_to_junction,work_zone_type,construction_maintenance_zone,construction_maintenance_zone_location,fatal_case_number,officer_first_name,officer_last_name,weather_condition(s),manner_of_crash,pedestrian,bicycle,scooter,parking,hitrun,mou
102880105,METROPOLITAN NASHVILLE POLICE DEPT,20210037243,Davidson,Nashville,1/20/2021 2:19:00 AM,2,0,0,36.044950,-86.659750,I24 E ENT RAMP,,,,0.00,,,I 24,,,,0.00,Y,Four-Way,N,Entrance/Exit Ramp Related,None,,,         ,Bryce,Hatten,Clear,Angle,no,no,no,no,yes,False
102880135,METROPOLITAN NASHVILLE POLICE DEPT,20210027917,Davidson,Nashville,1/15/2021 6:45:00 AM,2,0,0,36.151190,-86.769170,I 40,,,,0.00,,,,,,,210.50,N,Not at Intersection, ,Non-Junction,None,,,         ,Christopher,Augustin,Clear,Not Collision with Motor Vehicle in Transport,no,no,no,no,no,False
102880150,METROPOLITAN NASHVILLE POLICE DEPT,20210037383,Davidson,Nashville,1/20/2021 6:18:00 AM,2,1,0,36.160760,-86.793690,14TH AVN,,,,0.00,,,CHARLOTTE AV,,,,0.00,Y,Four-Way,N,Intersection,None,,,         ,Earl,Davis,,"Sideswipe, Same Direction",no,no,no,no,no,False
102880161,GOODLETTSVILLE POLICE DEPT,21-01843,Davidson,Goodlettsville,1/20/2021 7:33:00 AM,2,2,0,36.323230,-86.705800,I65 S ENT RAMP,,,,0.00,,,I 65,,,,0.00,Y,Y-Intersection,N,Entrance/Exit Ramp Related,None,,,         ,Rico,Jones,Clear,Front to Rear,no,no,no,no,no,False
102880170,METROPOLITAN NASHVILLE POLICE DEPT,202137382,Davidson,Nashville,1/20/2021 6:30:00 AM,2,0,0,36.207980,-86.767570,DICKERSON PKE,,,,105.00,Feet,South,GRIZZARD AV,,,,0.00,N,Not at Intersection,N,Non-Junction,None,,,         ,Faye,Denson,,Angle,no,no,no,no,no,False
102880177,METROPOLITAN NASHVILLE POLICE DEPT,20210037531,Davidson,Nashville,1/20/2021 8:00:00 AM,2,0,0,36.173580,-86.869490,BRILEY PKWY N ENT RAMP,,,,0.00,,,BRILEY PKWYN,,,,0.00,Y,Four-Way,N,Entrance/Exit Ramp Related,None,,,         ,Curtis,Rich,Clear,Angle,no,no,no,no,no,False
102880181,METROPOLITAN NASHVILLE POLICE DEPT,20210037515,Davidson,Nashville,1/20/2021 7:59:00 AM,2,1,0,36.067990,-86.770630,I 65,,,,0.00,,,,,,,76.80,N,Not at Intersection,N,Non-Junction,None,,,         ,Earl,Davis,,"Sideswipe, Same Direction",no,no,no,no,no,False
102880184,METROPOLITAN NASHVILLE POLICE DEPT,20210037400,Davidson,Nashville,1/20/2021 6:06:00 AM,2,0,0,36.167250,-86.791350,HARRISON ST,,,,0.00,,,10TH AVN,,,,0.00,Y,Four-Way,N,Intersection,None,,,         ,Frank,Campbell,,Angle,no,no,no,no,no,False
102880187,METROPOLITAN NASHVILLE POLICE DEPT,20210037465,Davidson,Nashville,1/20/2021 7:30:00 AM,2,0,0,36.153610,-86.633140,I40 W ENT RAMP,,,,0.00,,,I 40,,,,0.00,Y,OTHER, ,,None,,,         ,Michael,Brooks,,,no,no,no,no,no,False
102880189,METROPOLITAN NASHVILLE POLICE DEPT,20210037627,Davidson,Not in City Limit,1/20/2021 8:50:00 AM,1,0,0,36.121990,-86.982340,OLD CHARLOTTE PKE,,,,316.00,Feet,East,OLD POND CREEK RD,,,,0.00,N,Not at Intersection,N,Non-Junction,None,,,         ,Curtis,Rich,Clear,Not Collision with Motor Vehicle in Transport,no,no,no,no,no,False
102880212,METROPOLITAN NASHVILLE POLICE DEPT,20210037649,Davidson,Nashville,1/20/2021 9:11:00 AM,2,0,0,36.179730,-86.786370,TAYLOR ST,,,,0.00,,,2ND AVN,,,,0.00,Y,Four-Way, ,Intersection,None,,,         ,Matthew,Hogan,,Other,no,no,no,no,no,False
102880221,METROPOLITAN NASHVILLE POLICE DEPT,20210037633,Davidson,Nashville,1/20/2021 8:50:00 AM,2,0,0,36.157060,-86.803840,CHARLOTTE AV,,,,0.00,,,SPRUCE ST,,,,0.00,Y,T-Intersection,N,Intersection,None,,,         ,Nicholas,Kiraly,Clear,Front to Rear,no,no,no,no,no,False
102880231,METROPOLITAN NASHVILLE POLICE DEPT,20210037808,Davidson,Nashville,1/20/2021 8:20:00 AM,2,0,0,36.085200,-86.920940,SUMMIT OAKS DR,,,,74.00,Feet,West,OLD HICKORY BLVD,,,,0.00,N,Not at Intersection, ,Non-Junction,None,,,         ,Wesley,Tilley,Clear,Angle,no,no,no,no,no,False
102880236,METROPOLITAN NASHVILLE POLICE DEPT,20210037772,Davidson,Nashville,1/20/2021 10:14:00 AM,2,1,0,36.156430,-86.631340,I40 W ENT RAMP,,,,0.00,,,I 40,,,,0.00,Y,Four-Way,Y,Entrance/Exit Ramp Related,None,,,         ,Michael,Brooks,Clear,Angle,no,no,no,no,no,False
102880254,METROPOLITAN NASHVILLE POLICE DEPT,20210037899,Davidson,Nashville,1/20/2021 9:51:00 AM,2,0,0,36.152990,-86.683850,ELM HILL PKE,,,,146.00,Feet,West,MCGAVOCK PKE,,,,0.00,N,Not at Intersection, ,,None,,,         ,Michael,Brooks,,,no,no,no,no,no,False
102880255,METROPOLITAN NASHVILLE POLICE DEPT,20210037913,Davidson,Nashville,1/20/2021 5:30:00 AM,1,0,0,36.144580,-86.888260,MARAUDER DR,,,,110.00,Feet,North,LANDAU DR,,,,0.00,N,Not at Intersection, ,Non-Junction,None,,,         ,Curtis,Rich,Clear,Not Collision with Motor Vehicle in Transport,no,no,no,no,yes,False
102880257,METROPOLITAN NASHVILLE POLICE DEPT,20210037906,Davidson,Nashville,1/20/2021 11:05:00 AM,2,1,0,36.115950,-86.810590,HILLSBORO PKE,,,,35.00,Feet,South,HAMPTON AV,,,,0.00,N,Not at Intersection,N,Non-Junction,None,,,         ,Douglas,Atwood,Clear,Angle,no,no,no,no,no,False
102880286,METROPOLITAN NASHVILLE POLICE DEPT,20210038016,Davidson,Nashville,1/20/2021 12:32:00 PM,2,0,0,36.152100,-86.799860,20TH AVN,,,,115.00,Feet,South,HAYES ST,,,,0.00,N,Not at Intersection, ,Non-Junction,None,,,         ,Earl,Davis,,Angle,no,no,no,no,no,Campus
102880292,METROPOLITAN NASHVILLE POLICE DEPT,20210038034,Davidson,Nashville,1/20/2021 12:40:00 PM,2,0,0,36.139680,-86.879810,CHARLOTTE PKE,,,,315.00,Feet,East,HILLWOOD BLVD,,,,0.00,N,Not at Intersection, ,,None,,,         ,Robert,Crow,,,no,no,no,no,no,False
102880293,METROPOLITAN NASHVILLE POLICE DEPT,20210037827,Davidson,Not in City Limit,1/20/2021 10:35:00 AM,2,0,0,36.324450,-86.868840,I 24,,,,0.00,,,,,,,34.90,N,Not at Intersection, ,OtherLocation,None,,,         ,Jeanine,Sarno,,"Sideswipe, Same Direction",no,no,no,no,no,False
102880302,METROPOLITAN NASHVILLE POLICE DEPT,20210031195,Davidson,Nashville,1/16/2021 11:25:00 PM,2,3,0,36.043930,-86.693300,BELL RD,,,,0.00,,,BROOK VIEW ESTATES DR,,,,0.00,Y,T-Intersection,N,Intersection,None,,,         ,Christopher,Augustin,Clear,Angle,no,no,no,no,yes,False
102880316,METROPOLITAN NASHVILLE POLICE DEPT,20210038066,Davidson,Nashville,1/20/2021 12:45:00 PM,2,0,0,36.138910,-86.880360,HILLWOOD BLVD,,,,81.00,Feet,East,CHARLOTTE PKE,,,,0.00,N,Not at Intersection, ,Non-Junction,None,,,         ,Curtis,Rich,,Angle,no,no,no,no,no,False
102880317,METROPOLITAN NASHVILLE POLICE DEPT,20210037979,Davidson,Goodlettsville,1/20/2021 12:00:00 PM,2,0,0,36.291800,-86.720990,I 65,,,,0.00,,,,,,,94.40,N,Not at Intersection,N,Non-Junction,None,,,         ,Craig,Paschetti,Clear,Front to Rear,no,no,no,no,yes,False
102880319,METROPOLITAN NASHVILLE POLICE DEPT,20210038067,Davidson,Nashville,1/20/2021 12:53:00 PM,2,0,0,36.064790,-86.628480,HAMILTON CHURCH RD,,,,0.00,,,MURFREESBORO PKE,,,,0.00,Y,Four-Way, ,,None,,,         ,Alquavious,McDaniel,,,no,no,no,no,no,False
102880325,METROPOLITAN NASHVILLE POLICE DEPT,20210038116,Davidson,Nashville,1/20/2021 1:18:00 PM,2,1,0,36.256190,-86.714390,NEELYS BEND RD,,,,0.00,,,GALLATIN PKES,,,,0.00,Y,Four-Way,N,Intersection,None,,,         ,Eric,Richardson,Clear,Front to Rear,no,no,no,no,no,False
102880340,METROPOLITAN NASHVILLE POLICE DEPT,20210037978,Davidson,Goodlettsville,1/20/2021 12:10:00 PM,2,1,0,36.306260,-86.700110,VIETNAM VETERANS BLVD NB EXT R,,,,0.00,Feet,East,VIETNAM VETERANS BLVDN,,,,0.00,N,Not at Intersection,N,Non-Junction,None,,,         ,Craig,Paschetti,Clear,Front to Rear,no,no,no,no,yes,False
102880350,GOODLETTSVILLE POLICE DEPT,21-01887,Davidson,Goodlettsville,1/20/2021 12:30:00 PM,2,0,0,36.309400,-86.695470,VIETNAM VETERANS BLVD SB EXT R,,,,135.00,Feet,East,CONFERENCE DR,,,,0.00,N,Not at Intersection, ,Non-Junction,None,,,         ,George,Forbes,Clear,Front to Rear,no,no,no,no,no,False
102880353,METROPOLITAN NASHVILLE POLICE DEPT,20210038149,Davidson,Nashville,1/20/2021 12:00:00 AM,1,0,0,36.241190,-86.736930,ELLINGTON PKWYN,,,,58.00,Feet,North,ELLINGTON PKWY N ENT RAMP,,,,0.00,N,Not at Intersection,N,Non-Junction,None,,,         ,David,Williford,Clear,Not Collision with Motor Vehicle in Transport,no,no,no,no,no,False
102880361,METROPOLITAN NASHVILLE POLICE DEPT,20210036177,Davidson,Nashville,1/19/2021 4:00:00 PM,2,0,0,36.103720,-86.729450,SOUTHLAKE DR,,,,18.00,Feet,West,HOLBROOK DR,,,,0.00,N,Not at Intersection,N,Non-Junction,None,,,         ,John,Walden,Clear,HeadOn,no,no,no,no,no,False
102880362,METROPOLITAN NASHVILLE POLICE DEPT,20210036421,Davidson,Nashville,1/19/2021 6:00:00 PM,2,0,0,36.133880,-86.722660,PLUS PARK BLVD,,,,61.00,Feet,South,MURFREESBORO PKE,,,,0.00,N,Not at Intersection, ,,None,,,         ,John,Walden,,,no,no,no,no,no,False
102880384,METROPOLITAN NASHVILLE POLICE DEPT,20210038256,Davidson,Nashville,1/20/2021 2:15:00 PM,2,0,0,36.113650,-86.799940,BELMONT BLVD,,,,214.00,Feet,North,STATE HWY 155,,,,0.00,N,Not at Intersection, ,Non-Junction,None,,,         ,Sekou,Samassi,Clear,Front to Rear,no,no,no,no,no,False
102880393,METROPOLITAN NASHVILLE POLICE DEPT,20210037685,Davidson,Nashville,1/13/2021 8:00:00 PM,1,0,0,36.130610,-86.915270,RIVER RD PVT DR,,,,223.00,Feet,West,RIVER RD,,,,0.00,N,Not at Intersection,N,Non-Junction,None,,,         ,Benjamin,Cantrell,Clear,Not Collision with Motor Vehicle in Transport,no,no,no,yes,yes,False
102880401,METROPOLITAN NASHVILLE POLICE DEPT,20210038290,Davidson,Nashville,1/20/2021 2:56:00 PM,2,0,0,36.171190,-86.767760,I 24,,,,0.00,,,,,,,48.60,N,Not at Intersection, ,Non-Junction,None,,,         ,Ryan,Coll,,Front to Rear,no,no,no,no,no,False
102880406,METROPOLITAN NASHVILLE POLICE DEPT,20210038341,Davidson,Nashville,1/20/2021 3:25:00 PM,2,0,0,36.106050,-86.813750,HILLSBORO PKE,,,,79.00,Feet,North,ABBOTT MARTIN RD,,,,0.00,N,Not at Intersection, ,,None,,,         ,Cory,Stratton,,,no,no,no,no,no,False
102880413,METROPOLITAN NASHVILLE POLICE DEPT,20210038383,Davidson,Nashville,1/20/2021 3:40:00 PM,1,0,0,36.212990,-86.748640,ELLINGTON PKWYS,,,,769.00,Feet,South,ALLENWOOD DR,,,,0.00,N,Not at Intersection,N,Non-Junction,None,,,         ,Marc,Kozen,,Not Collision with Motor Vehicle in Transport,no,no,no,no,no,False
102880421,METROPOLITAN NASHVILLE POLICE DEPT,20210038264,Davidson,Nashville,1/20/2021 2:00:00 PM,2,0,0,36.152910,-86.807600,23RD AVN,,,,0.00,,,PATTERSON ST,,,,0.00,Y,T-Intersection, ,Intersection,None,,,         ,Josh,Lauton,,Front to Rear,no,no,no,no,no,False
102880426,METROPOLITAN NASHVILLE POLICE DEPT,20210038076,Davidson,Nashville,1/20/2021 12:00:00 PM,2,0,0,36.206790,-86.794000,W TRINITY LN,,,,600.00,Feet,East,WHITES CREEK PKE,,,,0.00,N,Not at Intersection, ,Non-Junction,None,,,         ,Dalton,Crum,,"Sideswipe, Same Direction",no,no,no,no,no,False
102880427,METROPOLITAN NASHVILLE POLICE DEPT,20210038262,Davidson,Nashville,1/20/2021 2:20:00 PM,2,0,0,36.133210,-86.891930,CHARLOTTE PKE,,,,157.00,Feet,West,OLD CHARLOTTE PKE,,,,0.00,N,Not at Intersection, ,,None,,,         ,Adam,Reese,,,no,no,no,no,no,False
102880435,METROPOLITAN NASHVILLE POLICE DEPT,20210038405,Davidson,Nashville,1/20/2021 3:49:00 PM,2,0,0,36.218910,-86.748280,ELLINGTON PKWY S EXT RAMP,,,,0.00,,,HART LN,,,,0.00,Y,T-Intersection, ,,None,,,         ,Wade,Johnson,,,no,no,no,no,no,False
102880454,METROPOLITAN NASHVILLE POLICE DEPT,20210038496,Davidson,Nashville,1/20/2021 3:57:00 PM,2,1,0,36.201040,-86.617930,LEBANON PKE,,,,84.00,Feet,South,TYLER DR,,,,0.00,N,Not at Intersection,N,Non-Junction,None,,,         ,William,Sutherland,,Angle,no,no,no,no,no,False
102880459,METROPOLITAN NASHVILLE POLICE DEPT,20210038574,Davidson,Nashville,1/20/2021 5:03:00 PM,2,0,0,36.154700,-86.791900,BROADWAY,,,,330.00,Feet,East,16TH AVS,,,,0.00,N,Not at Intersection, ,Non-Junction,None,,,         ,Goran,Manojlovic,,Angle,no,no,no,no,no,False
102880471,METROPOLITAN NASHVILLE POLICE DEPT,20210038524,Davidson,Not in City Limit,1/20/2021 4:59:00 PM,2,2,0,36.078020,-86.949070,HIGHWAY 70S,,,,0.00,,,BELLEVUE CTR PVTDR,,,,0.00,Y,Four-Way,N,Intersection,None,,,         ,Adam,Reese,Clear,Angle,no,no,no,no,no,False
102880473,METROPOLITAN NASHVILLE POLICE DEPT,20210038369,Davidson,Nashville,1/20/2021 3:31:00 PM,2,1,0,36.171750,-86.768210,I 24,,,,0.00,,,,,,,48.35,N,Not at Intersection,N,Non-Junction,None,,,         ,Zachary,Aldrich,,Front to Rear,no,no,no,no,no,False
102880474,METROPOLITAN NASHVILLE POLICE DEPT,20210038621,Davidson,Nashville,1/20/2021 5:25:00 PM,2,0,0,36.131190,-86.716870,MURFREESBORO PKE,,,,0.00,,,FOOTHILL DR,,,,0.00,Y,T-Intersection,N,Intersection,None,,,         ,Beri,Scott,Clear,Angle,no,no,no,no,yes,False
102880476,METROPOLITAN NASHVILLE POLICE DEPT,20210038644,Davidson,Nashville,1/20/2021 5:21:00 PM,2,1,0,36.158580,-86.640630,STEWARTS FERRY PKE,,,,6.00,Feet,East,HICKORY PL,,,,0.00,N,Not at Intersection,N,Non-Junction,None,,,         ,Adam,Warren,,Front to Rear,no,no,no,no,yes,False
102880478,METROPOLITAN NASHVILLE POLICE DEPT,20210038357,Davidson,Nashville,1/20/2021 2:30:00 PM,2,0,0,36.091770,-86.735350,NOLENSVILLE PKE,,,,154.00,Feet,North,YELTON CT,,,,0.00,N,Not at Intersection, ,,None,,,         ,Darci,Stechman,,,no,no,no,no,no,False
102880482,METROPOLITAN NASHVILLE POLICE DEPT,20210038696,Davidson,Goodlettsville,1/20/2021 6:30:00 PM,2,0,0,36.304800,-86.693160,CONFERENCE DR,,,,0.00,,,THE SHOPPES AT RIVERGATE PVTDR,,,,0.00,Y,T-Intersection, ,Intersection,None,,,         ,Christopher,Littles,Cloudy,Angle,no,no,no,no,no,False
102880484,METROPOLITAN NASHVILLE POLICE DEPT,20210038594,Davidson,Nashville,1/20/2021 3:15:00 PM,2,0,0,36.147130,-86.869440,CHARLOTTE PKE,,,,9.00,Feet,West,MARCIA AV,,,,0.00,N,Not at Intersection, ,Non-Junction,None,,,         ,Jared,Dick,Clear,Angle,no,no,no,no,no,False
102880491,METROPOLITAN NASHVILLE POLICE DEPT,20210038624,Davidson,Nashville,1/20/2021 5:20:00 PM,2,0,0,36.231890,-86.801590,EWING DR,,,,5.00,Feet,East,CLAYMILLE BLVD,,,,0.00,N,Not at Intersection, ,Non-Junction,None,,,         ,Alec,Pellissier,Clear,Angle,no,no,no,no,no,False
102880493,METROPOLITAN NASHVILLE POLICE DEPT,20210038723,Davidson,Nashville,1/20/2021 5:31:00 PM,2,0,0,36.183100,-86.765060,LISCHEY AV,,,,138.00,Feet,South,HANCOCK ST,,,,0.00,N,Not at Intersection,N,Non-Junction,None,,,         ,Marc,Kozen,,"Sideswipe, Same Direction",no,no,no,no,yes,False
102880496,METROPOLITAN NASHVILLE POLICE DEPT,20210038802,Davidson,Nashville,1/20/2021 7:33:00 PM,2,0,0,36.139220,-86.778390,8TH AVS,,,,0.00,,,HAMILTON AV,,,,0.00,Y,T-Intersection, ,Intersection,None,,,         ,Douglas,Sykes,Clear,"Sideswipe, Opposite Direction",no,no,no,no,no,False
102880497,METROPOLITAN NASHVILLE POLICE DEPT,20210038482,Davidson,Antioch,1/20/2021 4:37:00 PM,2,1,0,36.013120,-86.620920,I24 E EXT RAMP,,,,0.00,Feet,East,I 24,,,,0.00,N,Not at Intersection,N,Non-Junction,None,,,         ,Gabriel,Hamilton,,Front to Rear,no,no,no,no,no,False
102880499,METROPOLITAN NASHVILLE POLICE DEPT,20210038792,Davidson,Nashville,1/20/2021 6:56:00 PM,2,0,0,36.203550,-86.738530,GALLATIN PKE,,,,0.00,,,E TRINITY LN,,,,0.00,Y,Four-Way,N,Intersection,None,,,         ,Richard,Conger,,"Sideswipe, Same Direction",no,no,no,no,yes,False
102880502,METROPOLITAN NASHVILLE POLICE DEPT,20210038716,Davidson,Nashville,1/20/2021 6:40:00 PM,1,1,0,36.157350,-86.859940,BRILEY PKWYN,,,,466.00,Feet,East,BRILEY PKWY N ENT RAMP,,,,0.00,N,Not at Intersection,Y,Entrance/Exit Ramp Related,None,,,         ,Cody,MIller,Clear,Not Collision with Motor Vehicle in Transport,no,no,no,no,no,False
102880512,METROPOLITAN NASHVILLE POLICE DEPT,20210038665,Davidson,Nashville,1/20/2021 6:12:00 PM,2,0,0,36.153900,-86.625640,STEWARTS FERRY PKE,,,,0.00,,,PERCY PRIEST DR,,,,0.00,Y,Four-Way,N,Intersection,None,,,         ,Steven,Powers,Clear,Angle,no,no,no,no,no,False
102880533,METROPOLITAN NASHVILLE POLICE DEPT,20210038816,Davidson,Not in City Limit,1/20/2021 7:44:00 PM,2,2,0,36.261240,-86.712530,GALLATIN PKES,,,,0.00,,,MAPLE ST,,,,0.00,Y,T-Intersection,N,Non-Junction,None,,,         ,Christopher,Littles,,Front to Rear,no,no,no,no,yes,False
102880546,METROPOLITAN NASHVILLE POLICE DEPT,20210038734,Davidson,Nashville,1/20/2021 6:30:00 PM,2,0,0,36.168100,-86.760890,SHELBY AV,,,,30.00,Feet,West,EDGEFIELD MANOR PVTDR,,,,0.00,N,Not at Intersection,N,Non-Junction,None,,,         ,Christopher,Beery,,"Sideswipe, Same Direction",no,no,no,no,yes,False
102880585,METROPOLITAN NASHVILLE POLICE DEPT,20210038775,Davidson,Nashville,1/20/2021 7:10:00 PM,2,0,0,36.151670,-86.789520,DIVISION ST,,,,0.00,,,MUSIC CIRE,,,,0.00,Y,Four-Way,N,Intersection,None,,,         ,Steven,Meador,,Angle,no,no,no,no,no,False
102880619,METROPOLITAN NASHVILLE POLICE DEPT,20210038508,Davidson,Antioch,1/20/2021 4:46:00 PM,2,0,0,35.991200,-86.683490,NOLENSVILLE RD,,,,0.00,,,BURKITT RD,,,,0.00,Y,T-Intersection, ,,None,,,         ,Nathaniel,Myers,,,no,no,no,no,no,False
102880629,METROPOLITAN NASHVILLE POLICE DEPT,20210038861,Davidson,Nashville,1/20/2021 8:09:00 PM,1,0,1,36.072160,-86.691380,I 24,,,,0.00,,,,,,,56.80,N,Not at Intersection,N,Non-Junction,None,,,         ,Cressie,Prill,Cloudy,Not Collision with Motor Vehicle in Transport,yes,no,no,no,no,False
102880633,METROPOLITAN NASHVILLE POLICE DEPT,20210038807,Davidson,Nashville,1/20/2021 7:20:00 PM,2,0,0,36.044840,-86.662940,BELL RD,,,,419.00,Feet,West,CANE RIDGE RD,,,,0.00,N,Not at Intersection,N,Non-Junction,None,,,         ,Beri,Scott,,"Sideswipe, Same Direction",no,no,no,no,yes,False
102880634,METROPOLITAN NASHVILLE POLICE DEPT,20210039066,Davidson,Not in City Limit,1/20/2021 10:20:00 PM,1,1,0,36.307210,-86.801460,LICKTON PKE,,,,2.00,Feet,North,SHAW RD,,,,0.00,N,Not at Intersection,N,Non-Junction,None,,,         ,Matthew,Herod,,Not Collision with Motor Vehicle in Transport,no,no,no,no,no,False
102880637,METROPOLITAN NASHVILLE POLICE DEPT,20210039100,Davidson,Nashville,1/20/2021 10:57:00 PM,1,0,0,36.175360,-86.758830,MAIN ST,,,,0.00,,,N 8TH ST,,,,0.00,Y,T-Intersection,Y,Intersection-Related,None,,,         ,Matthew,Jankiewicz,Rain,Not Collision with Motor Vehicle in Transport,no,no,no,no,no,False
102880639,METROPOLITAN NASHVILLE POLICE DEPT,20210039153,Davidson,Nashville,1/20/2021 11:33:00 PM,1,1,0,36.151290,-86.750940,I 40,,,,0.00,,,,,,,211.55,N,Not at Intersection,N,Non-Junction,None,,,         ,Meghan,Pope,,Not Collision with Motor Vehicle in Transport,no,no,no,no,no,False
102880646,METROPOLITAN NASHVILLE POLICE DEPT,20210039220,Davidson,Nashville,1/20/2021 11:30:00 PM,1,0,0,36.169340,-86.665500,OLD LEBANON PKE,,,,0.00,,,BENSON RD,,,,0.00,Y,T-Intersection,N,Intersection,None,,,         ,Samuel,Fredericks,,Not Collision with Motor Vehicle in Transport,no,no,no,no,yes,False
102880656,METROPOLITAN NASHVILLE POLICE DEPT,20210039255,Davidson,Nashville,1/20/2021 10:24:00 PM,2,0,0,36.191020,-86.798950,VANTAGE WAY CT,,,,0.00,,,VANTAGE WAY,,,,0.00,Y,Four-Way,N,Intersection,None,,,         ,Joshua,Asbell,,Angle,no,no,no,no,no,False
102880657,METROPOLITAN NASHVILLE POLICE DEPT,20210039284,Davidson,Nashville,1/21/2021 12:50:00 AM,1,0,0,36.238890,-86.777790,BRILEY PKWYE,,,,0.00,,,,,,,0.00,,,N,Non-Junction,None,,,         ,Patrick,McGinnis,,Not Collision with Motor Vehicle in Transport,no,no,no,no,no,False
102880659,METROPOLITAN NASHVILLE POLICE DEPT,20210039232,Davidson,Not in City Limit,1/20/2021 11:50:00 PM,1,0,0,36.256660,-86.707220,IDLEWILD AV,,,,0.00,,East,HARRINGTON AV,,,,0.00,N,Not at Intersection,N,Non-Junction,None,,,         ,Natalie,Robinson,Rain,Not Collision with Motor Vehicle in Transport,no,no,no,no,yes,False
102880671,METROPOLITAN NASHVILLE POLICE DEPT,20210039526,Davidson,Nashville,1/21/2021 4:12:00 AM,2,0,0,36.134930,-86.725370,I24 W EXT RAMP,,,,155.00,Feet,South,I 24,,,,0.00,N,Not at Intersection,N,Non-Junction,None,,,         ,Robert,Leverick,Rain,"Sideswipe, Same Direction",no,no,no,no,yes,False
102880679,METROPOLITAN NASHVILLE POLICE DEPT,20210039465,Davidson,Nashville,1/21/2021 3:10:00 AM,2,0,0,36.122720,-86.727420,I 24,,,,0.00,,,,,,,52.70,N,Not at Intersection,N,Non-Junction,None,,,         ,Autumn,Manning,Rain,Angle,no,no,no,no,no,False
102880685,METROPOLITAN NASHVILLE POLICE DEPT,20210039509,Davidson,Nashville,1/21/2021 3:01:00 AM,2,0,0,36.084270,-86.711510,TAMPA DR,,,,59.00,Feet,South,SPARTAN DR,,,,0.00,N,Not at Intersection,N,OtherLocation,None,,,         ,Garrett,Reingardt,Rain,Rear to Rear,no,no,no,yes,yes,False
102880688,THP District 3 - Nashville,321004174,Davidson,Nashville,1/20/2021 10:22:00 PM,1,0,0,36.159580,-86.760480,I 24,,,,0.00,,,,,,,49.50,N,Not at Intersection,N,Non-Junction,None,,,         ,Vincent,Turocy,Rain,Not Collision with Motor Vehicle in Transport,no,no,no,no,no,False
102880689,METROPOLITAN NASHVILLE POLICE DEPT,20210039450,Davidson,Nashville,1/21/2021 2:50:00 AM,2,0,0,36.151370,-86.799330,20TH AVS,,,,0.00,Feet,East,WEST END AV,,,,0.00,N,Not at Intersection,N,Non-Junction,None,,,         ,Justan,Vance,,Front to Rear,no,no,no,no,no,Campus
102880691,METROPOLITAN NASHVILLE POLICE DEPT,20210039249,Davidson,Nashville,1/21/2021 12:30:00 AM,1,0,0,36.154380,-86.758120,I24 W ENT RAMP,,,,0.00,Feet,East,I 40,,,,0.00,N,Not at Intersection,N,Non-Junction,None,,,         ,Meghan,Pope,,Not Collision with Motor Vehicle in Transport,no,no,no,no,no,False
102880698,METROPOLITAN NASHVILLE POLICE DEPT,20210039572,Davidson,Not in City Limit,1/21/2021 5:17:00 AM,1,0,0,36.097070,-86.967890,CHARLOTTE PKE,,,,332.00,Feet,West,BREWBOCK CT,,,,0.00,N,Not at Intersection,N,Non-Junction,None,,,         ,David,Moser,Rain,Not Collision with Motor Vehicle in Transport,no,no,no,no,no,False
102880706,METROPOLITAN NASHVILLE POLICE DEPT,20210039599,Davidson,Nashville,1/21/2021 5:55:00 AM,2,0,0,36.142330,-86.734930,I 40,,,,0.00,,,,,,,212.80,N,Not at Intersection,N,Non-Junction,None,,,         ,Aimee,Ortiz,,Front to Rear,no,no,no,no,no,False
102880707,METROPOLITAN NASHVILLE POLICE DEPT,20210039609,Davidson,Nashville,1/21/2021 6:00:00 AM,1,0,0,36.124800,-86.812880,I 440,,,,0.00,,,,,,,2.40,N,Not at Intersection,N,Non-Junction,None,,,         ,Taylor,Hurley,,Not Collision with Motor Vehicle in Transport,no,no,no,no,no,False
102880712,METROPOLITAN NASHVILLE POLICE DEPT,20210039618,Davidson,Nashville,1/21/2021 6:10:00 AM,2,0,0,36.053650,-86.672830,I 24,,,,0.00,,,,,,,58.45,N,Not at Intersection,N,Non-Junction,None,,,         ,Alex,DiBernardo,Rain,"Sideswipe, Same Direction",no,no,no,no,no,False
102880719,METROPOLITAN NASHVILLE POLICE DEPT,20210039644,Davidson,Nashville,1/21/2021 6:45:00 AM,1,0,0,36.030260,-86.638440,I 24,,,,0.00,,,,,,,61.00,N,Not at Intersection,N,Non-Junction,None,,,         ,Nicholas,Carter,Rain,Not Collision with Motor Vehicle in Transport,no,no,no,no,no,False