master_record_number,agency,agency_tracking_number,county,city,collision_date,vehicles_involved,number_injured,number_dead,latitude,longitude,roadway_name,roadway_suffix,roadway_number,roadway_local_id,distance_from_reference,miles-feet_indicator,direction_from_reference,intersection_road_name,intersection_road_name_suffix,intersection_road_number,intersection_local_id,mile_marker,intersection_indicator,intersect_type,interchange_related_indicator,relation_to_junction,work_zone_type,construction_maintenance_zone,construction_maintenance_zone_location,fatal_case_number,officer_first_name,officer_last_name,weather_condition(s),manner_of_crash,pedestrian,bicycle,scooter,parking,hitrun,mou
102881432,METROPOLITAN NASHVILLE POLICE DEPT,20210041837,Davidson,Nashville,1/22/2021 7:50:00 AM,2,0,0,36.161720,-86.646440,STEWARTS FERRY PKE,,,,0.00,,,CREEKSTONE CIR,,,,0.00,Y,T-Intersection,N,Intersection,None,,,         ,Michael,Brooks,Cloudy,Angle,no,no,no,no,no,False
102881441,METROPOLITAN NASHVILLE POLICE DEPT,20210041805,Davidson,Nashville,1/22/2021 7:27:00 AM,2,0,0,36.133620,-86.792100,15TH AVS,,,,0.00,,,CALDWELL AV,,,,0.00,Y,T-Intersection, ,Intersection,None,,,         ,Earl,Davis,,Angle,no,no,no,no,no,False
102881443,METROPOLITAN NASHVILLE POLICE DEPT,20210041800,Davidson,Nashville,1/22/2021 7:20:00 AM,2,0,0,36.057920,-86.716050,NOLENSVILLE PKE,,,,395.00,Feet,South,TUSCULUM RD,,,,0.00,N,Not at Intersection,N,Non-Junction,None,,,         ,Lynsey,Fish,Cloudy,Front to Rear,no,no,no,no,no,False
102881454,METROPOLITAN NASHVILLE POLICE DEPT,20210041841,Davidson,Nashville,1/22/2021 7:51:00 AM,2,0,0,36.157930,-86.791610,CHURCH ST,,,,0.00,,,14TH AVN,,,,0.00,Y,Four-Way,N,Intersection,None,,,         ,Earl,Davis,,Angle,no,no,no,no,no,False
102881472,METROPOLITAN NASHVILLE POLICE DEPT,20210041933,Davidson,Nashville,1/22/2021 8:37:00 AM,2,0,0,36.136690,-86.778860,8TH AVS,,,,200.00,Feet,North,EAST ARGYLE AV,,,,0.00,N,Not at Intersection, ,Non-Junction,None,,,         ,Earl,Davis,,Front to Rear,no,no,no,no,no,False
102881473,METROPOLITAN NASHVILLE POLICE DEPT,20210041917,Davidson,Nashville,1/22/2021 7:45:00 AM,2,0,0,36.103990,-86.715750,I 24,,,,0.00,,,,,,,54.20,N,Not at Intersection,N,Non-Junction,None,,,         ,Chase,Carter,Cloudy,"Sideswipe, Same Direction",no,no,no,no,yes,False
102881477,METROPOLITAN NASHVILLE POLICE DEPT,20210041980,Davidson,Nashville,1/22/2021 9:00:00 AM,2,0,0,36.047300,-86.862740,OLD HICKORY BLVD,,,,0.00,,,HILLSBORO PKE,,,,0.00,Y,Four-Way,N,Intersection,None,,,         ,Curtis,Rich,Cloudy,Front to Rear,no,no,no,no,no,False
102881493,VANDERBILT UNIVERSITY POLICE,2021-041998,Davidson,Nashville,1/22/2021 8:55:00 AM,2,0,0,36.148290,-86.799560,21ST AVS,,,,142.00,Feet,North,TERRACE PL,,,,0.00,N,Not at Intersection, ,,None,,,         ,Eric,Carter,,,no,no,no,yes,no,Campus
102881495,METROPOLITAN NASHVILLE POLICE DEPT,20210042005,Davidson,Nashville,1/22/2021 9:15:00 AM,2,0,0,36.040300,-86.782970,I65 S EXT RAMP,,,,0.00,Feet,East,I 65,,,,0.00,N,Not at Intersection, ,Non-Junction,None,,,         ,Tony,Folad,,"Sideswipe, Same Direction",no,no,no,no,no,False
102881501,METROPOLITAN NASHVILLE POLICE DEPT,20210042038,Davidson,Antioch,1/22/2021 9:32:00 AM,2,1,0,36.028520,-86.590350,LAVERGNE COUCHVILLE PKE,,,,70.00,Feet,North,MURFREESBORO PKE,,,,0.00,N,Not at Intersection,N,Non-Junction,None,,,         ,Rami,Rouhi,Clear,Front to Rear,no,no,no,no,no,False
102881529,METROPOLITAN NASHVILLE POLICE DEPT,20210042180,Davidson,Nashville,1/22/2021 10:45:00 AM,2,0,0,36.156240,-86.802940,MURPHY AV,,,,0.00,,,20TH AVN,,,,0.00,Y,T-Intersection,Y,Intersection,None,,,         ,Hendrik,Kruger,,"Sideswipe, Same Direction",no,no,no,no,yes,False
102881534,METROPOLITAN NASHVILLE POLICE DEPT,20210042154,Davidson,Nashville,1/22/2021 10:45:00 AM,2,0,0,36.101180,-86.738790,ANTIOCH PKE,,,,0.00,,,,,,,0.00,,,N,Non-Junction,None,,,         ,Todd,Watson,Clear,Rear to Side,no,no,no,yes,yes,False
102881536,METROPOLITAN NASHVILLE POLICE DEPT,20210042207,Davidson,Nashville,1/22/2021 11:30:00 AM,2,0,0,36.249980,-86.719000,GALLATIN PKES,,,,245.00,Feet,North,E PALESTINE AV,,,,0.00,N,Not at Intersection, ,,None,,,         ,Dillon,Hunt,,,no,no,no,no,no,False
102881538,METROPOLITAN NASHVILLE POLICE DEPT,20210042181,Davidson,Nashville,1/22/2021 11:00:00 AM,2,0,0,36.126160,-86.807230,25TH AVS,,,,120.00,Feet,South,WESTWOOD AV,,,,0.00,N,Not at Intersection, ,Non-Junction,None,,,         ,Earl,Davis,,Angle,no,no,no,no,no,False
102881547,METROPOLITAN NASHVILLE POLICE DEPT,20210042265,Davidson,Nashville,1/22/2021 11:44:00 AM,2,0,0,36.111440,-86.758000,THOMPSON LN,,,,0.00,,,KRAFT DR,,,,0.00,Y,T-Intersection, ,Intersection,None,,,         ,Earl,Davis,,"Sideswipe, Opposite Direction",no,no,no,no,no,False
102881560,THP District 9 - Administrative,321003827,Davidson,Nashville,1/19/2021 7:31:00 AM,2,0,0,36.143460,-86.737750,I 40,,,,0.00,,,,,,,212.65,N,Not at Intersection, ,Non-Junction,None,,,         ,Brian,Carmouche,Clear,"Sideswipe, Same Direction",no,no,no,no,no,False
102881566,METROPOLITAN NASHVILLE POLICE DEPT,20210042144,Davidson,Nashville,1/22/2021 10:50:00 AM,2,0,0,36.159550,-86.796400,CHARLOTTE AV,,,,44.00,Feet,West,16TH AVN,,,,0.00,N,Not at Intersection,N,Unknown,None,,,         ,Dakota,Davis,,Front to Rear,no,no,no,no,yes,False
102881572,METROPOLITAN NASHVILLE POLICE DEPT,20210042197,Davidson,Nashville,1/22/2021 11:10:00 AM,1,0,0,36.216010,-86.826400,TUCKER RD,,,,374.00,Feet,North,DOVE PL,,,,0.00,N,Not at Intersection,N,Non-Junction,None,,,         ,Jacob,Krispin,Clear,Not Collision with Motor Vehicle in Transport,no,no,no,no,no,False
102881597,METROPOLITAN NASHVILLE POLICE DEPT,20210042284,Davidson,Nashville,1/22/2021 12:16:00 PM,2,0,0,36.194030,-86.687210,BRILEY PKWYN,,,,577.00,Feet,North,BRILEY PKWY N ENT RAMP,,,,0.00,N,Not at Intersection,N,Non-Junction,None,,,         ,Michael,Brooks,Clear,"Sideswipe, Same Direction",no,no,no,no,no,False
102881598,METROPOLITAN NASHVILLE POLICE DEPT,20210042069,Davidson,Nashville,1/22/2021 10:11:00 AM,4,2,0,36.105970,-86.718230,I 24,,,,0.00,,,,,,,54.00,N,Not at Intersection,N,Non-Junction,None,,,         ,Brian,Sherman,Clear,Front to Rear,no,no,no,no,no,False
102881605,METROPOLITAN NASHVILLE POLICE DEPT,20210042328,Davidson,Nashville,1/22/2021 12:35:00 PM,2,0,0,36.204510,-86.747740,E TRINITY LN,,,,85.00,Feet,West,DR RICHARD G ADAMS DR,,,,0.00,N,Not at Intersection, ,Non-Junction,None,,,         ,Megan,Lamon,,Front to Rear,no,no,no,no,no,False
102881613,METROPOLITAN NASHVILLE POLICE DEPT,20210042335,Davidson,Nashville,1/22/2021 1:00:00 PM,2,0,0,36.060830,-86.915640,HIGHWAY 100,,,,153.00,Feet,East,OLD HICKORY BLVD,,,,0.00,N,Not at Intersection, ,,None,,,         ,Curtis,Rich,,,no,no,no,no,no,False
102881630,METROPOLITAN NASHVILLE POLICE DEPT,20210042305,Davidson,Nashville,1/22/2021 12:00:00 AM,2,2,0,36.085550,-86.701420,I24 E ENT RAMP,,,,0.00,,,I 24,,,,0.00,Y,OTHER,Y,Intersection,None,,,         ,William,Burnett,Clear,Angle,no,no,no,no,no,False
102881645,METROPOLITAN NASHVILLE POLICE DEPT,20210042371,Davidson,Nashville,1/22/2021 1:11:00 PM,2,1,0,36.150400,-86.771060,I 40,,,,0.00,,,,,,,210.35,N,Not at Intersection,N,OtherLocation,None,,,         ,Earl,Davis,,Front to Rear,no,no,no,no,no,False
102881654,METROPOLITAN NASHVILLE POLICE DEPT,20210042194,Davidson,Nashville,1/22/2021 11:18:00 AM,3,1,0,36.081860,-86.727030,NOLENSVILLE PKE,,,,282.00,Feet,South,WELSHWOOD DR,,,,0.00,N,Not at Intersection,N,Non-Junction,None,,,         ,Tony,Folad,,Angle,no,no,no,no,no,False
102881659,METROPOLITAN NASHVILLE POLICE DEPT,20210042363,Davidson,Nashville,1/22/2021 1:05:00 PM,2,1,0,36.215400,-86.588510,TULIP GROVE RD,,,,0.00,,,LEBANON PKE,,,,0.00,Y,Four-Way,N,Intersection,None,,,         ,Michael,Brooks,Clear,Front to Rear,no,no,no,no,no,False
102881713,METROPOLITAN NASHVILLE POLICE DEPT,2021042409,Davidson,Nashville,1/22/2021 1:31:00 PM,2,0,0,36.167850,-86.786340,JAMES ROBERTSON PKWY,,,,0.00,,,7TH AVN,,,,0.00,Y,T-Intersection, ,Intersection-Related,None,,,         ,Joshua,Reece,,Front to Rear,no,no,no,no,no,False
102881743,METROPOLITAN NASHVILLE POLICE DEPT,2021-0042492,Davidson,Nashville,1/22/2021 2:00:00 PM,2,0,0,36.161220,-86.792670,-- UNKNOWN RAMP/ROAD --,,,,0.00,,,I 40,,,,0.00,Y,Four-Way, ,Intersection,None,,,         ,Edin,Plancic,Clear,"Sideswipe, Same Direction",no,no,no,no,no,False
102881745,METROPOLITAN NASHVILLE POLICE DEPT,20210042524,Davidson,Not in City Limit,1/22/2021 1:39:00 PM,2,0,0,36.076590,-86.945360,SAWYER BROWN RD,,,,115.00,Feet,South,HIGHWAY 70S,,,,0.00,N,Not at Intersection, ,Non-Junction,None,,,         ,Eric,Westbrook,Clear,Angle,no,no,no,no,no,False
102881755,METROPOLITAN NASHVILLE POLICE DEPT,20210042557,Davidson,Not in City Limit,1/22/2021 3:03:00 PM,2,0,0,36.263930,-86.732350,S GRAYCROFT AV,,,,189.00,Feet,South,N GRAYCROFT AV,,,,0.00,N,Not at Intersection, ,,None,,,         ,Jarret,Sonnenberg,,,no,no,no,no,no,False
102881762,METROPOLITAN NASHVILLE POLICE DEPT,20210042591,Davidson,Nashville,1/22/2021 1:51:00 PM,1,0,0,36.156580,-86.858650,BRILEY PKWY N ENT RAMP,,,,427.00,Feet,North,BRILEY PKWYN,,,,0.00,N,Not at Intersection, ,Entrance/Exit Ramp Related,None,,,         ,Ryan,Malone,Clear,Not Collision with Motor Vehicle in Transport,no,no,no,no,no,False
102881769,METROPOLITAN NASHVILLE POLICE DEPT,20210042531,Davidson,Nashville,1/22/2021 2:15:00 PM,2,0,0,36.175980,-86.780490,JEFFERSON ST,,,,535.00,Feet,East,OLDHAM ST PVTDR,,,,0.00,N,Not at Intersection,N,Non-Junction,None,,,         ,Steven,Bowler,,Front to Rear,no,no,no,no,no,False
102881778,METROPOLITAN NASHVILLE POLICE DEPT,20210042530,Davidson,Nashville,1/22/2021 2:53:00 PM,2,1,0,36.167010,-86.763730,SHELBY AV,,,,0.00,,,S 4TH ST,,,,0.00,Y,Four-Way,N,Intersection,None,,,         ,Zachary,Aldrich,,Front to Rear,no,no,no,no,no,False
102881800,METROPOLITAN NASHVILLE POLICE DEPT,20210042629,Davidson,Nashville,1/22/2021 2:35:00 PM,2,0,0,36.081400,-86.759490,HARDING PL,,,,352.00,Feet,West,TROUSDALE DR,,,,0.00,N,Not at Intersection, ,,None,,,         ,Darci,Stechman,,,no,no,no,no,no,False
102881815,METROPOLITAN NASHVILLE POLICE DEPT,20210042539,Davidson,Nashville,1/22/2021 2:53:00 PM,2,0,0,36.157640,-86.791250,I40 E ENT RAMP,,,,0.00,Feet,East,I 40,,,,0.00,N,Not at Intersection, ,,None,,,         ,Emmanuel,Berger,,,no,no,no,no,no,False
102881820,METROPOLITAN NASHVILLE POLICE DEPT,20210042723,Davidson,Nashville,1/22/2021 4:30:00 PM,2,0,0,36.066290,-86.630060,MURFREESBORO PKE,,,,264.00,Feet,North,HAMILTON CROSSINGS,,,,0.00,N,Not at Intersection,N,Non-Junction,None,,,         ,Dalton,Crum,,Front to Rear,no,no,no,no,no,False
102881835,METROPOLITAN NASHVILLE POLICE DEPT,20210042731,Davidson,Nashville,1/22/2021 4:34:00 PM,2,1,0,36.075260,-86.639380,MURFREESBORO PKE,,,,357.00,Feet,North,RURAL HILL RD,,,,0.00,N,Not at Intersection,N,Non-Junction,None,,,         ,Brandon,Simpkins,Clear,Front to Rear,no,no,no,no,no,False
102881836,METROPOLITAN NASHVILLE POLICE DEPT,20210042742,Davidson,Nashville,1/22/2021 4:24:00 PM,3,0,0,36.152370,-86.837280,CHARLOTTE AV,,,,65.00,Feet,West,42ND AVN,,,,0.00,N,Not at Intersection,N,Non-Junction,None,,,         ,Jared,Dick,Clear,Front to Rear,no,no,no,no,no,False
102881846,METROPOLITAN NASHVILLE POLICE DEPT,20210042614,Davidson,Nashville,1/22/2021 3:25:00 PM,2,0,0,36.167790,-86.658540,LEBANON PKE,,,,0.00,,,,,,,0.00,,,N,Non-Junction,None,,,         ,Peter,Kinsey,,Angle,no,no,no,yes,yes,False
102881852,METROPOLITAN NASHVILLE POLICE DEPT,20210042444,Davidson,Nashville,1/22/2021 1:48:00 PM,2,1,0,36.045500,-86.658620,BELL RD,,,,56.00,Feet,West,I24 W EXT RAMP,,,,0.00,N,Not at Intersection,N,Non-Junction,None,,,         ,Robert,Higgins,,Front to Rear,no,no,no,no,no,False
102881858,METROPOLITAN NASHVILLE POLICE DEPT,20210042578,Davidson,Not in City Limit,1/22/2021 2:30:00 PM,2,0,0,36.281650,-86.732040,I 65,,,,0.00,,,,,,,93.50,N,Not at Intersection, ,Non-Junction,None,,,         ,William,Badger,Clear,Angle,no,no,no,no,no,False
102881859,METROPOLITAN NASHVILLE POLICE DEPT,20210042800,Davidson,Nashville,1/22/2021 5:05:00 PM,2,0,0,36.116340,-86.772340,I 440,,,,0.00,,,,,,,5.00,N,Not at Intersection,N,Non-Junction,None,,,         ,Douglas,Sykes,,Front to Rear,no,no,no,no,no,False
102881862,METROPOLITAN NASHVILLE POLICE DEPT,20210042755,Davidson,Nashville,1/22/2021 4:43:00 PM,3,1,0,36.105450,-86.671360,MURFREESBORO PKE,,,,143.00,Feet,East,EZELL PKE,,,,0.00,N,Not at Intersection,N,Non-Junction,None,,,         ,Douglas,Mann,Clear,Front to Rear,no,no,no,no,yes,False
102881873,METROPOLITAN NASHVILLE POLICE DEPT,20210042625,Davidson,Nashville,1/22/2021 3:15:00 PM,3,0,0,36.044930,-86.664680,BELL RD,,,,534.00,Feet,North,CANE RIDGE RD,,,,0.00,N,Not at Intersection,N,Non-Junction,None,,,         ,Beri,Scott,Clear,Other,no,no,no,no,yes,False
102881874,METROPOLITAN NASHVILLE POLICE DEPT,20210042618,Davidson,Nashville,1/22/2021 3:42:00 PM,4,1,0,36.048970,-86.665510,I 24,,,,0.00,,,,,,,59.00,N,Not at Intersection,N,Non-Junction,Construction Zone,Other,Transition Area,         ,Christopher,Augustin,Clear,Front to Rear,no,no,no,no,no,False
102881875,METROPOLITAN NASHVILLE POLICE DEPT,20210042692,Davidson,Nashville,1/22/2021 4:11:00 PM,2,0,0,36.143190,-86.704540,I 40,,,,0.00,,,,,,,214.50,N,Not at Intersection, ,,None,,,         ,Douglas,Mann,,,no,no,no,no,no,False
102881877,METROPOLITAN NASHVILLE POLICE DEPT,20210042517,Davidson,Not in City Limit,1/22/2021 3:30:00 PM,2,0,0,36.262310,-86.738010,I 65,,,,0.00,,,,,,,92.10,N,Not at Intersection, ,Non-Junction,None,,,         ,Michael,Foster,Clear,Front to Rear,no,no,no,no,no,False
102881878,METROPOLITAN NASHVILLE POLICE DEPT,20210042836,Davidson,Nashville,1/22/2021 4:00:00 PM,2,0,0,36.192850,-86.806800,10TH AVN,,,,305.00,Feet,South,GREAT CIRCLE RD,,,,0.00,N,Not at Intersection,N,Non-Junction,None,,,         ,Jonathan,Sharp,Clear,Rear to Rear,no,no,no,yes,yes,False
102881879,METROPOLITAN NASHVILLE POLICE DEPT,20210042776,Davidson,Nashville,1/22/2021 2:40:00 PM,2,0,0,36.248090,-86.721370,DUE WEST AVW,,,,727.00,Feet,West,E PALESTINE AV,,,,0.00,N,Not at Intersection, ,Non-Junction,None,,,         ,Christopher,Littles,Clear,Unknown,no,no,no,no,no,False
102881880,METROPOLITAN NASHVILLE POLICE DEPT,20210042873,Davidson,Goodlettsville,1/22/2021 5:54:00 PM,2,1,0,36.288000,-86.725650,I 65,,,,0.00,,,,,,,94.00,N,Not at Intersection,N,Non-Junction,None,,,         ,Christopher,Littles,Clear,Front to Rear,no,no,no,no,yes,False
102881882,METROPOLITAN NASHVILLE POLICE DEPT,20210042846,Davidson,Nashville,1/22/2021 12:00:00 AM,2,1,0,36.040670,-86.771880,OLD HICKORY BLVD,,,,238.00,Feet,West,SEVEN SPRINGS WAY PVTDR,,,,0.00,N,Not at Intersection,N,Non-Junction,None,,,         ,Darci,Stechman,,"Sideswipe, Same Direction",no,no,no,no,yes,False
102881897,METROPOLITAN NASHVILLE POLICE DEPT,20210042777,Davidson,Nashville,1/22/2021 4:58:00 PM,2,1,0,36.110180,-86.737020,THOMPSON LN,,,,196.00,Feet,West,PRESCOTT PL,,,,0.00,N,Not at Intersection,N,Non-Junction,None,,,         ,Andrew,Brazee,Clear,Front to Rear,no,no,no,no,yes,False
102881914,METROPOLITAN NASHVILLE POLICE DEPT,20210042885,Davidson,Nashville,1/22/2021 5:44:00 PM,2,0,0,36.116060,-86.789320,I 440,,,,0.00,,,,,,,4.00,N,Not at Intersection, ,Non-Junction,None,,,         ,Sekou,Samassi,,Front to Rear,no,no,no,no,no,False
102881923,METROPOLITAN NASHVILLE POLICE DEPT,20210042824,Davidson,Nashville,1/22/2021 5:20:00 PM,1,1,0,36.046690,-86.647800,MT VIEW RD,,,,147.00,Feet,South,BELL FORGE LNE,,,,0.00,N,Not at Intersection,N,Non-Junction,None,,,         ,Beri,Scott,Clear,Not Collision with Motor Vehicle in Transport,no,no,no,no,no,False
102881927,METROPOLITAN NASHVILLE POLICE DEPT,20210042910,Davidson,Nashville,1/22/2021 5:45:00 PM,2,0,0,36.140730,-86.732270,I 40,,,,0.00,,,,,,,213.00,N,Not at Intersection,N,Non-Junction,None,,,         ,Reagan,Heath,,Angle,no,no,no,no,yes,False
102881928,METROPOLITAN NASHVILLE POLICE DEPT,20210042843,Davidson,Nashville,1/22/2021 4:00:00 PM,2,0,0,36.156870,-86.632760,STEWARTS FERRY PKE,,,,27.00,Feet,West,LAUER DR,,,,0.00,N,Not at Intersection,N,Non-Junction,None,,,         ,Michael,Fox,,Front to Rear,no,no,no,no,yes,False
102881930,METROPOLITAN NASHVILLE POLICE DEPT,20210042934,Davidson,Nashville,1/22/2021 6:30:00 PM,2,2,0,36.092330,-86.735710,NOLENSVILLE PKE,,,,382.00,Feet,North,MCNALLY DR,,,,0.00,N,Not at Intersection,N,Non-Junction,None,,,         ,Beri,Scott,Clear,Not Collision with Motor Vehicle in Transport,no,no,no,no,no,False
102881933,METROPOLITAN NASHVILLE POLICE DEPT,2021-0042931,Davidson,Nashville,1/22/2021 6:10:00 PM,2,0,0,36.186680,-86.764480,LISCHEY AV,,,,0.00,Feet,West,CLEVELAND ST,,,,0.00,N,Not at Intersection, ,Non-Junction,None,,,         ,Wayne,Helm,,"Sideswipe, Same Direction",no,no,no,no,no,False
102881934,METROPOLITAN NASHVILLE POLICE DEPT,20210042942,Davidson,Nashville,1/22/2021 6:29:00 PM,2,0,0,36.149820,-86.748230,I 40,,,,0.00,,,,,,,211.70,N,Not at Intersection, ,Non-Junction,None,,,         ,Derek,Sibley,,"Sideswipe, Same Direction",no,no,no,no,no,False
102881937,METROPOLITAN NASHVILLE POLICE DEPT,20210042994,Davidson,Nashville,1/22/2021 5:07:00 PM,2,0,0,36.098980,-86.716910,ANTIOCH PKE,,,,177.00,Feet,East,MCCALL ST,,,,0.00,N,Not at Intersection, ,Non-Junction,None,,,         ,Lisa,Beck,Clear,Front to Rear,no,no,no,no,no,False
102881950,METROPOLITAN NASHVILLE POLICE DEPT,20210042943,Davidson,Nashville,1/22/2021 6:42:00 PM,2,0,0,36.149120,-86.862770,CHARLOTTE PKE,,,,720.00,Feet,East,LELLYETT ST,,,,0.00,N,Not at Intersection, ,Non-Junction,None,,,         ,Ryan,Malone,Clear,Front to Rear,no,no,no,no,yes,False
102881958,METROPOLITAN NASHVILLE POLICE DEPT,20210042948,Davidson,Nashville,1/22/2021 6:42:00 PM,2,0,0,36.028300,-86.672710,PETTUS RD,,,,0.00,Feet,East,BLUE HOLE RD,,,,0.00,N,Not at Intersection, ,Non-Junction,None,,,         ,Nadine,Klemenz,Clear,"Sideswipe, Opposite Direction",no,no,no,no,no,False
102881973,METROPOLITAN NASHVILLE POLICE DEPT,20210042958,Davidson,Not in City Limit,1/22/2021 4:26:00 PM,2,0,0,36.071120,-86.947080,TODD PREIS DR,,,,0.00,,,SAWYER BROWN RD,,,,0.00,Y,Roundabout, ,Intersection,None,,,         ,Eric,Westbrook,Clear,Angle,no,no,no,no,no,False
102881974,METROPOLITAN NASHVILLE POLICE DEPT,20210042995,Davidson,Nashville,1/22/2021 7:00:00 PM,2,0,0,36.106280,-86.741260,MORTON AV,,,,0.00,,,SIMMONS AV,,,,0.00,Y,T-Intersection,N,Intersection,None,,,         ,Christopher,Valdez,Clear,Angle,no,no,no,no,no,False
102881975,METROPOLITAN NASHVILLE POLICE DEPT,20210042967,Davidson,Nashville,1/22/2021 3:00:00 PM,2,0,0,36.110620,-86.741410,THOMPSON LN,,,,148.00,Feet,East,LOGAN ST,,,,0.00,N,Not at Intersection, ,,None,,,         ,Andrew,Brazee,,,no,no,no,no,no,False
102881979,METROPOLITAN NASHVILLE POLICE DEPT,20210042939,Davidson,Nashville,1/22/2021 6:30:00 PM,3,0,0,36.134370,-86.825850,WEST END AV,,,,252.00,Feet,West,BOWLING AV,,,,0.00,N,Not at Intersection, ,,None,,,         ,William,Vanbergen,,,no,no,no,no,no,False
102881985,METROPOLITAN NASHVILLE POLICE DEPT,20210042930,Davidson,Nashville,1/22/2021 5:59:00 PM,3,0,0,36.140510,-86.720660,I 40,,,,0.00,,,,,,,213.60,N,Not at Intersection,N,Non-Junction,None,,,         ,Douglas,Mann,Clear,Front to Rear,no,no,no,no,yes,False
102881998,METROPOLITAN NASHVILLE POLICE DEPT,20210042844,Davidson,Nashville,1/22/2021 5:00:00 PM,2,0,0,36.144270,-86.694730,I 40,,,,0.00,,,,,,,215.00,N,Not at Intersection, ,Non-Junction,None,,,         ,Michael,Fox,Clear,"Sideswipe, Same Direction",no,no,no,no,no,False
102882003,METROPOLITAN NASHVILLE POLICE DEPT,20210042965,Davidson,Nashville,1/22/2021 5:59:00 PM,2,0,0,36.140780,-86.719040,I 40,,,,0.00,,,,,,,213.70,N,Not at Intersection, ,Non-Junction,None,,,         ,Douglas,Mann,Clear,Front to Rear,no,no,no,no,yes,False
102882007,METROPOLITAN NASHVILLE POLICE DEPT,20210042863,Davidson,Nashville,1/22/2021 5:40:00 PM,2,0,0,36.191810,-86.782180,I 65,,,,0.00,,,,,,,86.20,N,Not at Intersection,N,Non-Junction,None,,,         ,Steven,Bowler,,Angle,no,no,no,no,yes,False
102882016,METROPOLITAN NASHVILLE POLICE DEPT,20210043044,Davidson,Not in City Limit,1/22/2021 7:37:00 PM,3,0,0,36.262210,-86.712210,GALLATIN PKES,,,,0.00,,,E OLD HICKORY BLVD,,,,0.00,Y,Four-Way,N,Intersection,None,,,         ,Carey,Steel,Clear,Angle,no,no,no,no,yes,False
102882018,METROPOLITAN NASHVILLE POLICE DEPT,20210043035,Davidson,Nashville,1/22/2021 5:30:00 PM,2,0,0,36.040030,-86.743710,OLD HICKORY BLVD,,,,70.00,Feet,West,EDMONDSON PKE,,,,0.00,N,Not at Intersection, ,,None,,,         ,Darci,Stechman,,,no,no,no,no,no,False
102882023,METROPOLITAN NASHVILLE POLICE DEPT,20210042894,Davidson,Nashville,1/22/2021 5:30:00 PM,2,0,0,36.115670,-86.780780,I65 ENT RAMP,,,,0.00,Feet,East,I 440,,,,0.00,N,Not at Intersection, ,Non-Junction,None,,,         ,Ebony,Brown,,Front to Rear,no,no,no,no,yes,False
102882029,METROPOLITAN NASHVILLE POLICE DEPT,20210043082,Davidson,Nashville,1/22/2021 6:00:00 PM,2,0,0,36.042510,-86.838270,OLD HICKORY BLVD,,,,267.00,Feet,West,DERBY GLEN LN,,,,0.00,N,Not at Intersection,N,Non-Junction,None,,,         ,Darci,Stechman,,Front to Rear,no,no,no,no,no,False
102882038,METROPOLITAN NASHVILLE POLICE DEPT,20210043040,Davidson,Nashville,1/22/2021 7:03:00 PM,2,0,0,36.071870,-86.636180,MURFREESBORO PKE,,,,0.00,,,BELL RD,,,,0.00,Y,Four-Way,N,Intersection-Related,None,,,         ,Matthew,Swindell,Clear,Front to Rear,no,no,no,no,yes,False
102882073,METROPOLITAN NASHVILLE POLICE DEPT,20210042576,Davidson,Nashville,1/22/2021 3:15:00 PM,2,0,0,36.193950,-86.830950,BUENA VISTA PKE,,,,130.00,Feet,North,CLARKSVILLE PKE,,,,0.00,N,Not at Intersection, ,Non-Junction,None,,,         ,Alec,Pellissier,Clear,Angle,no,no,no,no,no,False
102882074,METROPOLITAN NASHVILLE POLICE DEPT,20210042690,Davidson,Nashville,1/22/2021 4:10:00 PM,2,1,0,36.206940,-86.791900,W TRINITY LN,,,,93.00,Feet,West,BAPTIST WORLD CENTER DR,,,,0.00,N,Not at Intersection,N,Non-Junction,None,,,         ,Alec,Pellissier,Clear,Front to Rear,no,no,no,no,no,False
102882086,METROPOLITAN NASHVILLE POLICE DEPT,20210042974,Davidson,Nashville,1/22/2021 5:31:00 PM,3,0,0,36.115670,-86.780780,I65 ENT RAMP,,,,0.00,Feet,East,I 440,,,,0.00,N,Not at Intersection, ,Non-Junction,None,,,         ,Ebony,Brown,,Front to Rear,no,no,no,no,yes,False
102882097,METROPOLITAN NASHVILLE POLICE DEPT,20210043269,Davidson,Nashville,1/22/2021 10:07:00 PM,1,1,0,36.168190,-86.609510,I40 W ENT RAMP,,,,0.00,Feet,East,I 40,,,,0.00,N,Not at Intersection,N,Entrance/Exit Ramp Related,None,,,         ,Destiny,Zunic,,Not Collision with Motor Vehicle in Transport,no,no,no,no,no,False
102882117,METROPOLITAN NASHVILLE POLICE DEPT,20210043276,Davidson,Nashville,1/22/2021 10:12:00 PM,2,2,0,36.235670,-86.758250,DICKERSON PKE,,,,211.00,Feet,North,HOMESTEAD RD,,,,0.00,N,Not at Intersection,N,Non-Junction,None,,,         ,Tyler,Heckaman,Clear,Angle,no,no,no,no,no,False
102882118,METROPOLITAN NASHVILLE POLICE DEPT,20210043206,Davidson,Nashville,1/22/2021 9:29:00 PM,2,0,0,36.154020,-86.757500,I 40,,,,0.00,,,,,,,211.10,N,Not at Intersection,Y,Entrance/Exit Ramp Related,None,,,         ,Robert,Erickson,,"Sideswipe, Same Direction",no,no,no,no,no,False