master_record_number,agency,agency_tracking_number,county,city,collision_date,vehicles_involved,number_injured,number_dead,latitude,longitude,roadway_name,roadway_suffix,roadway_number,roadway_local_id,distance_from_reference,miles-feet_indicator,direction_from_reference,intersection_road_name,intersection_road_name_suffix,intersection_road_number,intersection_local_id,mile_marker,intersection_indicator,intersect_type,interchange_related_indicator,relation_to_junction,work_zone_type,construction_maintenance_zone,construction_maintenance_zone_location,fatal_case_number,officer_first_name,officer_last_name,weather_condition(s),manner_of_crash,pedestrian,bicycle,scooter,parking,hitrun,mou
102883589,METROPOLITAN NASHVILLE POLICE DEPT,20210046974,Davidson,Nashville,1/25/2021 3:20:00 AM,1,0,0,36.148810,-86.746440,I 40,,,,0.00,,,,,,,211.85,N,Not at Intersection,N,Non-Junction,None,,,         ,Clayton,Smith,,Not Collision with Motor Vehicle in Transport,no,no,no,no,no,False
102883594,METROPOLITAN NASHVILLE POLICE DEPT,20210046994,Davidson,Nashville,1/25/2021 4:40:00 AM,1,0,0,36.152550,-86.754190,I 40,,,,0.00,,,,,,,211.35,N,Not at Intersection,N,Non-Junction,None,,,         ,Jeremy,Crisp,,Not Collision with Motor Vehicle in Transport,no,no,no,no,no,False
102883598,METROPOLITAN NASHVILLE POLICE DEPT,20210047016,Davidson,Nashville,1/25/2021 5:05:00 AM,5,0,0,36.090120,-86.703120,I 24,,,,0.00,,,,,,,55.40,N,Not at Intersection,N,Non-Junction,None,,,         ,Douglas,Meringer,Rain,Front to Rear,no,no,no,no,no,False
102883599,METROPOLITAN NASHVILLE POLICE DEPT,20210047062,Davidson,Nashville,1/25/2021 6:07:00 AM,1,1,0,36.137570,-86.800760,WEDGEWOOD AV,,,,0.00,Feet,,BLAKEMORE AV,,,,0.00,Y,Four-Way,N,Intersection,None,,,         ,Brandon,Lopez,Rain,Not Collision with Motor Vehicle in Transport,yes,no,no,no,no,Campus
102883615,METROPOLITAN NASHVILLE POLICE DEPT,20210047128,Davidson,Nashville,1/25/2021 7:05:00 AM,3,0,0,36.034860,-86.643160,I 24,,,,0.00,,,,,,,60.60,N,Not at Intersection, ,,None,,,         ,Nicholas,Carter,,,no,no,no,no,no,False
102883620,METROPOLITAN NASHVILLE POLICE DEPT,20210047160,Davidson,Nashville,1/25/2021 7:40:00 AM,2,0,0,36.081560,-86.762040,I65 N EXT RAMP,,,,0.00,Feet,East,I65 N ENT RAMP,,,,0.00,N,Not at Intersection, ,Non-Junction,None,,,         ,Ryan,Papp,"Cloudy, Rain",Angle,no,no,no,no,no,False
102883624,METROPOLITAN NASHVILLE POLICE DEPT,20210047220,Davidson,Nashville,1/25/2021 8:00:00 AM,1,0,0,36.226800,-86.775010,I24 W ENT RAMP,,,,0.00,Feet,East,I 65,,,,0.00,N,Not at Intersection,Y,Entrance/Exit Ramp Related,None,,,         ,Travis,Baxter,Rain,Not Collision with Motor Vehicle in Transport,no,no,no,no,no,False
102883625,METROPOLITAN NASHVILLE POLICE DEPT,20210047138,Davidson,Nashville,1/25/2021 7:01:00 AM,2,0,0,36.082530,-86.697740,I 24,,,,0.00,,,,,,,56.00,N,Not at Intersection, ,,None,,,         ,Stanley,Collins,,,no,no,no,no,no,False
102883635,METROPOLITAN NASHVILLE POLICE DEPT,20210047068,Davidson,Nashville,1/25/2021 6:00:00 AM,3,1,0,36.105940,-86.767880,I 65,,,,0.00,,,,,,,79.50,N,Not at Intersection,N,Non-Junction,None,,,         ,Clayton,Cox,Rain,Angle,no,no,no,no,no,False
102883648,METROPOLITAN NASHVILLE POLICE DEPT,20210047166,Davidson,Nashville,1/25/2021 6:32:00 AM,2,0,0,36.046850,-86.656860,BELL RD,,,,438.00,Feet,East,COLLINS PARK DR,,,,0.00,N,Not at Intersection, ,Non-Junction,None,,,         ,Jason,Hees,Rain,"Sideswipe, Same Direction",no,no,no,no,yes,False
102883649,METROPOLITAN NASHVILLE POLICE DEPT,20210047208,Davidson,Nashville,1/25/2021 7:50:00 AM,2,1,0,36.070160,-86.689960,I 24,,,,0.00,,,,,,,56.95,N,Not at Intersection,N,Non-Junction,None,,,         ,Jason,Hees,Rain,Not Collision with Motor Vehicle in Transport,no,no,no,no,yes,False
102883655,METROPOLITAN NASHVILLE POLICE DEPT,20210047156,Davidson,Nashville,1/25/2021 6:50:00 AM,2,1,0,36.075660,-86.647800,DOVER GLEN DR,,,,0.00,,,EDGE O LAKE DR,,,,0.00,Y,Four-Way,N,Intersection,None,,,         ,Theodore,Flick,,Angle,no,no,no,no,no,False
102883657,METROPOLITAN NASHVILLE POLICE DEPT,20210047101,Davidson,Nashville,1/25/2021 6:55:00 AM,2,1,0,36.045300,-86.701680,BELL RD,,,,0.00,,,OLD HICKORY BLVD,,,,0.00,Y,Four-Way,N,Intersection,None,,,         ,Joe,Hooper,,Angle,no,no,no,no,no,False
102883664,METROPOLITAN NASHVILLE POLICE DEPT,20210047184,Davidson,Nashville,1/25/2021 7:55:00 AM,2,0,0,36.089040,-86.636390,NASHBORO BLVD,,,,0.00,,,FLINTLOCK CT,,,,0.00,Y,T-Intersection,N,Intersection,None,,,         ,Michael,Brooks,,Angle,no,no,no,no,no,False
102883667,METROPOLITAN NASHVILLE POLICE DEPT,20210047014,Davidson,Nashville,1/25/2021 6:30:00 AM,2,0,0,36.096020,-86.707900,I 24,,,,0.00,,,,,,,54.90,N,Not at Intersection, ,Non-Junction,None,,,         ,William,Burnett,"Cloudy, Rain","Sideswipe, Same Direction",no,no,no,no,yes,False
102883680,METROPOLITAN NASHVILLE POLICE DEPT,20210047330,Davidson,Antioch,1/25/2021 7:06:00 AM,2,0,0,36.019980,-86.606820,HEIL QUAKER BLVD,,,,946.00,Feet,North,CORPORATE PL,,,,0.00,N,Not at Intersection,N,Non-Junction,None,,,         ,Joe,Hooper,Rain,Angle,no,no,no,no,yes,False
102883682,METROPOLITAN NASHVILLE POLICE DEPT,20210047298,Davidson,Nashville,1/25/2021 9:09:00 AM,1,0,0,36.138370,-86.726310,I24 E ENT RAMP,,,,0.00,,,I 24,,,,0.00,Y,OTHER,Y,Entrance/Exit Ramp Related,None,,,         ,Michael,Brooks,,Not Collision with Motor Vehicle in Transport,no,no,no,no,no,False
102883683,METROPOLITAN NASHVILLE POLICE DEPT,20210047270,Davidson,Nashville,1/25/2021 8:51:00 AM,1,1,0,36.137560,-86.727310,I24 E ENT RAMP,,,,200.00,Feet,North,I24 E ENT RAMP,,,,0.00,N,Not at Intersection,Y,Entrance/Exit Ramp Related,None,,,         ,Michael,Brooks,,Not Collision with Motor Vehicle in Transport,no,no,no,no,no,False
102883688,METROPOLITAN NASHVILLE POLICE DEPT,20200047301,Davidson,Nashville,1/25/2021 9:10:00 AM,1,0,0,36.151790,-86.779250,8TH AVS,,,,0.00,,,GLEAVES ST,,,,0.00,Y,T-Intersection, ,Non-Junction,None,,,         ,Erik,Wagner,Cloudy,Not Collision with Motor Vehicle in Transport,no,no,no,no,no,False
102883702,METROPOLITAN NASHVILLE POLICE DEPT,20210044990,Davidson,Antioch,1/23/2021 9:55:00 PM,1,0,0,36.044620,-86.659450,I24 E ENT RAMP,,,,0.00,,,BELL RD,,,,0.00,Y,T-Intersection,N,Entrance/Exit Ramp Related,None,,,         ,Jessie,Loy,Cloudy,Not Collision with Motor Vehicle in Transport,no,no,no,no,no,False
102883705,METROPOLITAN NASHVILLE POLICE DEPT,20210047353,Davidson,Nashville,1/25/2021 9:36:00 AM,2,2,0,36.166890,-86.795320,I 40,,,,0.00,,,,,,,208.30,N,Not at Intersection,N,Non-Junction,None,,,         ,Miles,Posey,Rain,Front to Rear,no,no,no,no,no,False
102883709,METROPOLITAN NASHVILLE POLICE DEPT,20210047380,Davidson,Nashville,1/25/2021 9:54:00 AM,2,0,0,36.158210,-86.791040,I 40,,,,0.00,,,,,,,209.00,N,Not at Intersection,N,Non-Junction,None,,,         ,Harold,Wells,Cloudy,"Sideswipe, Same Direction",no,no,no,no,no,False
102883712,METROPOLITAN NASHVILLE POLICE DEPT,20210047328,Davidson,Nashville,1/25/2021 9:25:00 AM,3,3,0,36.168170,-86.796240,I 40,,,,0.00,,,,,,,208.20,N,Not at Intersection,N,Non-Junction,None,,,         ,Tyler,Adcock,Cloudy,"Sideswipe, Same Direction",no,no,no,no,yes,False
102883713,METROPOLITAN NASHVILLE POLICE DEPT,20210047489,Davidson,Not in City Limit,1/25/2021 10:49:00 AM,2,0,0,36.010330,-87.028210,HIGHWAY 96,,,,68.00,Feet,South,FOX VALE LN,,,,0.00,N,Not at Intersection, ,Non-Junction,None,,,         ,Curtis,Rich,"Cloudy, Rain","Sideswipe, Opposite Direction",no,no,no,no,yes,False
102883718,METROPOLITAN NASHVILLE POLICE DEPT,20210047496,Davidson,Nashville,1/25/2021 11:12:00 AM,1,0,0,36.072920,-86.645640,RICE RD,,,,412.00,Feet,East,EDGE O LAKE DR,,,,0.00,N,Not at Intersection,N,Non-Junction,None,,,         ,Joe,Hooper,Cloudy,Not Collision with Motor Vehicle in Transport,no,no,no,no,yes,False
102883719,METROPOLITAN NASHVILLE POLICE DEPT,20210047279,Davidson,Nashville,1/25/2021 8:33:00 AM,2,0,0,36.100910,-86.726310,ANTIOCH PKE,,,,103.00,Feet,East,MIMOSA DR,,,,0.00,N,Not at Intersection,N,Non-Junction,None,,,         ,Brian,Sherman,"Cloudy, Rain","Sideswipe, Same Direction",no,no,no,no,no,False
102883721,METROPOLITAN NASHVILLE POLICE DEPT,20210047487,Davidson,Nashville,1/25/2021 11:02:00 AM,1,0,0,36.040600,-86.781320,I65 N EXT RAMP,,,,0.00,,,I 65,,,,0.00,Y,Traffic Circle,N,Entrance/Exit Ramp Related,None,,,         ,Cecelia,Brown,Clear,Not Collision with Motor Vehicle in Transport,no,no,no,no,no,False
102883722,METROPOLITAN NASHVILLE POLICE DEPT,20210047311,Davidson,Nashville,1/25/2021 8:17:00 AM,1,1,0,36.034690,-86.659960,PRESTON RD,,,,957.00,Feet,West,CANE RIDGE RD,,,,0.00,N,Not at Intersection,N,Non-Junction,None,,,         ,Lynsey,Fish,Cloudy,Not Collision with Motor Vehicle in Transport,no,no,no,no,no,False
102883748,METROPOLITAN NASHVILLE POLICE DEPT,20210047570,Davidson,Nashville,1/25/2021 12:12:00 PM,2,0,0,36.226310,-86.603190,SAUNDERSVILLE RD,,,,0.00,,,SHUTE LN,,,,0.00,Y,T-Intersection,N,Intersection-Related,None,,,         ,Michael,Brooks,,Front to Rear,no,no,no,no,no,False
102883764,METROPOLITAN NASHVILLE POLICE DEPT,20210047596,Davidson,Nashville,1/25/2021 12:00:00 PM,2,0,0,36.135100,-86.776090,I65 S EXT RAMP,,,,0.00,Feet,East,I 65,,,,0.00,N,Not at Intersection, ,Non-Junction,None,,,         ,Ryan,Papp,"Cloudy, Rain",Front to Rear,no,no,no,no,no,False
102883765,METROPOLITAN NASHVILLE POLICE DEPT,20210047559,Davidson,Nashville,1/25/2021 11:15:00 AM,3,0,0,36.147990,-86.764420,1ST AVS,,,,129.00,Feet,North,MILDRED SHUTE AV,,,,0.00,N,Not at Intersection,N,Non-Junction,None,,,         ,Joe,Hooper,Cloudy,Angle,no,no,no,no,no,False
102883802,METROPOLITAN NASHVILLE POLICE DEPT,20210047671,Davidson,Nashville,1/25/2021 1:10:00 PM,2,1,0,36.045610,-86.719770,OLD HICKORY BLVD,,,,0.00,,,ZERMATT AV,,,,0.00,Y,T-Intersection,Y,Intersection,None,,,         ,Jason,Hees,"Rain, Sleet/Hail","Sideswipe, Opposite Direction",no,no,no,no,no,False
102883832,METROPOLITAN NASHVILLE POLICE DEPT,20210047505,Davidson,Not in City Limit,1/25/2021 11:21:00 AM,1,0,0,36.272730,-86.796160,I 24,,,,0.00,,,,,,,40.90,N,Not at Intersection,N,Non-Junction,None,,,         ,Jedidayah,Merriweather,"Cloudy, Rain",Not Collision with Motor Vehicle in Transport,no,no,no,no,no,False
102883837,METROPOLITAN NASHVILLE POLICE DEPT,20210047635,Davidson,Nashville,1/25/2021 12:48:00 PM,2,1,0,36.044000,-86.780690,I65 N ENT RAMP,,,,0.00,Feet,East,I 65,,,,0.00,N,Not at Intersection,N,Non-Junction,None,,,         ,Cecelia,Brown,,Front to Rear,no,no,no,no,yes,False
102883838,METROPOLITAN NASHVILLE POLICE DEPT,20210047715,Davidson,Nashville,1/25/2021 1:09:00 PM,2,0,0,36.086960,-86.730310,NOLENSVILLE PKE,,,,40.00,Feet,North,ELYSIAN FIELDS CT,,,,0.00,N,Not at Intersection, ,Non-Junction,None,,,         ,Joe,Hooper,Cloudy,Front to Rear,no,no,no,no,no,False
102883851,METROPOLITAN NASHVILLE POLICE DEPT,20210047716,Davidson,Nashville,1/25/2021 1:36:00 PM,3,1,0,36.076590,-86.634880,DAVENPORT DR,,,,0.00,,,BELL RD,,,,0.00,Y,T-Intersection,N,Non-Junction,None,,,         ,Michael,Brooks,Cloudy,Angle,no,no,no,no,no,False
102883863,METROPOLITAN NASHVILLE POLICE DEPT,20210047680,Davidson,Nashville,1/25/2021 1:17:00 PM,2,1,0,36.169550,-86.606540,I40 E EXT RAMP,,,,0.00,,,I 40,,,,0.00,Y,OTHER,N,Non-Junction,None,,,         ,Michael,Brooks,Rain,"Sideswipe, Same Direction",no,no,no,no,no,False
102883869,METROPOLITAN NASHVILLE POLICE DEPT,20210047673,Davidson,Nashville,1/25/2021 1:14:00 PM,2,0,0,36.218830,-86.748610,HART LN,,,,80.00,Feet,West,ELLINGTON PKWY S EXT RAMP,,,,0.00,N,Not at Intersection, ,Entrance/Exit Ramp Related,None,,,         ,Michael,Intrieri,,Angle,no,no,no,no,no,False
102883872,METROPOLITAN NASHVILLE POLICE DEPT,20210047779,Davidson,Nashville,1/25/2021 2:30:00 PM,1,0,0,36.135980,-86.726720,I 24,,,,0.00,,,,,,,52.20,N,Not at Intersection,N,Non-Junction,None,,,         ,Nicholas,Carter,Rain,Not Collision with Motor Vehicle in Transport,no,no,no,no,no,False
102883876,METROPOLITAN NASHVILLE POLICE DEPT,20210047780,Davidson,Nashville,1/25/2021 2:32:00 PM,1,1,0,36.238480,-86.780900,BRICK CHURCH PKE,,,,33.00,Feet,North,BRILEY PKWYW,,,,0.00,N,Not at Intersection,N,Non-Junction,None,,,         ,Kyle,Eicholtz,Rain,Not Collision with Motor Vehicle in Transport,no,no,no,no,no,False
102883882,METROPOLITAN NASHVILLE POLICE DEPT,20210047772,Davidson,Nashville,1/25/2021 2:27:00 PM,2,0,0,36.154630,-86.779160,LAFAYETTE ST,,,,0.00,,,8TH AVS,,,,0.00,Y,Roundabout,N,Intersection,None,,,         ,James,Hill,"Cloudy, Rain",Angle,no,no,no,no,no,False
102883886,METROPOLITAN NASHVILLE POLICE DEPT,20210043746,Davidson,Nashville,1/23/2021 4:32:00 AM,1,1,1,36.060330,-86.680240,I 24,,,,0.00,,,,,,,57.80,N,Not at Intersection,N,Non-Junction,None,,,         ,Russell,Ward,Clear,Not Collision with Motor Vehicle in Transport,no,no,no,no,no,False
102883892,METROPOLITAN NASHVILLE POLICE DEPT,20210047802,Davidson,Not in City Limit,1/25/2021 2:49:00 PM,1,1,0,36.105000,-86.931010,I 40,,,,0.00,,,,,,,198.65,N,Not at Intersection,N,Non-Junction,None,,,         ,Adam,Reese,Rain,Not Collision with Motor Vehicle in Transport,no,no,no,no,no,False
102883900,METROPOLITAN NASHVILLE POLICE DEPT,20210047849,Davidson,Nashville,1/25/2021 4:55:00 AM,3,0,0,36.130230,-86.754730,POLK AV,,,,89.00,Feet,East,NOLENSVILLE PKE,,,,0.00,N,Not at Intersection,N,Non-Junction,None,,,         ,Beri,Scott,Rain,Angle,no,no,no,yes,yes,False
102883901,METROPOLITAN NASHVILLE POLICE DEPT,20210047887,Davidson,Nashville,1/25/2021 3:25:00 PM,2,0,0,36.154370,-86.759780,I 40,,,,0.00,,,,,,,211.00,N,Not at Intersection,N,Non-Junction,None,,,         ,Reagan,Heath,,"Sideswipe, Same Direction",no,no,no,no,yes,False
102883916,METROPOLITAN NASHVILLE POLICE DEPT,20210047825,Davidson,Nashville,1/25/2021 1:52:00 PM,2,0,0,36.151790,-86.768560,I40 W EXT RAMP,,,,0.00,,,I 40,,,,0.00,Y,Four-Way,Y,Intersection,None,,,         ,Trevor,Taylor,Rain,Angle,no,no,no,no,no,False
102883919,METROPOLITAN NASHVILLE POLICE DEPT,20210047901,Davidson,Nashville,1/25/2021 1:00:00 PM,2,0,0,36.039230,-86.663500,CHIMNEYTOP DR,,,,1033.00,Feet,West,MOUNTAINHIGH DR,,,,0.00,N,Not at Intersection,N,Non-Junction,None,,,         ,Brandon,Simpkins,,Angle,no,no,no,no,yes,False
102883922,METROPOLITAN NASHVILLE POLICE DEPT,20210047979,Davidson,Nashville,1/25/2021 4:11:00 PM,2,0,0,36.154610,-86.779170,8TH AVS,,,,9.00,Feet,South,LAFAYETTE ST,,,,0.00,N,Not at Intersection, ,Non-Junction,None,,,         ,Nicholas,Berry,Rain,"Sideswipe, Same Direction",no,no,no,no,no,False
102883931,METROPOLITAN NASHVILLE POLICE DEPT,20210047875,Davidson,Nashville,1/25/2021 3:28:00 PM,2,3,0,36.150490,-86.801230,21ST AVS,,,,0.00,,,WEST END AV,,,,0.00,Y,Four-Way,N,Intersection,None,,,         ,Zachary,Plese,,Angle,no,no,no,no,no,Campus
102883937,METROPOLITAN NASHVILLE POLICE DEPT,20210047861,Davidson,Nashville,1/25/2021 3:03:00 PM,2,0,0,36.097750,-86.741370,VERITAS ST,,,,267.00,Feet,East,KEYSTONE AV,,,,0.00,N,Not at Intersection, ,,None,,,         ,Sierra,Walker,,,no,no,no,no,no,False
102883941,METROPOLITAN NASHVILLE POLICE DEPT,20210047959,Davidson,Nashville,1/25/2021 4:05:00 PM,1,0,0,36.172910,-86.800700,I 40,,,,0.00,,,,,,,207.75,N,Not at Intersection,N,Non-Junction,None,,,         ,Brandon,Chapman,,Not Collision with Motor Vehicle in Transport,no,no,no,no,no,False
102883942,METROPOLITAN NASHVILLE POLICE DEPT,20210047985,Davidson,Nashville,1/25/2021 12:00:00 AM,2,0,0,36.068220,-86.652810,BRIDGECREST DR,,,,170.00,Feet,South,EDENCREST DR,,,,0.00,N,Not at Intersection,N,Non-Junction,None,,,         ,Beri,Scott,,Front to Rear,no,no,no,no,yes,False
102883947,METROPOLITAN NASHVILLE POLICE DEPT,20210047813,Davidson,Nashville,1/25/2021 2:16:00 PM,3,0,0,36.047200,-86.862330,OLD HICKORY BLVD,,,,126.00,Feet,East,HILLSBORO PKE,,,,0.00,N,Not at Intersection, ,Non-Junction,None,,,         ,Ryan,Malone,Rain,Front to Rear,no,no,no,no,no,False
102883949,METROPOLITAN NASHVILLE POLICE DEPT,20210047832,Davidson,Nashville,1/25/2021 12:00:00 AM,2,0,0,36.134400,-86.723100,MURFREESBORO PKE,,,,210.00,Feet,West,PLUS PARK BLVD,,,,0.00,N,Not at Intersection, ,Non-Junction,None,,,         ,Adam,Gartner,"Cloudy, Rain",Front to Rear,no,no,no,no,no,False
102883953,METROPOLITAN NASHVILLE POLICE DEPT,20210048043,Davidson,Not in City Limit,1/25/2021 4:57:00 PM,1,0,0,36.306680,-86.686000,GALLATIN PKEN,,,,558.00,Feet,East,NORTHSIDE DR,,,,0.00,N,Not at Intersection,N,Non-Junction,None,,,         ,Christopher,Littles,"Cloudy, Rain",Not Collision with Motor Vehicle in Transport,no,no,no,yes,no,False
102883955,METROPOLITAN NASHVILLE POLICE DEPT,20210047717,Davidson,Nashville,1/25/2021 1:33:00 PM,3,3,0,36.189180,-86.775390,I 24,,,,0.00,,,,,,,47.05,N,Not at Intersection,N,Non-Junction,None,,,         ,Torrance,Bennett,,Angle,no,no,no,no,no,False
102883956,METROPOLITAN NASHVILLE POLICE DEPT,20210048080,Davidson,Nashville,1/25/2021 5:20:00 PM,1,0,0,36.080020,-86.772770,FRANKLIN PKE,,,,519.00,Feet,North,LAMBERT DR,,,,0.00,N,Not at Intersection,N,Non-Junction,None,,,         ,Brady,Reynolds,,Not Collision with Motor Vehicle in Transport,no,no,no,no,no,False
102883958,METROPOLITAN NASHVILLE POLICE DEPT,20210048035,Davidson,Nashville,1/25/2021 4:50:00 PM,2,0,0,36.045420,-86.718350,OLD HICKORY BLVD,,,,0.00,,,HICKORY TRACE DR,,,,0.00,Y,T-Intersection, ,Intersection,None,,,         ,Tyler,Shanks,,"Sideswipe, Same Direction",no,no,no,no,no,False
102883960,METROPOLITAN NASHVILLE POLICE DEPT,20210048093,Davidson,Nashville,1/25/2021 4:31:00 PM,2,0,0,36.153810,-86.794370,WEST END AV,,,,13.00,Feet,East,17TH AVS,,,,0.00,N,Not at Intersection,Y,Non-Junction,None,,,         ,Zachary,Plese,,Angle,no,no,no,no,no,False
102883961,METROPOLITAN NASHVILLE POLICE DEPT,20210048116,Davidson,Nashville,1/25/2021 5:43:00 PM,2,0,0,36.119240,-86.754770,WINFORD AV,,,,7.00,Feet,West,MELROSE AV,,,,0.00,N,Not at Intersection, ,Non-Junction,None,,,         ,Ryan,Sherry,Rain,Angle,no,no,no,no,no,False
102883964,METROPOLITAN NASHVILLE POLICE DEPT,2021-0048089,Davidson,Nashville,1/25/2021 5:24:00 PM,1,0,0,36.211000,-86.749040,ELLINGTON PKWYS,,,,1467.00,Feet,North,ELLINGTON PKWYN,,,,0.00,N,Not at Intersection,N,Non-Junction,None,,,         ,Wayne,Helm,,Not Collision with Motor Vehicle in Transport,no,no,no,no,no,False
102883972,METROPOLITAN NASHVILLE POLICE DEPT,20210048042,Davidson,Nashville,1/25/2021 12:25:00 PM,2,0,0,36.154510,-86.815630,CHARLOTTE AV,,,,0.00,,,26TH AVN,,,,0.00,Y,Four-Way,N,Intersection,None,,,         ,Brian,Warstadt,,Front to Rear,no,no,no,no,yes,False
102883977,METROPOLITAN NASHVILLE POLICE DEPT,20210047886,Davidson,Nashville,1/25/2021 2:47:00 PM,2,0,0,36.132400,-86.801390,21ST AVS,,,,230.00,Feet,North,21ST AV S PVTDR,,,,0.00,N,Not at Intersection, ,Non-Junction,None,,,         ,Steven,Meador,Rain,"Sideswipe, Same Direction",no,no,no,no,no,False
102883978,METROPOLITAN NASHVILLE POLICE DEPT,20210047933,Davidson,Nashville,1/25/2021 3:50:00 PM,1,0,0,36.132810,-86.818610,I 440,,,,0.00,,,,,,,1.80,N,Not at Intersection,N,Non-Junction,None,,,         ,Steven,Meador,,Not Collision with Motor Vehicle in Transport,no,no,no,no,no,False
102883987,METROPOLITAN NASHVILLE POLICE DEPT,20210048122,Davidson,Nashville,1/25/2021 5:48:00 PM,2,0,0,36.152490,-86.787020,I 40,,,,0.00,,,,,,,209.40,N,Not at Intersection, ,Non-Junction,None,,,         ,Nicholas,Berry,Clear,"Sideswipe, Same Direction",no,no,no,no,no,False
102884002,METROPOLITAN NASHVILLE POLICE DEPT,20210048088,Davidson,Nashville,1/25/2021 5:20:00 PM,2,1,0,36.170130,-86.601030,I 40,,,,0.00,,,,,,,220.85,N,Not at Intersection,N,Non-Junction,None,,,         ,Nathaniel,Jones,,Front to Rear,no,no,no,no,yes,False
102884006,METROPOLITAN NASHVILLE POLICE DEPT,20210048102,Davidson,Nashville,1/25/2021 5:32:00 PM,2,0,0,36.247770,-86.720500,GALLATIN PKES,,,,94.00,Feet,South,DUE WEST AVW,,,,0.00,N,Not at Intersection,N,Non-Junction,None,,,         ,David,Harms,Rain,Front to Rear,no,no,no,no,no,False
102884007,METROPOLITAN NASHVILLE POLICE DEPT,20210048242,Davidson,Nashville,1/25/2021 6:35:00 PM,2,0,0,36.192710,-86.744370,DOUGLAS AV,,,,0.00,,,GALLATIN AV,,,,0.00,Y,Four-Way,N,Non-Junction,None,,,         ,Richard,Conger,,"Sideswipe, Same Direction",no,no,no,no,yes,False
102884012,METROPOLITAN NASHVILLE POLICE DEPT,20210048251,Davidson,Nashville,1/25/2021 7:12:00 PM,2,0,0,36.061940,-86.681910,I 24,,,,0.00,,,,,,,57.70,N,Not at Intersection,N,Non-Junction,None,,,         ,Thomas,Parsons,Rain,Front to Rear,no,no,no,no,no,False
102884014,METROPOLITAN NASHVILLE POLICE DEPT,20210048284,Davidson,Nashville,1/25/2021 7:30:00 PM,1,0,0,36.051360,-86.669150,I 24,,,,0.00,,,,,,,58.70,N,Not at Intersection, ,Non-Junction,None,,,         ,Lisa,Beck,Rain,Not Collision with Motor Vehicle in Transport,no,no,no,no,no,False
102884018,METROPOLITAN NASHVILLE POLICE DEPT,20210048304,Davidson,Nashville,1/25/2021 7:43:00 PM,1,1,0,36.158300,-86.791110,I 40,,,,0.00,,,,,,,209.00,N,Not at Intersection,N,Non-Junction,None,,,         ,Nicholas,Berry,Rain,Not Collision with Motor Vehicle in Transport,no,no,no,no,no,False
102884020,METROPOLITAN NASHVILLE POLICE DEPT,20210048214,Davidson,Nashville,1/25/2021 6:36:00 PM,2,1,0,36.075870,-86.693930,I 24,,,,0.00,,,,,,,56.50,N,Not at Intersection,N,Non-Junction,None,,,         ,Beri,Scott,,"Sideswipe, Same Direction",no,no,no,no,no,False
102884025,METROPOLITAN NASHVILLE POLICE DEPT,20210048184,Davidson,Nashville,1/25/2021 4:45:00 PM,1,0,0,36.193480,-86.755000,DOUGLAS AV,,,,0.00,,East,MONTGOMERY AV,,,,0.00,N,Not at Intersection,N,Rail Grade Crossing,None,,,         ,Nicholas,Silinsky,,Not Collision with Motor Vehicle in Transport,no,no,no,no,yes,False
102884026,METROPOLITAN NASHVILLE POLICE DEPT,2021-0040725,Davidson,Nashville,1/25/2021 12:00:00 AM,2,0,0,36.207330,-86.783890,US HWY 431,,,,7.00,Feet,East,MONTICELLO DR,,,,0.00,N,Not at Intersection,N,Non-Junction,None,,,         ,Melvin,Taylor,Clear,Angle,no,no,no,no,no,False
102884039,METROPOLITAN NASHVILLE POLICE DEPT,20210047974,Davidson,Nashville,1/25/2021 4:10:00 PM,3,2,0,36.148620,-86.857900,WHITE BRIDGE PKE,,,,73.00,Feet,North,LENOX AV,,,,0.00,N,Not at Intersection,N,Non-Junction,None,,,         ,Torian,Cox,Rain,HeadOn,no,no,no,no,no,False
102884043,METROPOLITAN NASHVILLE POLICE DEPT,20210048123,Davidson,Nashville,1/25/2021 5:44:00 PM,2,0,0,36.247410,-86.720720,GALLATIN PKES,,,,242.00,Feet,South,DUE WEST AVW,,,,0.00,N,Not at Intersection, ,Non-Junction,None,,,         ,Luke,Hamilton,Rain,Front to Rear,no,no,no,no,no,False
102884054,METROPOLITAN NASHVILLE POLICE DEPT,20210048241,Davidson,Nashville,1/25/2021 7:02:00 PM,2,0,0,36.151020,-86.750320,I 40,,,,0.00,,,,,,,211.60,N,Not at Intersection,N,Non-Junction,None,,,         ,Evan,Grace,,Angle,no,no,no,no,no,False
102884055,METROPOLITAN NASHVILLE POLICE DEPT,20210048303,Davidson,Nashville,1/25/2021 7:08:00 PM,1,0,0,36.092980,-86.778210,S CURTISWOOD LN,,,,442.00,Feet,South,CURTISWOOD CIR,,,,0.00,N,Not at Intersection,N,Non-Junction,None,,,         ,Ryan,Sherry,Rain,Not Collision with Motor Vehicle in Transport,no,no,no,no,no,False
102884056,METROPOLITAN NASHVILLE POLICE DEPT,20210048368,Davidson,Nashville,1/25/2021 8:29:00 PM,1,0,0,36.072430,-86.646920,EDGE O LAKE DR,,,,38.00,Feet,North,RICE RD,,,,0.00,N,Not at Intersection,N,Non-Junction,None,,,         ,Thomas,Parsons,Rain,Not Collision with Motor Vehicle in Transport,no,no,no,no,no,False