master_record_number,agency,agency_tracking_number,county,city,collision_date,vehicles_involved,number_injured,number_dead,latitude,longitude,roadway_name,roadway_suffix,roadway_number,roadway_local_id,distance_from_reference,miles-feet_indicator,direction_from_reference,intersection_road_name,intersection_road_name_suffix,intersection_road_number,intersection_local_id,mile_marker,intersection_indicator,intersect_type,interchange_related_indicator,relation_to_junction,work_zone_type,construction_maintenance_zone,construction_maintenance_zone_location,fatal_case_number,officer_first_name,officer_last_name,weather_condition(s),manner_of_crash,pedestrian,bicycle,scooter,parking,hitrun,mou
102884790,METROPOLITAN NASHVILLE POLICE DEPT,20210050170,Davidson,Nashville,1/26/2021 4:18:00 PM,3,0,0,36.153960,-86.818220,28TH AVN,,,,0.00,,,CHARLOTTE AV,,,,0.00,Y,Four-Way, ,Intersection-Related,None,,,         ,Josh,Lauton,Clear,Front to Rear,no,no,no,no,no,False
102884800,METROPOLITAN NASHVILLE POLICE DEPT,20210050444,Davidson,Nashville,1/26/2021 7:19:00 PM,2,1,0,36.100550,-86.739920,NOLENSVILLE PKE,,,,0.00,,,CHILTON ST,,,,0.00,Y,T-Intersection,N,Non-Junction,None,,,         ,Brady,Reynolds,,Angle,no,no,no,no,no,False
102884801,METROPOLITAN NASHVILLE POLICE DEPT,20210050461,Davidson,Not in City Limit,1/26/2021 7:26:00 PM,2,0,0,36.271780,-86.689600,MYATT DR,,,,124.00,Feet,South,ANDERSON LN,,,,0.00,N,Not at Intersection, ,Non-Junction,None,,,         ,Spencer,Arroyo,Clear,"Sideswipe, Same Direction",no,no,no,no,no,False
102884817,VANDERBILT UNIVERSITY POLICE,20210050383,Davidson,Nashville,1/26/2021 5:30:00 PM,2,0,0,36.151610,-86.798840,WEST END AV,,,,156.00,Feet,West,LYLE AV,,,,0.00,N,Not at Intersection, ,Non-Junction,None,,,         ,V,Greene,,"Sideswipe, Same Direction",no,no,no,no,yes,False
102884883,METROPOLITAN NASHVILLE POLICE DEPT,20210050354,Davidson,Nashville,1/26/2021 6:08:00 PM,2,2,0,36.155170,-86.788970,I 40,,,,0.00,,,,,,,209.20,N,Not at Intersection,N,Non-Junction,None,,,         ,Steven,Meador,Clear,"Sideswipe, Same Direction",no,no,no,no,no,False
102884917,METROPOLITAN NASHVILLE POLICE DEPT,20210047939,Davidson,Nashville,1/25/2021 2:45:00 PM,2,0,0,36.106210,-86.673060,MURFREESBORO PKE,,,,0.00,,,DONELSON PKE,,,,0.00,Y,Four-Way,N,Intersection,None,,,         ,John,Jones,Rain,"Sideswipe, Same Direction",no,no,no,no,yes,False
102884949,METROPOLITAN NASHVILLE POLICE DEPT,20210050578,Davidson,Not in City Limit,1/26/2021 8:57:00 PM,1,2,0,36.095430,-86.937110,I 40,,,,0.00,,,,,,,197.85,N,Not at Intersection,N,Non-Junction,None,,,         ,Cody,MIller,Clear,Not Collision with Motor Vehicle in Transport,no,no,no,no,no,False
102884960,METROPOLITAN NASHVILLE POLICE DEPT,20210050567,Davidson,Nashville,1/26/2021 8:45:00 PM,2,5,0,36.050030,-86.649590,MT VIEW RD,,,,34.00,Feet,West,BELL RD,,,,0.00,N,Not at Intersection,N,Non-Junction,None,,,         ,Beri,Scott,,Front to Rear,no,no,no,no,yes,False
102884961,METROPOLITAN NASHVILLE POLICE DEPT,20210050669,Davidson,Nashville,1/26/2021 10:11:00 PM,1,1,0,36.184200,-86.775110,I 24,,,,0.00,,,,,,,47.30,N,Not at Intersection,N,Non-Junction,None,,,         ,Nicholas,Silinsky,Clear,Not Collision with Motor Vehicle in Transport,no,no,no,no,no,False
102884974,METROPOLITAN NASHVILLE POLICE DEPT,20210050676,Davidson,Nashville,1/26/2021 10:15:00 PM,2,0,0,36.068200,-86.719110,NOLENSVILLE PKE,,,,0.00,,,HAYWOOD LN,,,,0.00,Y,T-Intersection,N,Intersection,None,,,         ,Torry,Hill,,Angle,no,no,no,no,yes,False
102884989,METROPOLITAN NASHVILLE POLICE DEPT,2021-0045956,Davidson,Nashville,1/24/2021 12:00:00 AM,2,0,0,36.142460,-86.709640,I 40,,,,0.00,,,,,,,214.25,N,Not at Intersection, ,Non-Junction,None,,,         ,Frank,Walker,,"Sideswipe, Same Direction",no,no,no,no,no,False
102884992,METROPOLITAN NASHVILLE POLICE DEPT,20210050747,Davidson,Nashville,1/26/2021 10:14:00 PM,2,0,0,36.245240,-86.722020,GALLATIN PKES,,,,292.00,Feet,North,LAKEWOOD DR,,,,0.00,N,Not at Intersection, ,Non-Junction,None,,,         ,Reuben,Hewit,Clear,Angle,no,no,no,no,no,False
102885023,METROPOLITAN NASHVILLE POLICE DEPT,20210050909,Davidson,Nashville,1/27/2021 1:45:00 AM,1,2,0,36.208760,-86.776370,I65 S EXT RAMP,,,,0.00,,,I 65,,,,0.00,Y,OTHER,Y,Entrance/Exit Ramp Related,None,,,         ,Abigail,Malone,,Not Collision with Motor Vehicle in Transport,no,no,no,no,no,False
102885028,METROPOLITAN NASHVILLE POLICE DEPT,20210050922,Davidson,Nashville,1/27/2021 1:48:00 AM,2,0,0,36.229880,-86.747640,ELLINGTON PKWYS,,,,85.00,Feet,West,ELLINGTON PKWY S EXT RAMP,,,,0.00,N,Not at Intersection, ,Non-Junction,None,,,         ,Eric,Cunningham,,Front to Rear,no,no,no,no,yes,False
102885035,METROPOLITAN NASHVILLE POLICE DEPT,20210050986,Davidson,Nashville,1/27/2021 2:46:00 AM,2,0,0,36.203550,-86.738530,GALLATIN PKE,,,,0.00,,,E TRINITY LN,,,,0.00,Y,OTHER, ,Non-Junction,None,,,         ,Timothy,Kearney,Clear,HeadOn,no,no,no,no,no,False
102885052,METROPOLITAN NASHVILLE POLICE DEPT,20210051033,Davidson,Nashville,1/27/2021 3:15:00 AM,2,0,0,36.206500,-86.776490,W TRINITY LN,,,,10.00,Feet,South,I65 S ENT RAMP,,,,0.00,N,Not at Intersection,N,Non-Junction,None,,,         ,Thomas,Clingan,Clear,Angle,no,no,no,no,yes,False
102885069,METROPOLITAN NASHVILLE POLICE DEPT,20210051208,Davidson,Nashville,1/27/2021 6:20:00 AM,2,0,0,36.171540,-86.802740,I 40,,,,0.00,,,I65 N ENT RAMP,,,,0.00,Y,OTHER,Y,Entrance/Exit Ramp Related,None,,,         ,Ronald,Bright,Clear,Angle,no,no,no,no,yes,False
102885071,METROPOLITAN NASHVILLE POLICE DEPT,20210049592,Davidson,Nashville,1/26/2021 11:19:00 AM,2,1,0,36.045270,-86.714240,OLD HICKORY BLVD,,,,164.00,Feet,East,BRENTWOOD EAST DR,,,,0.00,N,Not at Intersection,N,Non-Junction,None,,,         ,Michelle,Norris,Clear,"Sideswipe, Same Direction",no,no,no,no,no,False
102885097,METROPOLITAN NASHVILLE POLICE DEPT,20210051293,Davidson,Nashville,1/27/2021 7:19:00 AM,2,0,0,36.098900,-86.821350,HILLSBORO PKE,,,,0.00,,,CASTLEMAN DR,,,,0.00,Y,T-Intersection, ,Intersection,None,,,         ,Curtis,Rich,Clear,Front to Rear,no,no,no,no,no,False
102885130,METROPOLITAN NASHVILLE POLICE DEPT,20210051307,Davidson,Not in City Limit,1/27/2021 7:22:00 AM,2,0,0,36.308130,-86.821970,I 24,,,,0.00,,,,,,,38.00,N,Not at Intersection,N,Non-Junction,None,,,         ,James,Wray,Clear,Front to Rear,no,no,no,no,yes,False
102885134,METROPOLITAN NASHVILLE POLICE DEPT,20210049729,Davidson,Nashville,1/26/2021 12:45:00 PM,2,0,0,36.040900,-86.779380,STONE BROOK DR,,,,0.00,,,OLD HICKORY BLVD,,,,0.00,Y,Four-Way,N,Non-Junction,None,,,         ,Michelle,Norris,Clear,"Sideswipe, Same Direction",no,no,no,no,no,False
102885136,METROPOLITAN NASHVILLE POLICE DEPT,20210051240,Davidson,Nashville,1/27/2021 6:49:00 AM,1,1,0,36.163680,-86.778980,CHURCH ST,,,,0.00,,,4TH AVN,,,,0.00,Y,OTHER,N,Non-Junction,None,,,         ,Marvin,Williams,,Not Collision with Motor Vehicle in Transport,no,no,no,yes,no,False
102885141,METROPOLITAN NASHVILLE POLICE DEPT,20210051304,Davidson,Nashville,1/27/2021 7:24:00 AM,2,2,0,36.107950,-86.677260,MURFREESBORO PKE,,,,125.00,Feet,West,DELL PKWY,,,,0.00,N,Not at Intersection,N,Non-Junction,None,,,         ,Jason,Hees,Clear,Front to Rear,no,no,no,no,no,False
102885143,METROPOLITAN NASHVILLE POLICE DEPT,20210051371,Davidson,Nashville,1/27/2021 7:30:00 AM,2,0,0,36.180050,-86.808700,BUCHANAN ST,,,,0.00,,,15TH AVN,,,,0.00,Y,T-Intersection,N,Intersection-Related,None,,,         ,Blas,Hernandez,Clear,Angle,no,no,no,no,no,False
102885149,METROPOLITAN NASHVILLE POLICE DEPT,20210051432,Davidson,Nashville,1/27/2021 8:34:00 AM,1,0,0,36.108450,-86.720270,I24 W EXT RAMP,,,,0.00,,,I 24,,,,0.00,Y,Y-Intersection,N,Non-Junction,Construction Zone,Work On Shoulder Or Median,Before First Warning Area,         ,Robert,Higgins,Clear,Not Collision with Motor Vehicle in Transport,no,no,no,no,no,False
102885159,METROPOLITAN NASHVILLE POLICE DEPT,20210051470,Davidson,Nashville,1/27/2021 8:30:00 AM,2,0,0,36.117440,-86.748510,NOLENSVILLE PKE,,,,3.00,Feet,North,WOODBINE ST,,,,0.00,N,Not at Intersection, ,Non-Junction,None,,,         ,Devin,Mabry,Clear,Front to Rear,no,no,no,no,yes,False
102885162,METROPOLITAN NASHVILLE POLICE DEPT,20210051453,Davidson,Nashville,1/27/2021 7:30:00 AM,2,0,0,36.202400,-86.840260,CLARKSVILLE PKE,,,,300.00,Feet,South,ABERNATHY RD,,,,0.00,N,Not at Intersection,N,Non-Junction,Construction Zone,Work On Shoulder Or Median,Activity Area,         ,Jeanine,Sarno,Clear,"Sideswipe, Opposite Direction",no,no,no,no,yes,False
102885170,METROPOLITAN NASHVILLE POLICE DEPT,20210051590,Davidson,Nashville,1/27/2021 9:03:00 AM,2,0,0,36.146200,-86.742040,I 40,,,,0.00,,,,,,,212.15,N,Not at Intersection, ,,None,,,         ,Michael,Brooks,,,no,no,no,no,no,False
102885173,METROPOLITAN NASHVILLE POLICE DEPT,20210051653,Davidson,Nashville,1/27/2021 10:06:00 AM,2,0,0,36.120670,-86.727050,I 24,,,,0.00,,,,,,,52.85,N,Not at Intersection,N,Non-Junction,None,,,         ,Robert,Higgins,Clear,"Sideswipe, Same Direction",no,no,no,no,yes,False
102885185,METROPOLITAN NASHVILLE POLICE DEPT,20210051542,Davidson,Nashville,1/27/2021 9:22:00 AM,2,1,0,36.133830,-86.771780,WEDGEWOOD AV,,,,0.00,Feet,East,STEWART PL,,,,0.00,N,Not at Intersection,N,Non-Junction,None,,,         ,Devin,Mabry,Clear,"Sideswipe, Opposite Direction",no,no,no,no,no,False
102885187,METROPOLITAN NASHVILLE POLICE DEPT,20210051422,Davidson,Nashville,1/27/2021 8:10:00 AM,3,0,0,36.206160,-86.776520,I 65,,,,0.00,,,,,,,87.30,N,Not at Intersection, ,,None,,,         ,Garren,Hoskins,,,no,no,no,no,no,False
102885189,METROPOLITAN NASHVILLE POLICE DEPT,20210051433,Davidson,Nashville,1/27/2021 12:00:00 AM,2,0,0,36.185990,-86.798220,I65 S EXT RAMP,,,,0.00,,,I 65,,,,0.00,Y,T-Intersection, ,,None,,,         ,Julie,Nabors,,,no,no,no,no,no,False
102885190,METROPOLITAN NASHVILLE POLICE DEPT,20210051652,Davidson,Madison,1/27/2021 10:10:00 AM,2,0,0,36.266060,-86.739390,I65 S ENT RAMP,,,,0.00,Feet,East,I65 S EXT RAMP,,,,0.00,N,Not at Intersection,Y,Non-Junction,None,,,         ,Travis,Baxter,Cloudy,Front to Rear,no,no,no,no,yes,False
102885195,METROPOLITAN NASHVILLE POLICE DEPT,20210051655,Davidson,Nashville,1/27/2021 10:10:00 AM,2,0,0,36.193660,-86.831220,CLARKSVILLE PKE,,,,0.00,Feet,,S HAMILTON RD,,,,0.00,Y,Four-Way,N,Intersection,None,,,         ,Blas,Hernandez,Clear,Front to Rear,no,no,no,no,yes,False
102885196,METROPOLITAN NASHVILLE POLICE DEPT,20210051570,Davidson,Nashville,1/27/2021 12:00:00 AM,1,0,0,36.054840,-86.636630,ZELIDA AV,,,,0.00,,,,,,,0.00,,,N,Non-Junction,None,,,         ,Nicholas,Carter,Clear,Not Collision with Motor Vehicle in Transport,no,no,no,yes,yes,False
102885201,METROPOLITAN NASHVILLE POLICE DEPT,20210051763,Davidson,Nashville,1/27/2021 10:38:00 AM,2,0,0,36.133450,-86.770440,MARTIN ST,,,,3.00,Feet,North,WEDGEWOOD AV,,,,0.00,N,Not at Intersection, ,Non-Junction,None,,,         ,Devin,Mabry,Clear,Other,no,no,no,no,no,False
102885239,METROPOLITAN NASHVILLE POLICE DEPT,20210051634,Davidson,Nashville,1/27/2021 10:05:00 AM,1,1,0,36.208140,-86.787320,W TRINITY LN,,,,0.00,,,MONTICELLO ST,,,,0.00,Y,T-Intersection,N,Intersection-Related,None,,,         ,Charles,Coe,Cloudy,Not Collision with Motor Vehicle in Transport,no,no,no,no,no,False
102885252,METROPOLITAN NASHVILLE POLICE DEPT,20210051800,Davidson,Nashville,1/27/2021 11:26:00 AM,2,1,0,36.058260,-86.678090,I 24,,,,0.00,,,,,,,58.00,N,Not at Intersection,N,Non-Junction,None,,,         ,Caleb,Jernigan,Clear,Front to Rear,no,no,no,no,no,False
102885254,METROPOLITAN NASHVILLE POLICE DEPT,2021051816,Davidson,Nashville,1/27/2021 11:35:00 AM,3,0,0,36.154330,-86.786020,12TH AVS,,,,115.00,Feet,South,DEMONBREUN ST,,,,0.00,N,Not at Intersection,N,Non-Junction,None,,,         ,Wesley,Young,,Front to Rear,no,no,no,no,yes,False
102885266,METROPOLITAN NASHVILLE POLICE DEPT,20210051839,Davidson,Nashville,1/27/2021 11:43:00 AM,3,0,0,36.162990,-86.617320,I 40,,,,0.00,,,,,,,219.85,N,Not at Intersection,N,Non-Junction,None,,,         ,Michael,Brooks,Cloudy,"Sideswipe, Same Direction",no,no,no,no,yes,False
102885273,BELLE MEADE POLICE DEPT,21-0023,Davidson,Belle Meade,1/27/2021 7:35:00 AM,2,0,0,36.114910,-86.861330,HARDING PKE,,,,10.00,Feet,South,DAVIDSON RD,,,,0.00,N,Not at Intersection, ,Non-Junction,None,,,         ,Wes,Bowker,Clear,Front to Rear,no,no,no,no,no,False
102885331,METROPOLITAN NASHVILLE POLICE DEPT,20210051821,Davidson,Nashville,1/27/2021 11:08:00 AM,2,0,0,36.153630,-86.753610,HERMITAGE AV,,,,0.00,,,DECATUR AV,,,,0.00,Y,T-Intersection, ,,None,,,         ,Michael,Brooks,,,no,no,no,no,no,False
102885336,METROPOLITAN NASHVILLE POLICE DEPT,20210051999,Davidson,Nashville,1/27/2021 1:15:00 PM,2,0,0,36.161200,-86.792680,CHARLOTTE AV,,,,0.00,,,GEORGE L DAVIS BLVD,,,,0.00,Y,Four-Way, ,Intersection,None,,,         ,Russell,Freeman,Cloudy,Angle,no,no,no,no,no,False
102885337,METROPOLITAN NASHVILLE POLICE DEPT,20210052019,Davidson,Not in City Limit,1/27/2021 1:10:00 PM,2,0,0,36.269380,-86.689880,ROOSEVELT AV,,,,0.00,,,MYATT DR,,,,0.00,Y,Four-Way,N,Intersection,None,,,         ,Travis,Baxter,Cloudy,Angle,no,no,no,no,no,False
102885340,METROPOLITAN NASHVILLE POLICE DEPT,2021033420,Davidson,Antioch,1/18/2021 9:22:00 AM,1,0,0,36.083706,-86.607760,NAUTILUS,DR,,,30.00,Feet,East,NAUTILUS,DR,,,0.00,N,Not at Intersection,N,Non-Junction,None,,,         ,Michael,Brooks,,Not Collision with Motor Vehicle in Transport,no,no,no,no,yes,False
102885358,METROPOLITAN NASHVILLE POLICE DEPT,20210052067,Davidson,Nashville,1/27/2021 1:40:00 PM,2,0,0,36.196540,-86.742320,GALLATIN AV,,,,48.00,Feet,South,CAHAL AV,,,,0.00,N,Not at Intersection, ,Non-Junction,None,,,         ,Michael,Agee,,Front to Rear,no,no,no,no,no,False
102885365,METROPOLITAN NASHVILLE POLICE DEPT,20210052050,Davidson,Antioch,1/27/2021 1:35:00 PM,2,2,0,36.015460,-86.616170,GOULD BLVD,,,,312.00,Feet,South,FIRESTONE PKWY,,,,0.00,N,Not at Intersection,Y,"Driveway, Alley Access, etc",None,,,         ,Nicholas,Carter,Cloudy,Angle,no,no,no,no,no,False
102885395,BERRY HILL POLICE DEPT,21-0242,Davidson,Berry Hill,1/24/2021 7:13:00 PM,2,0,0,36.125080,-86.765880,BRANSFORD AV,,,,0.00,,,ROSEDALE AV,,,,0.00,Y,Y-Intersection, ,Intersection-Related,None,,,         ,Yamil,Jimenez,Rain,HeadOn,no,no,no,no,no,False
102885407,METROPOLITAN NASHVILLE POLICE DEPT,20210052224,Davidson,Nashville,1/27/2021 3:13:00 PM,3,0,0,36.255980,-86.756170,DUE WEST AVN,,,,533.00,Feet,East,DICKERSON PKE,,,,0.00,N,Not at Intersection,N,Non-Junction,None,,,         ,Christopher,Littles,"Cloudy, Snow",Front to Rear,no,no,no,no,no,False
102885409,METROPOLITAN NASHVILLE POLICE DEPT,20210052236,Davidson,Nashville,1/27/2021 3:18:00 PM,4,1,0,36.097530,-86.872890,HIGHWAY 100,,,,195.00,Feet,North,W TYNE DR,,,,0.00,N,Not at Intersection,N,Non-Junction,None,,,         ,Jared,Dick,Snow,Front to Rear,no,no,no,no,no,False
102885412,METROPOLITAN NASHVILLE POLICE DEPT,20210052248,Davidson,Nashville,1/27/2021 3:27:00 PM,2,0,0,36.152350,-86.769010,2ND AVS,,,,0.00,,,LINDSLEY AV,,,,0.00,Y,Four-Way, ,Intersection,None,,,         ,Trevor,Taylor,Rain,Angle,no,no,no,no,no,False
102885423,METROPOLITAN NASHVILLE POLICE DEPT,20210052310,Davidson,Nashville,1/27/2021 3:55:00 PM,2,0,0,36.152260,-86.839970,CHARLOTTE AV,,,,116.00,Feet,West,44TH AVN,,,,0.00,N,Not at Intersection, ,Non-Junction,None,,,         ,Douglas,Atwood,Rain,Front to Rear,no,no,no,no,no,False
102885433,METROPOLITAN NASHVILLE POLICE DEPT,20210052317,Davidson,Nashville,1/27/2021 4:10:00 PM,1,1,0,36.224460,-86.774540,I 65,,,,0.00,,,,,,,88.55,N,Not at Intersection,N,Non-Junction,None,,,         ,Cory,Stratton,,Not Collision with Motor Vehicle in Transport,no,no,no,no,no,False
102885436,METROPOLITAN NASHVILLE POLICE DEPT,20210052258,Davidson,Nashville,1/27/2021 3:30:00 PM,2,0,0,36.082570,-86.710800,HARDING PL,,,,96.00,Feet,West,TAMPA DR,,,,0.00,N,Not at Intersection, ,,None,,,         ,Timothy,Ward,,,no,no,no,no,no,False
102885445,METROPOLITAN NASHVILLE POLICE DEPT,20210052256,Davidson,Nashville,1/27/2021 3:14:00 PM,2,0,0,36.041700,-86.748620,OLD HICKORY BLVD,,,,0.00,,,COPPERFIELD WAY,,,,0.00,Y,T-Intersection, ,,None,,,         ,Sierra,Walker,,,no,no,no,no,no,False
102885449,METROPOLITAN NASHVILLE POLICE DEPT,20210051888,Davidson,Nashville,1/27/2021 11:40:00 AM,2,0,0,36.104950,-86.670100,MURFREESBORO PKE,,,,560.00,Feet,East,EZELL PKE,,,,0.00,N,Not at Intersection,N,Non-Junction,None,,,         ,Megan,Arnett,Cloudy,"Sideswipe, Same Direction",no,no,no,no,no,False
102885451,METROPOLITAN NASHVILLE POLICE DEPT,20210052299,Davidson,Nashville,1/27/2021 3:10:00 PM,2,0,0,36.193240,-86.830550,CLARKSVILLE PKE,,,,247.00,Feet,East,S HAMILTON RD,,,,0.00,N,Not at Intersection, ,Non-Junction,None,,,         ,Michael,Russell,Rain,Angle,no,no,no,no,no,False
102885459,METROPOLITAN NASHVILLE POLICE DEPT,20210052294,Davidson,Nashville,1/27/2021 3:41:00 PM,3,0,0,36.030770,-86.638600,I 24,,,,0.00,,,,,,,61.00,N,Not at Intersection,N,Non-Junction,None,,,         ,Beri,Scott,Rain,Front to Rear,no,no,no,no,no,False
102885463,METROPOLITAN NASHVILLE POLICE DEPT,20210052377,Davidson,Nashville,1/27/2021 4:06:00 PM,2,0,0,36.145870,-86.665890,ROYAL PKWY,,,,210.00,Feet,East,DONELSON PKE,,,,0.00,N,Not at Intersection,N,Non-Junction,None,,,         ,Joseph,Simon,,Angle,no,no,no,no,yes,False
102885470,METROPOLITAN NASHVILLE POLICE DEPT,20210052371,Davidson,Nashville,1/27/2021 3:53:00 PM,2,0,0,36.178150,-86.751660,S 10TH ST,,,,0.00,,,MAIN ST,,,,0.00,Y,Four-Way, ,Intersection,None,,,         ,Marc,Kozen,,Front to Rear,no,no,no,no,no,False
102885471,METROPOLITAN NASHVILLE POLICE DEPT,20210052340,Davidson,Nashville,1/27/2021 4:20:00 PM,2,0,0,36.151170,-86.750630,I 40,,,,0.00,,,,,,,211.55,N,Not at Intersection, ,,None,,,         ,Derek,Sibley,,,no,no,no,no,no,False
102885473,METROPOLITAN NASHVILLE POLICE DEPT,20210052446,Davidson,Nashville,1/27/2021 5:15:00 PM,2,0,0,36.248690,-86.734540,S GRAYCROFT AV,,,,187.00,Feet,South,DUE WEST AVW,,,,0.00,N,Not at Intersection, ,Non-Junction,None,,,         ,Christopher,Littles,Cloudy,Front to Rear,no,no,no,no,no,False
102885488,METROPOLITAN NASHVILLE POLICE DEPT,20210052531,Davidson,Nashville,1/27/2021 5:30:00 PM,2,0,0,36.151370,-86.691960,BRILEY PKWY S EXT RAMP,,,,0.00,Feet,East,ELM HILL PKE EB EXT RAMP,,,,0.00,N,Not at Intersection,N,Non-Junction,None,,,         ,Adam,Warren,,Front to Rear,no,no,no,no,yes,False
102885503,METROPOLITAN NASHVILLE POLICE DEPT,20210052238,Davidson,Nashville,1/27/2021 3:07:00 PM,2,0,0,36.161620,-86.836380,40TH AVN,,,,36.00,Feet,North,ALBION ST,,,,0.00,N,Not at Intersection, ,Non-Junction,None,,,         ,Torian,Cox,Rain,Angle,no,no,no,no,no,False
102885509,METROPOLITAN NASHVILLE POLICE DEPT,20210052453,Davidson,Nashville,1/27/2021 5:50:00 PM,2,0,0,36.161520,-86.783840,ROSA L PARKS BLVD,,,,27.00,Feet,South,CHURCH ST,,,,0.00,N,Not at Intersection, ,,None,,,         ,Alexander,Hartle,,,no,no,no,no,no,False
102885510,METROPOLITAN NASHVILLE POLICE DEPT,20210050154,Davidson,Madison,1/26/2021 4:14:00 PM,6,2,1,36.264070,-86.690290,STATE RT 45,,,,0.00,,,MYATT DR,,,,0.00,Y,Four-Way,N,Intersection,None,,,         ,Russell,Ward,Clear,Angle,no,no,no,no,no,False
102885514,METROPOLITAN NASHVILLE POLICE DEPT,20210052541,Davidson,Nashville,1/27/2021 6:20:00 PM,2,1,0,36.173030,-86.792400,9TH AVN,,,,0.00,Feet,East,JEFFERSON ST,,,,0.00,N,Not at Intersection,N,Non-Junction,None,,,         ,Eric,McCoy,,Angle,no,no,no,no,no,False
102885516,METROPOLITAN NASHVILLE POLICE DEPT,20210052364,Davidson,Nashville,1/27/2021 4:00:00 PM,2,1,0,36.171540,-86.802710,I 40,,,,0.00,,,,,,,207.70,N,Not at Intersection,N,Non-Junction,None,,,         ,Brian,Warstadt,,Front to Rear,no,no,no,no,no,False
102885523,METROPOLITAN NASHVILLE POLICE DEPT,20210052571,Davidson,Nashville,1/27/2021 12:00:00 AM,2,0,0,36.218600,-86.803790,WHITES CREEK PKE,,,,188.00,Feet,North,MOORMANS ARM RD,,,,0.00,N,Not at Intersection,N,Non-Junction,None,,,         ,Melvin,Taylor,Sleet/Hail,Front to Rear,no,no,no,no,no,False
102885528,METROPOLITAN NASHVILLE POLICE DEPT,20210052603,Davidson,Nashville,1/27/2021 6:38:00 PM,2,0,0,36.066340,-86.737990,EDMONDSON PKE,,,,100.00,Feet,North,BREWER DR,,,,0.00,N,Not at Intersection, ,,None,,,         ,Sierra,Walker,,,no,no,no,no,no,False
102885529,METROPOLITAN NASHVILLE POLICE DEPT,20210052628,Davidson,Antioch,1/27/2021 6:33:00 PM,1,0,0,36.054170,-86.584450,S SHORE DR,,,,284.00,Feet,North,BEACHFRONT AV,,,,0.00,N,Not at Intersection,N,Non-Junction,None,,,         ,Beri,Scott,Cloudy,Not Collision with Motor Vehicle in Transport,no,no,no,yes,yes,False
102885534,METROPOLITAN NASHVILLE POLICE DEPT,20210052638,Davidson,Nashville,1/27/2021 7:46:00 PM,2,1,0,36.174200,-86.751990,FATHERLAND ST,,,,0.00,,,S 10TH ST,,,,0.00,Y,Four-Way,N,Intersection,None,,,         ,Richard,Conger,,Front to Rear,no,no,no,no,no,False
102885601,METROPOLITAN NASHVILLE POLICE DEPT,20210052630,Davidson,Nashville,1/27/2021 7:33:00 PM,1,1,0,36.194000,-86.752850,ELLINGTON PKWYS,,,,234.00,Feet,North,DOUGLAS AV,,,,0.00,N,Not at Intersection,N,Non-Junction,None,,,         ,Zachary,Aldrich,,Not Collision with Motor Vehicle in Transport,no,no,no,no,yes,False
102885618,METROPOLITAN NASHVILLE POLICE DEPT,20210052749,Davidson,Nashville,1/27/2021 8:58:00 PM,2,0,0,36.152200,-86.625810,BLACKWOOD DR,,,,217.00,Feet,West,STEWARTS FERRY PKE,,,,0.00,N,Not at Intersection, ,,None,,,         ,Mary,Robinson,,,no,no,no,yes,no,False
102885620,METROPOLITAN NASHVILLE POLICE DEPT,20210052709,Davidson,Nashville,1/27/2021 8:30:00 PM,2,0,0,36.166960,-86.827930,JOHN A MERRITT BLVD,,,,294.00,Feet,West,33RD AVN,,,,0.00,N,Not at Intersection, ,,None,,,         ,Daniel,Kallman,,,no,no,no,yes,no,False
102885664,METROPOLITAN NASHVILLE POLICE DEPT,20210052864,Davidson,Nashville,1/27/2021 12:00:00 AM,2,0,0,36.170670,-86.764580,RUSSELL ST,,,,141.00,Feet,West,S 5TH ST,,,,0.00,N,Not at Intersection,N,Non-Junction,None,,,         ,Shaquille,Graham,Clear,Unknown,no,no,no,no,yes,False
102885679,METROPOLITAN NASHVILLE POLICE DEPT,20210053051,Davidson,Nashville,1/28/2021 12:52:00 AM,2,0,0,36.037730,-86.677260,BLUE HOLE RD,,,,0.00,,,HONEY GROVE DR,,,,0.00,Y,T-Intersection,N,Intersection,None,,,         ,Leonard,Cato,,Angle,no,no,no,no,yes,False
102885713,METROPOLITAN NASHVILLE POLICE DEPT,20210053310,Davidson,Nashville,1/28/2021 4:50:00 AM,2,1,0,36.226420,-86.777970,I65 S ENT RAMP,,,,0.00,Feet,East,I 65,,,,0.00,N,Not at Intersection,Y,Entrance/Exit Ramp Related,None,,,         ,Joshua,Asbell,Cloudy,"Sideswipe, Same Direction",no,no,no,no,yes,False
102885742,METROPOLITAN NASHVILLE POLICE DEPT,20210053422,Davidson,Nashville,1/28/2021 5:45:00 AM,2,0,0,36.139070,-86.880560,HILLWOOD BLVD,,,,0.00,,,CHARLOTTE PKE,,,,0.00,Y,Four-Way, ,Intersection,None,,,         ,Curtis,Rich,Cloudy,Angle,no,no,no,no,no,False
102885749,METROPOLITAN NASHVILLE POLICE DEPT,20210053441,Davidson,Nashville,1/28/2021 6:54:00 AM,2,1,0,36.071940,-86.636180,US HWY 41,,,,0.00,,,BELL RD,,,,0.00,Y,Four-Way,N,Intersection,None,,,         ,Joshua,Hausman,Clear,"Sideswipe, Same Direction",no,no,no,no,yes,False