master_record_number,agency,agency_tracking_number,county,city,collision_date,vehicles_involved,number_injured,number_dead,latitude,longitude,roadway_name,roadway_suffix,roadway_number,roadway_local_id,distance_from_reference,miles-feet_indicator,direction_from_reference,intersection_road_name,intersection_road_name_suffix,intersection_road_number,intersection_local_id,mile_marker,intersection_indicator,intersect_type,interchange_related_indicator,relation_to_junction,work_zone_type,construction_maintenance_zone,construction_maintenance_zone_location,fatal_case_number,officer_first_name,officer_last_name,weather_condition(s),manner_of_crash,pedestrian,bicycle,scooter,parking,hitrun,mou
102890108,METROPOLITAN NASHVILLE POLICE DEPT,20210063609,Davidson,Nashville,1/28/2021 12:00:00 PM,2,0,0,36.078630,-86.643450,MURFREESBORO PKE,,,,170.00,Feet,West,MARTWAY DR,,,,0.00,N,Not at Intersection,N,Non-Junction,None,,,         ,Gerald,Gomes,Unknown,"Sideswipe, Opposite Direction",no,no,no,no,yes,False
102896447,METROPOLITAN NASHVILLE POLICE DEPT,20210079028,Davidson,Nashville,1/24/2021 11:56:00 PM,2,0,0,36.080430,-86.705150,HILLBROOK DR,,,,0.00,,,,,,,0.00,,,N,Non-Junction,None,,,         ,Joshua,Belk,,Rear to Rear,no,no,no,yes,yes,False
102896451,METROPOLITAN NASHVILLE POLICE DEPT,2021073574,Davidson,Nashville,1/21/2021 6:50:00 PM,1,0,0,36.188260,-86.793910,I 65,,,,0.00,,,,,,,85.50,N,Not at Intersection, ,Non-Junction,None,,,         ,Paxton,Montgomery,Clear,Not Collision with Motor Vehicle in Transport,no,no,no,no,no,False
102896624,BERRY HILL POLICE DEPT,21-0217,Davidson,Berry Hill,1/23/2021 5:25:00 PM,2,1,0,36.120540,-86.775170,FRANKLIN PKE,,,,0.00,,,KIRKWOOD AV,,,,0.00,Y,T-Intersection,N,Non-Junction,None,,,         ,Anthony,Russo,Clear,Angle,no,no,no,no,no,False
102906741,VANDERBILT UNIVERSITY POLICE,20210047178,Davidson,Nashville,1/25/2021 7:30:00 AM,2,0,0,36.139320,-86.805880,CHILDRENS WAY,,,,0.00,,,,,,,0.00,,, ,Non-Junction,None,,,         ,Karl,Haury,Rain,"Sideswipe, Same Direction",no,no,no,yes,no,Campus
102906969,VANDERBILT UNIVERSITY POLICE,210044808,Davidson,Nashville,1/23/2021 7:03:00 PM,2,0,0,36.139530,-86.803600,PIERCE AVE,,,,304.00,Feet,North,CHILDRENS WAY,,,,0.00,N,Not at Intersection, ,Non-Junction,None,,,         ,Alan,Reed,,Front to Rear,no,no,no,yes,no,Campus
102968770,METROPOLITAN NASHVILLE POLICE DEPT,20210019567,Davidson,Not in City Limit,1/11/2021 12:00:00 AM,1,1,0,36.076180,-86.982770,I 40,,,,0.00,,,,,,,194.70,N,Not at Intersection,N,Non-Junction,None,,,         ,Maria,Reynolds,Cloudy,Not Collision with Motor Vehicle in Transport,no,no,no,no,no,False
103200600,METROPOLITAN NASHVILLE POLICE DEPT,20220036321,Davidson,Not in City Limit,1/25/2021 12:35:00 PM,2,0,0,36.263070,-86.711920,STATE RT 45,,,,0.00,,,GALLATIN PKEN,,,,0.00,Y,Four-Way, ,Intersection,None,,,         ,Christopher,Littles,Clear,Front to Rear,no,no,no,no,no,False
102886539,METROPOLITAN NASHVILLE POLICE DEPT,20210055630,Davidson,Nashville,1/29/2021 5:15:00 AM,2,0,0,36.099000,-86.756630,SIDCO DR,,,,1161.00,Feet,South,POWELL AV,,,,0.00,N,Not at Intersection, ,Non-Junction,None,,,         ,Michael,Hodges,,"Sideswipe, Same Direction",no,no,no,no,no,False
102886545,METROPOLITAN NASHVILLE POLICE DEPT,20210055607,Davidson,Nashville,1/29/2021 4:56:00 AM,2,1,0,36.061300,-86.681250,I 24,,,,0.00,,,,,,,57.70,N,Not at Intersection,N,Non-Junction,None,,,         ,Kaleigh,Pearce,,"Sideswipe, Same Direction",no,no,no,no,no,False
102886604,METROPOLITAN NASHVILLE POLICE DEPT,20210055686,Davidson,Nashville,1/29/2021 6:19:00 AM,2,1,0,36.221520,-86.761740,DICKERSON PKE,,,,67.00,Feet,South,HART LN,,,,0.00,N,Not at Intersection,N,Non-Junction,None,,,         ,Kristopher,Sutton,,Front to Rear,no,no,no,no,no,False
102886619,METROPOLITAN NASHVILLE POLICE DEPT,20210055684,Davidson,Nashville,1/29/2021 6:03:00 AM,2,0,0,36.172740,-86.769420,I 24,,,,0.00,,,,,,,48.25,N,Not at Intersection, ,,None,,,         ,Kelcey,Bell,,,no,no,no,no,no,False
102886623,GOODLETTSVILLE POLICE DEPT,21-02780,Davidson,Goodlettsville,1/29/2021 5:38:00 AM,2,0,0,36.309600,-86.695720,CONFERENCE DR,,,,41.00,Feet,East,VIETNAM VETERANS BLVD SB ENT R,,,,0.00,N,Not at Intersection,N,Entrance/Exit Ramp Related,None,,,         ,Dequionta,Rucker,,Angle,no,no,no,no,no,False
102886629,METROPOLITAN NASHVILLE POLICE DEPT,20210055799,Davidson,Nashville,1/29/2021 7:49:00 AM,2,0,0,36.137200,-86.699670,BRILEY PKWY,,,,0.00,,,GLASTONBURY RD,,,,0.00,Y,T-Intersection,N,Intersection,None,,,         ,Michael,Brooks,Clear,"Sideswipe, Same Direction",no,no,no,no,yes,False
102886647,METROPOLITAN NASHVILLE POLICE DEPT,20210055794,Davidson,Nashville,1/29/2021 7:45:00 AM,2,0,0,36.133230,-86.801310,21ST AVS,,,,0.00,,,PORTLAND AV,,,,0.00,Y,Four-Way, ,Intersection-Related,None,,,         ,John,Roberson,,Angle,no,no,no,no,no,False
102886652,METROPOLITAN NASHVILLE POLICE DEPT,20210055803,Davidson,Nashville,1/29/2021 7:52:00 AM,2,1,0,36.203220,-86.776840,I 65,,,,0.00,,,,,,,87.10,N,Not at Intersection,N,Non-Junction,None,,,         ,Andrey,Volfson,Clear,Front to Rear,no,no,no,no,no,False
102886656,METROPOLITAN NASHVILLE POLICE DEPT,20210055858,Davidson,Antioch,1/29/2021 8:15:00 AM,2,1,0,36.026600,-86.615490,OLD HICKORY BLVD,,,,1582.00,Feet,South,LOGISTICS WAY,,,,0.00,N,Not at Intersection,N,Non-Junction,None,,,         ,Robert,Higgins,Clear,Front to Rear,no,no,no,no,no,False
102886657,VANDERBILT UNIVERSITY POLICE,20210055770,Davidson,Nashville,1/29/2021 7:25:00 AM,2,0,0,36.111700,-86.765390,THOMPSON LN,,,,513.00,Feet,South,POWELL AV,,,,0.00,N,Not at Intersection, ,Non-Junction,None,,,         ,Charles,Stevens,Clear,Rear to Side,no,no,no,yes,no,OHO
102886690,METROPOLITAN NASHVILLE POLICE DEPT,20210055940,Davidson,Nashville,1/29/2021 9:10:00 AM,2,0,0,36.082100,-86.761700,HARDING PL,,,,0.00,,,SIDCO DR,,,,0.00,Y,Four-Way, ,Entrance/Exit Ramp Related,None,,,         ,Ryan,Papp,,Front to Rear,no,no,no,no,no,False
102886702,METROPOLITAN NASHVILLE POLICE DEPT,2021055815,Davidson,Nashville,1/29/2021 8:00:00 AM,1,1,0,36.161330,-86.780600,COMMERCE ST,,,,0.00,,,6TH AVN,,,,0.00,Y,T-Intersection,N,Intersection,None,,,         ,Wesley,Young,,Not Collision with Motor Vehicle in Transport,no,no,no,no,no,False
102886730,METROPOLITAN NASHVILLE POLICE DEPT,20210055941,Davidson,Nashville,1/29/2021 9:05:00 AM,3,0,0,36.063130,-86.916930,OLD HICKORY BLVD,,,,0.00,,,BELLEVUE RD,,,,0.00,Y,Four-Way,N,Intersection,None,,,         ,Curtis,Rich,Clear,Angle,no,no,no,no,no,False
102886735,METROPOLITAN NASHVILLE POLICE DEPT,2021055939,Davidson,Nashville,1/29/2021 9:15:00 AM,2,0,0,36.168350,-86.766040,I 24,,,,0.00,,,,,,,48.80,N,Not at Intersection,N,Non-Junction,None,,,         ,Wesley,Young,,Front to Rear,no,no,no,no,yes,False
102886747,METROPOLITAN NASHVILLE POLICE DEPT,20210055990,Davidson,Nashville,1/29/2021 9:29:00 AM,2,0,0,36.201990,-86.621350,OLD HICKORY BLVD,,,,0.00,,,WRIGHT AV,,,,0.00,Y,T-Intersection, ,,None,,,         ,Michael,Brooks,,,no,no,no,no,no,False
102886748,METROPOLITAN NASHVILLE POLICE DEPT,20210055968,Davidson,Nashville,1/29/2021 8:27:00 AM,2,0,0,36.209070,-86.777940,AVONDALE CIR,,,,0.00,,,BRICK CHURCH PKE,,,,0.00,Y,T-Intersection,N,Non-Junction,None,,,         ,James,Wray,Clear,Angle,no,no,no,no,yes,False
102886783,METROPOLITAN NASHVILLE POLICE DEPT,20210055995,Davidson,Nashville,1/29/2021 9:15:00 AM,2,0,0,36.093610,-86.759130,SIDCO DR,,,,358.00,Feet,West,POWELL AV,,,,0.00,N,Not at Intersection, ,Non-Junction,None,,,         ,John,Robish,,"Sideswipe, Same Direction",no,no,no,no,no,False
102886789,METROPOLITAN NASHVILLE POLICE DEPT,20210055988,Davidson,Nashville,1/29/2021 9:31:00 AM,2,0,0,36.161650,-86.783920,ROSA L PARKS AV,,,,0.00,Feet,East,ROSA L PARKS BLVD,,,,0.00,N,Not at Intersection, ,Non-Junction,None,,,         ,Matthew,Hogan,,"Sideswipe, Same Direction",no,no,no,no,no,False
102886791,METROPOLITAN NASHVILLE POLICE DEPT,20210055781,Davidson,Nashville,1/29/2021 7:35:00 AM,1,0,0,36.118550,-86.800950,I 440,,,,0.00,,,,,,,3.15,N,Not at Intersection, ,,None,,,         ,Dakota,Davis,,,no,no,no,no,no,False
102886797,METROPOLITAN NASHVILLE POLICE DEPT,20210056156,Davidson,Nashville,1/29/2021 11:02:00 AM,2,0,0,36.163320,-86.613120,BELL RD,,,,0.00,,,DODSON CHAPEL RD,,,,0.00,Y,T-Intersection, ,Intersection,None,,,         ,Michael,Brooks,Clear,Angle,no,no,no,no,no,False
102886815,METROPOLITAN NASHVILLE POLICE DEPT,20210055955,Davidson,Nashville,1/29/2021 9:15:00 AM,2,0,0,36.082900,-86.584890,WATERFORD WAY,,,,222.00,Feet,West,WATERFORD PL,,,,0.00,N,Not at Intersection, ,Non-Junction,None,,,         ,Alquavious,McDaniel,Clear,Angle,no,no,no,no,no,False
102886840,METROPOLITAN NASHVILLE POLICE DEPT,20210056177,Davidson,Nashville,1/29/2021 11:09:00 AM,2,1,0,36.109940,-86.811530,HILLSBORO PKE,,,,309.00,Feet,North,CRESTMOOR RD,,,,0.00,N,Not at Intersection,N,Non-Junction,None,,,         ,John,Robish,,Front to Rear,no,no,no,no,no,False
102886841,METROPOLITAN NASHVILLE POLICE DEPT,20210056260,Davidson,Nashville,1/29/2021 11:41:00 AM,2,0,0,36.182520,-86.797690,I 65,,,,0.00,,,US HWY 41 ALT,,,,0.00,Y,T-Intersection, ,Intersection,None,,,         ,Ronald,Bright,Clear,Front to Rear,no,no,no,no,no,False
102886842,METROPOLITAN NASHVILLE POLICE DEPT,20210056184,Davidson,Nashville,1/29/2021 11:10:00 AM,2,0,0,36.144790,-86.813310,29TH AVN,,,,91.00,Feet,North,WEST END AV,,,,0.00,N,Not at Intersection, ,,None,,,         ,Dakota,Davis,,,no,no,no,no,no,Campus
102886845,METROPOLITAN NASHVILLE POLICE DEPT,20210056266,Davidson,Nashville,1/29/2021 12:07:00 PM,2,0,0,36.149100,-86.761090,CLAIBORNE ST,,,,256.00,Feet,North,LAFAYETTE ST,,,,0.00,N,Not at Intersection, ,Non-Junction,None,,,         ,Jason,Thomas,,"Sideswipe, Same Direction",no,no,no,no,no,False
102886857,METROPOLITAN NASHVILLE POLICE DEPT,20210056126,Davidson,Nashville,1/29/2021 10:48:00 AM,2,1,0,36.186360,-86.818780,CLARKSVILLE PKE,,,,0.00,,,26TH AVN,,,,0.00,Y,Four-Way,N,Intersection-Related,None,,,         ,Andrey,Volfson,Clear,"Sideswipe, Same Direction",no,no,no,no,no,False
102886896,METROPOLITAN NASHVILLE POLICE DEPT,20210056317,Davidson,Nashville,1/29/2021 12:45:00 PM,2,0,0,36.149270,-86.857910,WHITE BRIDGE PKE,,,,309.00,Feet,North,LENOX AV,,,,0.00,N,Not at Intersection, ,Non-Junction,None,,,         ,Curtis,Rich,Clear,Front to Rear,no,no,no,no,yes,False
102886970,METROPOLITAN NASHVILLE POLICE DEPT,20210056299,Davidson,Nashville,1/29/2021 12:31:00 PM,2,3,0,36.150240,-86.699230,ELM HILL PKE,,,,288.00,Feet,East,ACORN DR,,,,0.00,N,Not at Intersection,N,Non-Junction,None,,,         ,Michael,Brooks,Clear,Angle,no,no,no,no,no,False
102886971,METROPOLITAN NASHVILLE POLICE DEPT,20210056395,Davidson,Nashville,1/29/2021 1:23:00 PM,2,0,0,36.186940,-86.860760,STATE HWY 155,,,,0.00,,,COUNTY HOSPITAL RD,,,,0.00,Y,T-Intersection,N,Intersection,None,,,         ,Ronald,Bright,Clear,Front to Rear,no,no,no,no,no,False
102886972,METROPOLITAN NASHVILLE POLICE DEPT,20210056269,Davidson,Nashville,1/29/2021 12:00:00 AM,1,1,0,36.115010,-86.741790,WHITSETT RD,,,,368.00,Feet,East,FOSTER CT,,,,0.00,N,Not at Intersection,N,"Driveway, Alley Access, etc",None,,,         ,Neil,Wolfe,Clear,Not Collision with Motor Vehicle in Transport,no,no,no,no,no,False
102886978,GOODLETTSVILLE POLICE DEPT,21-02823,Davidson,Goodlettsville,1/29/2021 1:20:00 PM,2,0,0,36.325000,-86.701990,LONG HOLLOW PKE,,,,79.00,Feet,West,CONFERENCE DR,,,,0.00,N,Not at Intersection, ,Non-Junction,None,,,         ,Brian,Hajdu,Clear,Angle,no,no,no,no,no,False
102886988,METROPOLITAN NASHVILLE POLICE DEPT,20210056388,Davidson,Nashville,1/29/2021 1:28:00 PM,2,0,0,36.146100,-86.870730,CHARLOTTE PKE,,,,0.00,,,WESTBORO DR,,,,0.00,Y,Four-Way, ,Intersection,None,,,         ,Curtis,Rich,Clear,Front to Rear,no,no,no,no,yes,False
102886994,METROPOLITAN NASHVILLE POLICE DEPT,20210056384,Davidson,Nashville,1/29/2021 12:00:00 AM,1,0,0,36.161350,-86.854330,55TH AVN,,,,198.00,Feet,South,LOUISIANA AV,,,,0.00,N,Not at Intersection,N,Non-Junction,None,,,         ,Darren,Key,Clear,Not Collision with Motor Vehicle in Transport,no,no,no,no,yes,False
102886999,METROPOLITAN NASHVILLE POLICE DEPT,20210056319,Davidson,Nashville,1/29/2021 12:48:00 PM,2,0,0,36.176400,-86.767430,SPRING ST,,,,0.00,,,SPRING ST ENT RAMP,,,,0.00,Y,Y-Intersection, ,Entrance/Exit Ramp Related,None,,,         ,Doyle,Price,Clear,Front to Rear,no,no,no,no,no,False
102887000,METROPOLITAN NASHVILLE POLICE DEPT,20210056215,Davidson,Nashville,1/29/2021 11:35:00 AM,2,2,0,36.084920,-86.703440,TRAVELERS INN DR,,,,0.00,,,HARDING PL,,,,0.00,Y,T-Intersection,Y,Intersection,None,,,         ,Joshua,Belk,Clear,Angle,no,no,no,no,no,False
102887001,METROPOLITAN NASHVILLE POLICE DEPT,20210056436,Davidson,Nashville,1/29/2021 1:46:00 PM,2,1,0,36.086820,-86.695570,HARDING PL,,,,115.00,Feet,East,METROPLEX DR,,,,0.00,N,Not at Intersection,N,Non-Junction,None,,,         ,Joshua,Belk,Clear,Front to Rear,no,no,no,no,no,False
102887064,METROPOLITAN NASHVILLE POLICE DEPT,20210056424,Davidson,Nashville,1/29/2021 1:56:00 PM,2,0,0,36.146830,-86.808660,WEST END AV,,,,7.00,Feet,West,25TH AVN,,,,0.00,N,Not at Intersection,N,Non-Junction,None,,,         ,Hendrik,Kruger,,Front to Rear,no,no,no,no,no,Campus
102887065,METROPOLITAN NASHVILLE POLICE DEPT,20210056383,Davidson,Nashville,1/29/2021 1:28:00 PM,2,0,0,36.158870,-86.801030,PEARL ST,,,,69.00,Feet,West,DR D B TODD JR BLVD,,,,0.00,N,Not at Intersection, ,Non-Junction,None,,,         ,Nicholas,Kiraly,Clear,"Sideswipe, Same Direction",no,no,no,no,no,False
102887113,METROPOLITAN NASHVILLE POLICE DEPT,20210056477,Davidson,Nashville,1/29/2021 2:51:00 PM,2,2,0,36.106430,-86.819430,ABBOTT MARTIN RD,,,,0.00,,,CLEGHORN AV,,,,0.00,Y,Four-Way,Y,Intersection,None,,,         ,Jared,Dick,Clear,Angle,no,no,no,no,no,False
102887186,METROPOLITAN NASHVILLE POLICE DEPT,20210056515,Davidson,Nashville,1/29/2021 3:00:00 PM,2,0,0,36.069390,-86.692740,HAYWOOD LN,,,,0.00,Feet,,HAYWOOD SQUARE PVTDR,,,,0.00,Y,T-Intersection,N,Non-Junction,None,,,         ,Beri,Scott,Clear,Front to Rear,no,no,no,no,no,False
102887200,METROPOLITAN NASHVILLE POLICE DEPT,20210056467,Davidson,Nashville,1/29/2021 2:41:00 PM,2,0,0,36.151340,-86.768830,I 40,,,,0.00,,,,,,,210.50,N,Not at Intersection, ,Non-Junction,None,,,         ,Derek,Sibley,,Front to Rear,no,no,no,no,no,False
102887203,METROPOLITAN NASHVILLE POLICE DEPT,20210056639,Davidson,Nashville,1/29/2021 4:09:00 PM,2,0,0,36.153710,-86.788030,I 40,,,,0.00,,,,,,,209.30,N,Not at Intersection,N,Non-Junction,None,,,         ,Douglas,Sykes,,Front to Rear,no,no,no,no,no,False
102887205,METROPOLITAN NASHVILLE POLICE DEPT,20210056630,Davidson,Nashville,1/29/2021 4:06:00 PM,2,5,0,36.255420,-86.704370,NEELYS BEND RD,,,,0.00,,,FOREST PARK RD,,,,0.00,Y,T-Intersection,N,Intersection,None,,,         ,Christopher,Littles,Clear,HeadOn,no,no,no,no,no,False
102887227,METROPOLITAN NASHVILLE POLICE DEPT,20210056707,Davidson,Nashville,1/29/2021 4:33:00 PM,1,0,0,36.162230,-86.849130,51ST AVN,,,,0.00,,,CENTENNIAL BLVD,,,,0.00,Y,Four-Way, ,Non-Junction,None,,,         ,Ryan,Malone,Clear,Not Collision with Motor Vehicle in Transport,no,no,no,no,no,False
102887228,METROPOLITAN NASHVILLE POLICE DEPT,20210056497,Davidson,Nashville,1/29/2021 3:00:00 PM,2,1,0,36.094420,-86.653390,MURFREESBORO PKE,,,,0.00,Feet,East,FRANKLIN LIMESTONE RD,,,,0.00,N,Not at Intersection,N,Non-Junction,None,,,         ,Tyler,Geiger,Clear,HeadOn,no,no,no,no,no,False
102887231,METROPOLITAN NASHVILLE POLICE DEPT,20210056662,Davidson,Antioch,1/29/2021 4:22:00 PM,2,0,0,36.013440,-86.620690,I24 E ENT RAMP,,,,0.00,,,I 24,,,,0.00,Y,Four-Way,Y,Intersection,None,,,         ,Matthew,Swindell,Clear,Front to Rear,no,no,no,no,yes,False
102887233,METROPOLITAN NASHVILLE POLICE DEPT,20210056709,Davidson,Nashville,1/29/2021 4:26:00 PM,2,0,0,36.134300,-86.776360,RAMP,,,,0.00,,,WEDGEWOOD AVE,,,,0.00,Y,Four-Way, ,Intersection-Related,None,,,         ,Sekou,Samassi,,"Sideswipe, Same Direction",no,no,no,no,no,False
102887234,METROPOLITAN NASHVILLE POLICE DEPT,20210056721,Davidson,Nashville,1/29/2021 4:00:00 PM,2,0,0,36.109280,-86.727320,BRILEY PKWYN,,,,222.00,Feet,East,TALLWOOD DR,,,,0.00,N,Not at Intersection, ,Non-Junction,None,,,         ,Beri,Scott,Clear,Front to Rear,no,no,no,no,no,False
102887237,METROPOLITAN NASHVILLE POLICE DEPT,20210056659,Davidson,Nashville,1/29/2021 4:05:00 PM,1,0,0,36.081220,-86.751460,WAUFORD DR,,,,113.00,Feet,North,HARDING PL,,,,0.00,N,Not at Intersection,N,Non-Junction,None,,,         ,Ryan,Sherry,,Not Collision with Motor Vehicle in Transport,no,no,no,no,yes,False
102887266,METROPOLITAN NASHVILLE POLICE DEPT,20210056768,Davidson,Nashville,1/29/2021 5:16:00 PM,2,0,0,36.204580,-86.748390,E TRINITY LN,,,,0.00,,,AMBROSE AV,,,,0.00,Y,T-Intersection, ,,None,,,         ,Zachary,Aldrich,,,no,no,no,no,no,False
102887273,METROPOLITAN NASHVILLE POLICE DEPT,20210056780,Davidson,Nashville,1/29/2021 5:00:00 PM,2,0,0,36.172170,-86.767130,JAMES ROBERTSON PKWY ENT RAMP,,,,0.00,,,JAMES ROBERTSON PKWY,,,,0.00,Y,Y-Intersection,N,Intersection-Related,None,,,         ,Steven,Bowler,,Angle,no,no,no,no,yes,False
102887277,METROPOLITAN NASHVILLE POLICE DEPT,20210056798,Davidson,Nashville,1/29/2021 5:39:00 PM,2,0,0,36.043760,-86.650410,HICKORY HOLLOW PKWY,,,,44.00,Feet,South,CROSSINGS PL,,,,0.00,N,Not at Intersection, ,Non-Junction,None,,,         ,Matthew,Swindell,Clear,Angle,no,no,no,no,no,False
102887289,METROPOLITAN NASHVILLE POLICE DEPT,20210056852,Davidson,Nashville,1/29/2021 6:11:00 PM,2,1,0,36.154340,-86.798960,19TH AVN,,,,0.00,,,CHURCH ST,,,,0.00,Y,Four-Way,N,Intersection,None,,,         ,Zachary,Plese,Clear,Angle,no,no,no,no,no,False
102887312,BERRY HILL POLICE DEPT,21-0295,Davidson,Berry Hill,1/29/2021 12:00:00 AM,2,0,0,36.112550,-86.765730,THOMPSON LN,,,,0.00,,,,,,,0.00,,Not at Intersection,N,OtherLocation,None,,,         ,Roy,Morris,Clear,Unknown,no,no,no,yes,yes,False
102887321,METROPOLITAN NASHVILLE POLICE DEPT,20210056807,Davidson,Nashville,1/29/2021 5:30:00 PM,2,0,0,36.213840,-86.730990,GALLATIN PKE,,,,126.00,Feet,South,GILLOCK ST,,,,0.00,N,Not at Intersection, ,Non-Junction,None,,,         ,Donovan,Coble,Clear,Angle,no,no,no,no,no,False
102887322,METROPOLITAN NASHVILLE POLICE DEPT,20210056860,Davidson,Nashville,1/29/2021 6:14:00 PM,2,5,0,36.140980,-86.839750,MURPHY RD,,,,180.00,Feet,East,45TH AVN,,,,0.00,N,Not at Intersection,N,Non-Junction,None,,,         ,Ryan,Malone,Clear,Front to Rear,yes,no,no,no,no,False
102887349,METROPOLITAN NASHVILLE POLICE DEPT,20210056636,Davidson,Nashville,1/29/2021 4:00:00 PM,2,1,0,36.227140,-86.835810,BRILEY PKWY E EXT RAMP,,,,0.00,Feet,East,BRILEY PKWY E ENT RAMP,,,,0.00,N,Not at Intersection,N,Non-Junction,None,,,         ,Alec,Pellissier,Clear,Angle,no,no,no,no,no,False
102887350,METROPOLITAN NASHVILLE POLICE DEPT,20210056882,Davidson,Nashville,1/29/2021 6:10:00 PM,2,0,0,36.045750,-86.708830,OLD HICKORY BLVD,,,,710.00,Feet,West,HICKORY VALLEY CONDOS PVTDR,,,,0.00,N,Not at Intersection,N,Non-Junction,None,,,         ,Nadine,Klemenz,Clear,Front to Rear,no,no,no,no,yes,False
102887351,VANDERBILT UNIVERSITY POLICE,20210056865,Davidson,Nashville,1/29/2021 5:59:00 PM,1,0,0,36.139430,-86.804270,CHILDRENS WAY,,,,0.00,,,,,,,0.00,,, ,,None,,,         ,Yarrish,Hammons,,,no,no,no,no,no,Campus
102887396,METROPOLITAN NASHVILLE POLICE DEPT,20210056814,Davidson,Nashville,1/29/2021 5:49:00 PM,2,0,0,36.056070,-86.675820,I 24,,,,0.00,,,,,,,58.20,N,Not at Intersection,N,Non-Junction,None,,,         ,Beri,Scott,Clear,Front to Rear,no,no,no,no,no,False
102887397,METROPOLITAN NASHVILLE POLICE DEPT,20210056948,Davidson,Nashville,1/29/2021 6:35:00 PM,2,0,0,36.045850,-86.674870,BELL RD,,,,160.00,Feet,West,BLUE HOLE RD,,,,0.00,N,Not at Intersection,N,Non-Junction,None,,,         ,Beri,Scott,Clear,Angle,no,no,no,no,yes,False
102887441,METROPOLITAN NASHVILLE POLICE DEPT,20210056883,Davidson,Nashville,1/29/2021 5:50:00 PM,2,0,0,36.041930,-86.782360,I 65,,,,0.00,,,,,,,74.80,N,Not at Intersection, ,,None,,,         ,Cory,Stratton,,,no,no,no,no,no,False
102887443,METROPOLITAN NASHVILLE POLICE DEPT,20210056660,Davidson,Nashville,1/29/2021 4:15:00 PM,2,0,0,36.040900,-86.779380,STONE BROOK DR,,,,0.00,,,OLD HICKORY BLVD,,,,0.00,Y,Four-Way,N,Intersection,None,,,         ,Savannah,Starbuck,,Angle,no,no,no,no,no,False
102887499,METROPOLITAN NASHVILLE POLICE DEPT,20210056990,Davidson,Nashville,1/29/2021 6:40:00 PM,2,0,0,36.087860,-86.701560,I 24,,,,0.00,,,,,,,55.60,N,Not at Intersection,N,Non-Junction,None,,,         ,Garrett,Latham,Clear,Front to Rear,no,no,no,no,yes,False
102887507,METROPOLITAN NASHVILLE POLICE DEPT,20210057066,Davidson,Nashville,1/29/2021 12:00:00 AM,2,0,0,36.158240,-86.773790,3RD AVS,,,,239.00,Feet,South,MOLLOY ST,,,,0.00,N,Not at Intersection,N,Non-Junction,None,,,         ,Trevor,Taylor,,"Sideswipe, Same Direction",no,no,no,yes,yes,False
102887516,METROPOLITAN NASHVILLE POLICE DEPT,20210057084,Davidson,Nashville,1/29/2021 8:00:00 PM,2,0,0,36.203220,-86.776650,I 65,,,,0.00,,,,,,,87.10,N,Not at Intersection,N,Non-Junction,None,,,         ,Tyler,Heckaman,Clear,"Sideswipe, Same Direction",no,no,no,no,yes,False
102887561,METROPOLITAN NASHVILLE POLICE DEPT,20210056941,Davidson,Nashville,1/29/2021 6:40:00 PM,2,0,0,36.099480,-86.710960,I 24,,,,0.00,,,,,,,54.60,N,Not at Intersection, ,Non-Junction,None,,,         ,Megan,Arnett,Clear,Front to Rear,no,no,no,no,no,False
102887575,METROPOLITAN NASHVILLE POLICE DEPT,20210057011,Davidson,Nashville,1/29/2021 4:46:00 PM,2,0,0,36.199300,-86.619550,LEBANON PKE,,,,97.00,Feet,South,OLD HICKORY BLVD,,,,0.00,N,Not at Intersection, ,Non-Junction,None,,,         ,Nathaniel,Jones,,"Sideswipe, Same Direction",no,no,no,no,no,False
102887586,METROPOLITAN NASHVILLE POLICE DEPT,20210057064,Davidson,Nashville,1/29/2021 8:11:00 PM,2,2,0,36.057940,-86.716060,NOLENSVILLE PKE,,,,388.00,Feet,South,TUSCULUM RD,,,,0.00,N,Not at Intersection,N,Non-Junction,None,,,         ,Emmanuel,Berger,,"Sideswipe, Same Direction",no,no,no,no,yes,False
102887601,METROPOLITAN NASHVILLE POLICE DEPT,20210057217,Davidson,Nashville,1/29/2021 8:19:00 PM,2,0,0,36.135800,-86.725040,MURFREESBORO PKE,,,,0.00,,,SPENCE LN,,,,0.00,Y,Four-Way,N,Intersection,None,,,         ,Joel,Bennett,Clear,Front to Rear,no,no,no,no,no,False
102887607,METROPOLITAN NASHVILLE POLICE DEPT,20210057172,Davidson,Nashville,1/29/2021 9:17:00 PM,2,1,0,36.217810,-86.692200,BRILEY PKWY N ENT RAMP,,,,0.00,Feet,East,MCGAVOCK PKE WB EXT RAMP,,,,0.00,N,Not at Intersection,N,Non-Junction,None,,,         ,Evan,Grace,,Front to Rear,no,no,no,no,no,False
102887623,METROPOLITAN NASHVILLE POLICE DEPT,20210057169,Davidson,Nashville,1/29/2021 9:00:00 PM,2,0,0,36.045600,-86.658480,I24 W ENT RAMP,,,,0.00,Feet,East,I 24,,,,0.00,N,Not at Intersection,N,Non-Junction,None,,,         ,Tyler,Geiger,,HeadOn,no,no,no,no,no,False
102887633,METROPOLITAN NASHVILLE POLICE DEPT,20210057095,Davidson,Nashville,1/29/2021 8:30:00 PM,2,0,0,36.081230,-86.715040,HARDING PL,,,,29.00,Feet,East,HUMBER DR,,,,0.00,N,Not at Intersection,N,Non-Junction,None,,,         ,Beri,Scott,,Front to Rear,no,no,no,no,no,False