master_record_number,agency,agency_tracking_number,county,city,collision_date,vehicles_involved,number_injured,number_dead,latitude,longitude,roadway_name,roadway_suffix,roadway_number,roadway_local_id,distance_from_reference,miles-feet_indicator,direction_from_reference,intersection_road_name,intersection_road_name_suffix,intersection_road_number,intersection_local_id,mile_marker,intersection_indicator,intersect_type,interchange_related_indicator,relation_to_junction,work_zone_type,construction_maintenance_zone,construction_maintenance_zone_location,fatal_case_number,officer_first_name,officer_last_name,weather_condition(s),manner_of_crash,pedestrian,bicycle,scooter,parking,hitrun,mou
102888425,METROPOLITAN NASHVILLE POLICE DEPT,20210059115,Davidson,Antioch,1/30/2021 12:00:00 AM,1,0,0,36.009410,-86.614740,,,I24,,0.00,Feet,East,,,,,63.00,N,Not at Intersection,N,Non-Junction,None,,,         ,Esther,Poysti,Rain,Not Collision with Motor Vehicle in Transport,no,no,no,no,no,False
102888426,METROPOLITAN NASHVILLE POLICE DEPT,20210059006,Davidson,Nashville,1/30/2021 11:10:00 PM,2,0,0,36.151470,-86.751350,I40 W EXT RAMP,,,,0.00,Feet,East,I 40,,,,0.00,N,Not at Intersection,N,Non-Junction,None,,,         ,Jason,Kedzierski,,Angle,no,no,no,no,yes,False
102888436,METROPOLITAN NASHVILLE POLICE DEPT,20210058979,Davidson,Nashville,1/30/2021 12:00:00 AM,2,0,0,36.096350,-86.655930,MURFREESBORO PKE,,,,51.00,Feet,East,SMITH SPRINGS RD,,,,0.00,N,Not at Intersection,N,Non-Junction,None,,,         ,Antoine,Maghamez,Rain,HeadOn,no,no,no,no,yes,False
102888438,METROPOLITAN NASHVILLE POLICE DEPT,20210059080,Davidson,Nashville,1/30/2021 11:00:00 PM,1,0,0,36.047340,-86.680260,BRENTRIDGE CIR,,,,140.00,Feet,North,BRENTRIDGE DR,,,,0.00,N,Not at Intersection,N,Non-Junction,None,,,         ,Holly,Davis,Rain,Not Collision with Motor Vehicle in Transport,no,no,no,yes,no,False
102888440,METROPOLITAN NASHVILLE POLICE DEPT,20210058982,Davidson,Not in City Limit,1/30/2021 10:41:00 PM,2,0,0,36.074710,-86.937760,HIGHWAY 70S,,,,765.00,Feet,West,COLICE JEANNE RD,,,,0.00,N,Not at Intersection,N,Non-Junction,None,,,         ,David,Moser,Rain,"Sideswipe, Opposite Direction",no,no,no,no,yes,False
102888441,METROPOLITAN NASHVILLE POLICE DEPT,20210059020,Davidson,Not in City Limit,1/30/2021 11:00:00 PM,1,0,0,36.074710,-86.937760,HIGHWAY 70S,,,,765.00,Feet,West,COLICE JEANNE RD,,,,0.00,N,Not at Intersection, ,,None,,,         ,David,Moser,,,no,no,no,no,no,False
102888443,METROPOLITAN NASHVILLE POLICE DEPT,20210059167,Davidson,Nashville,1/31/2021 12:45:00 AM,2,0,0,36.119580,-86.808750,HILLSBORO PKE,,,,0.00,,,STOKES LN,,,,0.00,Y,T-Intersection,N,Non-Junction,None,,,         ,Michael,Hodges,,Angle,no,no,no,no,no,False
102888445,METROPOLITAN NASHVILLE POLICE DEPT,20210059206,Davidson,Nashville,1/30/2021 7:41:00 PM,1,0,0,36.156730,-86.842190,INDIANA AV,,,,75.00,Feet,East,46TH AVN,,,,0.00,N,Not at Intersection,N,Non-Junction,None,,,         ,Eric,Jackson,Rain,Not Collision with Motor Vehicle in Transport,no,no,no,no,yes,False
102888447,METROPOLITAN NASHVILLE POLICE DEPT,20210059035,Davidson,Nashville,1/30/2021 12:00:00 AM,2,2,0,36.009155,-86.614555,,,I24,,200.00,Feet,East,,,,,63.00,N,Not at Intersection,N,Non-Junction,None,,,         ,Esther,Poysti,Rain,Angle,no,no,no,no,no,False
102888449,METROPOLITAN NASHVILLE POLICE DEPT,20210059216,Davidson,Nashville,1/31/2021 12:32:00 AM,3,0,0,36.165420,-86.756130,DEW ST,,,,135.00,Feet,West,S 8TH CT,,,,0.00,N,Not at Intersection,N,Non-Junction,None,,,         ,Matthew,Jankiewicz,Rain,"Sideswipe, Same Direction",no,no,no,no,yes,False
102888457,METROPOLITAN NASHVILLE POLICE DEPT,20210059193,Davidson,Nashville,1/31/2021 1:05:00 AM,1,0,0,36.247820,-86.778040,BRICK CHURCH PKE,,,,0.00,,,,,,,0.00,,,N,Non-Junction,None,,,         ,Coleman,McKellar,,Not Collision with Motor Vehicle in Transport,no,no,no,no,yes,False
102888458,GOODLETTSVILLE POLICE DEPT,21-02943,Davidson,Goodlettsville,1/30/2021 8:24:00 PM,2,1,0,36.310520,-86.686160,VIETNAM VETERANS BLVDN,,,,917.00,Feet,West,VIETNAM VETERANS BLVD SB EXT R,,,,0.00,N,Not at Intersection,N,Non-Junction,None,,,         ,Zachary,Scannell,Rain,"Sideswipe, Same Direction",no,no,no,no,no,False
102888464,METROPOLITAN NASHVILLE POLICE DEPT,20210059244,Davidson,Nashville,1/31/2021 1:59:00 AM,3,0,0,36.050160,-86.648890,BELL RD,,,,193.00,Feet,East,MT VIEW RD,,,,0.00,N,Not at Intersection,Y,Non-Junction,None,,,         ,Holly,Davis,Rain,Front to Rear,no,no,no,no,yes,False
102888470,METROPOLITAN NASHVILLE POLICE DEPT,20210059295,Davidson,Nashville,1/31/2021 2:45:00 AM,1,0,0,36.139080,-86.641010,TIMBERWAY DR,,,,0.00,Feet,West,TIMBER VALLEY DR,,,,0.00,N,Not at Intersection,N,Non-Junction,None,,,         ,Torry,Hill,,Unknown,no,no,no,no,yes,False
102888492,METROPOLITAN NASHVILLE POLICE DEPT,20210059402,Davidson,Nashville,1/31/2021 4:50:00 AM,2,0,0,36.152200,-86.842220,CHARLOTTE AV,,,,0.00,,,46TH AVN,,,,0.00,Y,Four-Way,Y,Intersection,None,,,         ,Eric,Jackson,Rain,Angle,no,no,no,no,no,False
102888503,METROPOLITAN NASHVILLE POLICE DEPT,20210059324,Davidson,Nashville,1/31/2021 3:19:00 AM,2,0,0,36.067230,-86.661670,UNA ANTIOCH PKE,,,,0.00,Feet,West,RICHARDS RD,,,,0.00,N,Not at Intersection,N,Non-Junction,None,,,         ,Jose,Oliveros,Rain,Angle,no,no,no,no,yes,False
102888518,METROPOLITAN NASHVILLE POLICE DEPT,20200059429,Davidson,Nashville,1/31/2021 5:29:00 AM,2,0,0,36.134020,-86.722560,MURFREESBORO PKE,,,,0.00,,,PLUS PARK BLVD,,,,0.00,Y,Four-Way,N,Intersection,None,,,         ,Autumn,Manning,,Angle,no,no,no,no,no,False
102888531,METROPOLITAN NASHVILLE POLICE DEPT,20210059504,Davidson,Nashville,1/31/2021 12:00:00 AM,1,0,0,36.148030,-86.772180,6TH AVS,,,,0.00,Feet,East,OAK ST,,,,0.00,N,Not at Intersection,N,Non-Junction,None,,,         ,Devin,Mabry,Unknown,Not Collision with Motor Vehicle in Transport,no,no,no,no,yes,False
102888536,METROPOLITAN NASHVILLE POLICE DEPT,20210059500,Davidson,Nashville,1/31/2021 7:10:00 AM,2,1,0,36.192260,-86.779460,I 65,,,,0.00,,,,,,,86.35,N,Not at Intersection,Y,Entrance/Exit Ramp Related,None,,,         ,Brian,Quigley,Cloudy,"Sideswipe, Same Direction",no,no,no,no,no,False
102888547,METROPOLITAN NASHVILLE POLICE DEPT,20210059416,Davidson,Nashville,1/31/2021 5:00:00 AM,1,1,0,36.182850,-86.775220,I 24,,,,0.00,,,,,,,47.40,N,Not at Intersection,N,Non-Junction,None,,,         ,Kelly,Turcios,Rain,Not Collision with Motor Vehicle in Transport,no,no,no,no,no,False
102888552,METROPOLITAN NASHVILLE POLICE DEPT,20210059499,Davidson,Nashville,1/31/2021 12:00:00 AM,2,0,0,36.146720,-86.762840,WHARF AV,,,,108.00,Feet,North,TRIMBLE ST,,,,0.00,N,Not at Intersection,N,Non-Junction,None,,,         ,Brian,Sherman,,Front to Rear,no,no,no,no,yes,False
102888553,METROPOLITAN NASHVILLE POLICE DEPT,20210059468,Davidson,Not in City Limit,1/31/2021 6:14:00 AM,1,1,0,36.321050,-86.867470,WHITES CREEK PKE,,,,0.00,,,GIFFORD PL,,,,0.00,Y,Four-Way,N,Intersection,None,,,         ,Joshua,Asbell,Rain,Not Collision with Motor Vehicle in Transport,no,no,no,no,yes,False
102888561,METROPOLITAN NASHVILLE POLICE DEPT,20210059532,Davidson,Nashville,1/31/2021 7:50:00 AM,1,1,0,36.242070,-86.750290,I65 S EXT RAMP,,,,0.00,,,I 65,,,,0.00,Y,OTHER,Y,Entrance/Exit Ramp Related,None,,,         ,Ruben,Mariano,Clear,Not Collision with Motor Vehicle in Transport,no,no,no,no,no,False
102888595,METROPOLITAN NASHVILLE POLICE DEPT,20210059624,Davidson,Nashville,1/31/2021 9:08:00 AM,2,0,0,36.093010,-86.652350,MURFREESBORO PKE,,,,351.00,Feet,South,OLD MURFREESBORO PKE,,,,0.00,N,Not at Intersection,N,Non-Junction,None,,,         ,Daniel,Fuentes,"Fog, Rain",HeadOn,no,no,no,no,no,False
102888637,METROPOLITAN NASHVILLE POLICE DEPT,20210059591,Davidson,Nashville,1/31/2021 8:37:00 AM,2,1,0,36.082170,-86.651950,UNA ANTIOCH PKE,,,,0.00,,,PICCADILLY ROW,,,,0.00,Y,T-Intersection,N,Intersection,None,,,         ,Theodore,Flick,Cloudy,Front to Rear,no,no,no,no,yes,False
102888640,METROPOLITAN NASHVILLE POLICE DEPT,20210059741,Davidson,Nashville,1/31/2021 11:35:00 AM,2,0,0,36.078770,-86.656160,UNA ANTIOCH PKE,,,,343.00,Feet,East,OAK BARREL LN,,,,0.00,N,Not at Intersection,N,Non-Junction,None,,,         ,Stanley,Collins,Cloudy,Angle,no,no,no,no,yes,False
102888644,METROPOLITAN NASHVILLE POLICE DEPT,20210059739,Davidson,Nashville,1/31/2021 10:00:00 AM,1,0,0,36.059220,-86.696210,DARLENE DR,,,,332.00,Feet,South,COLEMONT DR,,,,0.00,N,Not at Intersection, ,Non-Junction,None,,,         ,Jason,Hees,Rain,Not Collision with Motor Vehicle in Transport,no,no,no,no,yes,False
102888646,METROPOLITAN NASHVILLE POLICE DEPT,20210059719,Davidson,Not in City Limit,1/31/2021 12:00:00 AM,1,0,0,36.319420,-86.891850,OLD CLARKSVILLE PKE,,,,156.00,Feet,North,CLARKSVILLE PKE,,,,0.00,N,Not at Intersection,N,Non-Junction,None,,,         ,Tyler,Adcock,Unknown,Not Collision with Motor Vehicle in Transport,no,no,no,no,yes,False
102888677,METROPOLITAN NASHVILLE POLICE DEPT,20210059707,Davidson,Nashville,1/31/2021 10:59:00 AM,2,1,0,36.109710,-86.730150,THOMPSON LN,,,,275.00,Feet,East,MASHBURN RD,,,,0.00,N,Not at Intersection,N,Non-Junction,None,,,         ,Chase,Carter,Cloudy,Front to Rear,no,no,no,no,no,False
102888698,METROPOLITAN NASHVILLE POLICE DEPT,20210059750,Davidson,Nashville,1/31/2021 11:47:00 AM,2,0,0,36.232190,-86.784620,EWING DR,,,,1060.00,Feet,East,EWING LN,,,,0.00,N,Not at Intersection, ,Non-Junction,None,,,         ,Jedidayah,Merriweather,Cloudy,Front to Rear,no,no,no,no,no,False
102888715,METROPOLITAN NASHVILLE POLICE DEPT,20210059772,Davidson,Nashville,1/31/2021 12:10:00 PM,2,0,0,36.152860,-86.629000,PERCY PRIEST DR,,,,582.00,Feet,East,I40 E EXT RAMP,,,,0.00,N,Not at Intersection,N,Non-Junction,None,,,         ,Rex,Engelbert,Cloudy,Angle,no,no,no,yes,yes,False
102888738,METROPOLITAN NASHVILLE POLICE DEPT,20210059812,Davidson,Nashville,1/31/2021 12:54:00 PM,2,0,0,36.068470,-86.674320,RICHARDS RD,,,,0.00,,,ARTELIA DR,,,,0.00,Y,T-Intersection, ,Intersection,None,,,         ,Jason,Hees,Rain,Angle,no,no,no,no,no,False
102888759,METROPOLITAN NASHVILLE POLICE DEPT,20210059873,Davidson,Nashville,1/31/2021 2:12:00 PM,1,0,0,36.046170,-86.660790,I24 E EXT RAMP,,,,0.00,,,I 24,,,,0.00,Y,OTHER,N,Non-Junction,None,,,         ,Jason,Hees,Clear,Not Collision with Motor Vehicle in Transport,no,no,no,no,no,False
102888760,METROPOLITAN NASHVILLE POLICE DEPT,20210059814,Davidson,Nashville,1/31/2021 12:05:00 PM,2,0,0,36.048320,-86.663880,I 24,,,,0.00,,,,,,,59.10,N,Not at Intersection,N,Non-Junction,None,,,         ,Theodore,Flick,Rain,Not Collision with Motor Vehicle in Transport,no,no,no,no,yes,False
102888770,METROPOLITAN NASHVILLE POLICE DEPT,20210059836,Davidson,Nashville,1/31/2021 1:20:00 PM,2,0,0,36.071870,-86.636180,MURFREESBORO PKE,,,,0.00,,,BELL RD,,,,0.00,Y,Four-Way,N,Intersection,None,,,         ,Shawn,Kaelin,,Front to Rear,no,no,no,no,no,False
102888774,METROPOLITAN NASHVILLE POLICE DEPT,20210058283,Davidson,Nashville,1/30/2021 12:50:00 PM,2,1,0,36.074430,-86.745970,BLACKMAN RD,,,,0.00,,,DANBY DR,,,,0.00,Y,Four-Way,N,Intersection-Related,None,,,         ,John,Roberson,Cloudy,Front to Rear,no,no,no,no,no,False
102888775,METROPOLITAN NASHVILLE POLICE DEPT,20210059840,Davidson,Nashville,1/31/2021 1:20:00 PM,2,0,0,36.045110,-86.659290,BELL RD,,,,147.00,Feet,East,I24 E ENT RAMP,,,,0.00,N,Not at Intersection, ,Non-Junction,None,,,         ,Rami,Rouhi,Cloudy,Angle,no,no,no,no,no,False
102888781,GOODLETTSVILLE POLICE DEPT,21-02987,Davidson,Goodlettsville,1/31/2021 2:04:00 PM,1,1,0,36.300880,-86.703540,MEADOW LARK LN,,,,641.00,Feet,South,WREN RD,,,,0.00,N,Not at Intersection,N,Non-Junction,None,,,         ,Brian,Hajdu,Cloudy,Not Collision with Motor Vehicle in Transport,no,no,no,no,no,False
102888787,METROPOLITAN NASHVILLE POLICE DEPT,20210059853,Davidson,Nashville,1/31/2021 1:41:00 PM,2,1,0,36.074250,-86.638430,MURFREESBORO PKE,,,,100.00,Feet,South,RURAL HILL RD,,,,0.00,N,Not at Intersection,N,Non-Junction,None,,,         ,Caleb,Jernigan,Cloudy,Angle,no,no,no,no,no,False
102888811,METROPOLITAN NASHVILLE POLICE DEPT,20210059946,Davidson,Nashville,1/31/2021 2:55:00 PM,2,0,0,36.109610,-86.744510,NOLENSVILLE PKE,,,,62.00,Feet,South,COLLIER AV,,,,0.00,N,Not at Intersection, ,Non-Junction,None,,,         ,Tyler,Shanks,Clear,"Sideswipe, Same Direction",no,no,no,no,yes,False
102888831,METROPOLITAN NASHVILLE POLICE DEPT,20210060000,Davidson,Nashville,1/31/2021 4:10:00 PM,2,0,0,36.151470,-86.751350,I40 W EXT RAMP,,,,0.00,Feet,East,I 40,,,,0.00,N,Not at Intersection, ,,None,,,         ,Reagan,Heath,,,no,no,no,no,no,False
102888835,METROPOLITAN NASHVILLE POLICE DEPT,20210059954,Davidson,Not in City Limit,1/31/2021 3:34:00 PM,1,0,0,36.313190,-86.830940,I 24,,,,0.00,,,,,,,37.40,N,Not at Intersection,N,Non-Junction,None,,,         ,William,Boler,,Not Collision with Motor Vehicle in Transport,no,no,no,no,no,False
102888841,METROPOLITAN NASHVILLE POLICE DEPT,20210059972,Davidson,Nashville,1/31/2021 2:30:00 PM,2,0,0,36.148990,-86.863730,CHARLOTTE PKE,,,,468.00,Feet,East,LELLYETT ST,,,,0.00,N,Not at Intersection,N,Non-Junction,None,,,         ,William,Vanbergen,Cloudy,Unknown,no,no,no,yes,yes,False
102888844,METROPOLITAN NASHVILLE POLICE DEPT,20210059935,Davidson,Nashville,1/31/2021 3:15:00 PM,2,0,0,36.178100,-86.794680,ROSA L PARKS BLVD,,,,0.00,,,CHEATHAM PL,,,,0.00,Y,OTHER,N,Non-Junction,None,,,         ,Anna,Clayton,,Angle,no,no,no,no,yes,False
102888846,METROPOLITAN NASHVILLE POLICE DEPT,20210060049,Davidson,Not in City Limit,1/31/2021 4:15:00 PM,1,1,0,36.264830,-86.887900,OLD HICKORY BLVD,,,,1454.00,Feet,East,EATONS CREEK RD,,,,0.00,N,Not at Intersection,N,Non-Junction,None,,,         ,William,Boler,,Not Collision with Motor Vehicle in Transport,no,no,no,no,no,False
102888857,METROPOLITAN NASHVILLE POLICE DEPT,20210059916,Davidson,Nashville,1/31/2021 2:50:00 PM,2,0,0,36.072790,-86.639140,RURAL HILL RD,,,,631.00,Feet,South,MURFREESBORO PKE,,,,0.00,N,Not at Intersection,N,Non-Junction,None,,,         ,John,Jones,Clear,"Sideswipe, Same Direction",no,no,no,no,no,False
102888860,METROPOLITAN NASHVILLE POLICE DEPT,20210059963,Davidson,Nashville,1/31/2021 2:30:00 PM,3,0,0,36.180260,-86.760100,NEILL AV,,,,172.00,Feet,South,MARINA ST,,,,0.00,N,Not at Intersection,N,Non-Junction,None,,,         ,Tyler,Heckaman,Cloudy,Unknown,no,no,no,yes,yes,False
102888862,METROPOLITAN NASHVILLE POLICE DEPT,20210060091,Davidson,Nashville,1/31/2021 5:10:00 PM,2,0,0,36.176800,-86.774580,N 1ST ST,,,,40.00,Feet,South,SPRING ST,,,,0.00,N,Not at Intersection, ,Non-Junction,None,,,         ,Brent,Morris,Clear,"Sideswipe, Opposite Direction",no,no,no,no,no,False
102888866,METROPOLITAN NASHVILLE POLICE DEPT,20210058960,Davidson,Not in City Limit,1/30/2021 10:30:00 PM,1,1,0,36.319210,-86.892080,OLD CLARKSVILLE PKE,,,,52.00,Feet,North,CLARKSVILLE PKE,,,,0.00,N,Not at Intersection,N,Non-Junction,None,,,         ,William,Boler,,Not Collision with Motor Vehicle in Transport,no,no,no,no,no,False
102888877,GOODLETTSVILLE POLICE DEPT,21-03000,Davidson,Goodlettsville,1/31/2021 4:46:00 PM,2,0,0,36.306349,-86.699663,VIETNAM VETERANS,BLVD,SR386,,1000.00,Feet,West,CONFERENCE,DR,,,0.00,N,Not at Intersection,N,Non-Junction,None,,,         ,Brian,Hajdu,Cloudy,"Sideswipe, Same Direction",no,no,no,no,no,False
102888878,GOODLETTSVILLE POLICE DEPT,21-03004,Davidson,Goodlettsville,1/31/2021 4:46:00 PM,2,0,0,36.306387,-86.699803,VIETNAM VETERANS,BLVD,SR386,,1000.00,Feet,West,CONFERENCE,DR,,,0.00,N,Not at Intersection,N,Non-Junction,None,,,         ,Brian,Hajdu,Cloudy,"Sideswipe, Same Direction",no,no,no,no,yes,False
102888879,METROPOLITAN NASHVILLE POLICE DEPT,20210060163,Davidson,Nashville,1/31/2021 12:00:00 AM,2,0,0,36.106540,-86.764500,POWELL AVE,,,,0.00,,,POWELL PL,,,,0.00,Y,Four-Way,N,Intersection,None,,,         ,Sekou,Samassi,Clear,Rear to Rear,no,no,no,no,yes,False
102888890,METROPOLITAN NASHVILLE POLICE DEPT,20210060171,Davidson,Nashville,1/31/2021 6:33:00 PM,1,0,0,36.158200,-86.625530,I40 W EXT RAMP,,,,0.00,Feet,East,I 40,,,,0.00,N,Not at Intersection,N,Non-Junction,None,,,         ,Evan,Grace,,Not Collision with Motor Vehicle in Transport,no,no,no,no,no,False
102888897,METROPOLITAN NASHVILLE POLICE DEPT,20210060038,Davidson,Nashville,1/31/2021 4:43:00 PM,1,1,0,36.142930,-86.883580,I 40,,,,0.00,,,,,,,202.30,N,Not at Intersection,N,Non-Junction,None,,,         ,Jeremy,Huffine,Cloudy,Not Collision with Motor Vehicle in Transport,no,no,no,no,no,False
102888900,METROPOLITAN NASHVILLE POLICE DEPT,20210060060,Davidson,Nashville,1/31/2021 4:59:00 PM,1,1,0,36.175270,-86.792660,MONROE ST,,,,0.00,,,ROSA L PARKS BLVD,,,,0.00,Y,Four-Way,N,Intersection-Related,None,,,         ,Anna,Clayton,,Not Collision with Motor Vehicle in Transport,yes,no,no,no,yes,False
102888907,METROPOLITAN NASHVILLE POLICE DEPT,20210060185,Davidson,Nashville,1/31/2021 6:55:00 PM,2,0,0,36.055400,-86.696670,TUSCULUM RD,,,,0.00,,,OLD TUSCULUM RD,,,,0.00,Y,T-Intersection,N,Intersection-Related,None,,,         ,Gary,Anderson,Clear,Front to Rear,no,no,no,no,yes,False
102888917,METROPOLITAN NASHVILLE POLICE DEPT,20210060133,Davidson,Nashville,1/31/2021 5:47:00 PM,2,0,0,36.131730,-86.895930,CHARLOTTE PKE,,,,125.00,Feet,East,I40 E EXT RAMP,,,,0.00,N,Not at Intersection,N,Non-Junction,None,,,         ,Lawrence,Whited,Rain,Front to Rear,no,no,no,no,no,False
102888925,METROPOLITAN NASHVILLE POLICE DEPT,20210060237,Davidson,Nashville,1/31/2021 12:00:00 AM,1,1,0,36.145530,-86.752530,MURFREESBORO PKE,,,,0.00,Feet,East,LESTER AV,,,,0.00,N,Not at Intersection,N,Non-Junction,None,,,         ,John,Braun,"Cloudy, Rain",Not Collision with Motor Vehicle in Transport,no,no,no,no,no,False
102888959,METROPOLITAN NASHVILLE POLICE DEPT,20210060196,Davidson,Nashville,1/31/2021 7:08:00 PM,1,0,0,36.243630,-86.767560,CHESAPEAKE DR,,,,195.00,Feet,North,EAGLEWOOD LN,,,,0.00,N,Not at Intersection,N,Non-Junction,None,,,         ,Spencer,Arroyo,Clear,Not Collision with Motor Vehicle in Transport,no,no,no,no,yes,False
102888990,METROPOLITAN NASHVILLE POLICE DEPT,20210060318,Davidson,Nashville,1/31/2021 9:05:00 PM,1,0,0,36.199740,-86.591250,CHANDLER RD,,,,233.00,Feet,East,TULIP GROVE RD,,,,0.00,N,Not at Intersection,N,Non-Junction,None,,,         ,Heather,Fox,,Not Collision with Motor Vehicle in Transport,no,no,no,no,no,False
102888997,METROPOLITAN NASHVILLE POLICE DEPT,2021-0058229,Davidson,Nashville,1/30/2021 12:00:00 AM,3,3,0,36.185300,-86.636500,JACKSON DOWNS BLVD,,,,0.00,,,LEBANON PKE,,,,0.00,Y,T-Intersection,N,Intersection-Related,None,,,         ,Frank,Walker,,Angle,no,no,no,no,no,False
102888999,METROPOLITAN NASHVILLE POLICE DEPT,20210060093,Davidson,Nashville,1/31/2021 4:54:00 PM,2,0,0,36.127630,-86.789130,LINDEN AV,,,,2.00,Feet,West,12TH AVS,,,,0.00,N,Not at Intersection, ,Non-Junction,None,,,         ,Ebony,Brown,Clear,Front to Rear,no,no,no,no,no,False
102889014,METROPOLITAN NASHVILLE POLICE DEPT,20210060299,Davidson,Nashville,1/31/2021 8:41:00 PM,3,2,0,36.045870,-86.658120,BELL RD,,,,76.00,Feet,West,COLLINS PARK DR,,,,0.00,N,Not at Intersection,N,Non-Junction,None,,,         ,Matthew,Swindell,Rain,Front to Rear,no,no,no,no,no,False
102889020,METROPOLITAN NASHVILLE POLICE DEPT,20210060176,Davidson,Nashville,1/31/2021 6:30:00 PM,2,0,0,36.109360,-86.727660,BRILEY PKWYN,,,,118.00,Feet,East,BRILEY PKWYS,,,,0.00,N,Not at Intersection, ,,None,,,         ,John,Walden,,,no,no,no,no,no,False
102889024,METROPOLITAN NASHVILLE POLICE DEPT,20210060348,Davidson,Nashville,1/31/2021 9:11:00 PM,2,0,0,36.168310,-86.760330,SHELBY AV,,,,0.00,,,S 6TH ST,,,,0.00,Y,T-Intersection,N,Intersection,None,,,         ,Zachary,Aldrich,,Angle,no,no,no,no,yes,False
102889039,METROPOLITAN NASHVILLE POLICE DEPT,20210060368,Davidson,Nashville,1/31/2021 10:00:00 PM,2,0,0,36.048800,-86.713670,NOLENSVILLE PKE,,,,0.00,,,HICKORYVIEW DR,,,,0.00,Y,T-Intersection, ,Intersection,None,,,         ,Cory,Stratton,Cloudy,Angle,no,no,no,no,no,False
102889046,METROPOLITAN NASHVILLE POLICE DEPT,20210060379,Davidson,Nashville,1/31/2021 8:31:00 PM,2,0,0,36.206990,-86.778490,HAMPTON ST,,,,118.00,Feet,North,W TRINITY LN,,,,0.00,N,Not at Intersection,N,Non-Junction,None,,,         ,Mary,Hall,Rain,Angle,no,no,no,no,no,False
102889066,METROPOLITAN NASHVILLE POLICE DEPT,20210060408,Davidson,Nashville,1/31/2021 12:00:00 AM,2,0,0,36.068320,-86.718900,HAYWOOD LN,,,,75.00,Feet,East,NOLENSVILLE PKE,,,,0.00,N,Not at Intersection, ,Non-Junction,None,,,         ,Antoine,Maghamez,Clear,HeadOn,no,no,no,no,no,False
102889068,METROPOLITAN NASHVILLE POLICE DEPT,20210060403,Davidson,Nashville,1/31/2021 10:45:00 PM,2,3,0,36.104000,-86.719260,TWIN OAKS DR,,,,160.00,Feet,West,TWIN OAKS CT,,,,0.00,N,Not at Intersection,N,Non-Junction,None,,,         ,Jonathan,Handley,,HeadOn,no,no,no,no,yes,False
102889069,METROPOLITAN NASHVILLE POLICE DEPT,20210060502,Davidson,Nashville,2/1/2021 12:00:00 AM,1,0,0,36.142040,-86.735140,I 40,,,,0.00,,,,,,,212.80,N,Not at Intersection,N,Non-Junction,None,,,         ,Jacob,Ross,,Not Collision with Motor Vehicle in Transport,no,no,no,no,no,False
102889075,METROPOLITAN NASHVILLE POLICE DEPT,20210060417,Davidson,Nashville,1/31/2021 10:57:00 PM,1,0,0,36.088120,-86.645230,NASHBORO BLVD,,,,764.00,Feet,West,NASHBORO BLVD PVTDR,,,,0.00,N,Not at Intersection,N,Non-Junction,None,,,         ,Samuel,Fredericks,,Not Collision with Motor Vehicle in Transport,no,no,no,no,no,False
102889077,METROPOLITAN NASHVILLE POLICE DEPT,20210060566,Davidson,Nashville,1/31/2021 11:24:00 PM,2,0,0,36.142040,-86.675790,I 40,,,,0.00,,,,,,,215.00,N,Not at Intersection,N,Non-Junction,None,,,         ,Jason,Kedzierski,,Angle,no,no,no,no,yes,False
102889078,METROPOLITAN NASHVILLE POLICE DEPT,20210060451,Davidson,Nashville,1/29/2021 11:52:00 AM,2,0,0,36.082520,-86.725630,WELCH RD,,,,270.00,Feet,South,TRAVIS DR,,,,0.00,N,Not at Intersection,N,Non-Junction,None,,,         ,Autumn,Manning,,Angle,no,no,no,yes,yes,False
102889083,METROPOLITAN NASHVILLE POLICE DEPT,20210060512,Davidson,Nashville,2/1/2021 12:00:00 AM,2,0,0,36.223500,-86.774540,I 65,,,,0.00,,,,,,,88.50,N,Not at Intersection,N,Non-Junction,None,,,         ,Joshua,Asbell,Unknown,Unknown,no,no,no,no,yes,False
102889097,METROPOLITAN NASHVILLE POLICE DEPT,20210060435,Davidson,Nashville,1/31/2021 11:00:00 PM,2,1,0,36.069590,-86.693910,HAYWOOD LN,,,,0.00,Feet,,EZELL RD,,,,0.00,Y,Four-Way,N,Intersection,None,,,         ,William,Williams,,Front to Rear,no,no,no,no,yes,False
102889113,METROPOLITAN NASHVILLE POLICE DEPT,20210060481,Davidson,Antioch,1/31/2021 11:43:00 PM,1,1,0,36.020770,-86.617090,OLD HICKORY BLVD,,,,1171.00,Feet,North,OWEN DR,,,,0.00,N,Not at Intersection,N,Non-Junction,None,,,         ,Douglas,Meringer,,Not Collision with Motor Vehicle in Transport,no,no,no,no,no,False
102889123,METROPOLITAN NASHVILLE POLICE DEPT,20210060620,Davidson,Nashville,2/1/2021 12:00:00 AM,1,1,0,36.141130,-86.731350,I 24,,,,0.00,,,,,,,51.60,N,Not at Intersection,N,Non-Junction,None,,,         ,Graham,Binkley,,Not Collision with Motor Vehicle in Transport,no,no,no,no,no,False
102889129,METROPOLITAN NASHVILLE POLICE DEPT,20210060691,Davidson,Nashville,2/1/2021 3:35:00 AM,2,2,0,36.184220,-86.798060,ROSA L PARKS BLVD,,,,132.00,Feet,North,I65 N ENT RAMP,,,,0.00,N,Not at Intersection,N,Non-Junction,None,,,         ,David,Crisman,Snow,Front to Rear,no,no,no,no,no,False