master_record_number,agency,agency_tracking_number,county,city,collision_date,vehicles_involved,number_injured,number_dead,latitude,longitude,roadway_name,roadway_suffix,roadway_number,roadway_local_id,distance_from_reference,miles-feet_indicator,direction_from_reference,intersection_road_name,intersection_road_name_suffix,intersection_road_number,intersection_local_id,mile_marker,intersection_indicator,intersect_type,interchange_related_indicator,relation_to_junction,work_zone_type,construction_maintenance_zone,construction_maintenance_zone_location,fatal_case_number,officer_first_name,officer_last_name,weather_condition(s),manner_of_crash,pedestrian,bicycle,scooter,parking,hitrun,mou
102889191,METROPOLITAN NASHVILLE POLICE DEPT,20210060914,Davidson,Nashville,2/1/2021 7:42:00 AM,1,0,0,36.054150,-86.719930,GREEN LEAF DR,,,,0.00,Feet,West,BREWER DR,,,,0.00,N,Not at Intersection,N,Non-Junction,None,,,         ,Devin,Mabry,Snow,Not Collision with Motor Vehicle in Transport,no,no,no,no,no,False
102889194,METROPOLITAN NASHVILLE POLICE DEPT,20210060856,Davidson,Not in City Limit,2/1/2021 6:58:00 AM,3,1,0,36.313100,-86.830840,I 24,,,,0.00,,,,,,,37.40,N,Not at Intersection,N,Non-Junction,None,,,         ,William,Coy,Snow,Front to Rear,no,no,no,no,no,False
102889214,METROPOLITAN NASHVILLE POLICE DEPT,20210060947,Davidson,Nashville,2/1/2021 8:13:00 AM,1,0,0,36.231920,-86.827080,BRILEY PKWYW,,,,602.00,Feet,West,BUENA VISTA PKE,,,,0.00,N,Not at Intersection,N,Non-Junction,None,,,         ,William,Coy,Snow,Not Collision with Motor Vehicle in Transport,no,no,no,no,no,False
102889215,METROPOLITAN NASHVILLE POLICE DEPT,20210060971,Davidson,Nashville,2/1/2021 8:27:00 AM,1,0,0,36.147820,-86.758510,LEWIS ST,,,,34.00,Feet,South,J C NAPIER CT,,,,0.00,N,Not at Intersection,N,Non-Junction,None,,,         ,Michael,Brooks,Sleet/Hail,Not Collision with Motor Vehicle in Transport,no,no,no,no,yes,False
102889222,METROPOLITAN NASHVILLE POLICE DEPT,20210060927,Davidson,Nashville,2/1/2021 7:59:00 AM,2,1,0,36.079600,-86.726320,NOLENSVILLE PKE,,,,0.00,,,HARDING PL,,,,0.00,Y,Four-Way,N,Intersection,None,,,         ,Marcus,Darden,Clear,Front to Rear,no,no,no,no,no,False
102889230,METROPOLITAN NASHVILLE POLICE DEPT,20210060969,Davidson,Nashville,1/31/2021 3:38:00 PM,1,0,0,36.130590,-86.755470,NOLENSVILLE PKE,,,,171.00,Feet,South,WOODYCREST AV,,,,0.00,N,Not at Intersection,N,Non-Junction,None,,,         ,Nicholas,Smith,Clear,Not Collision with Motor Vehicle in Transport,no,no,no,yes,yes,False
102889274,METROPOLITAN NASHVILLE POLICE DEPT,20210061069,Davidson,Nashville,2/1/2021 9:32:00 AM,1,1,0,36.178160,-86.763870,ELLINGTON PKWYS,,,,14.00,Feet,North,SPRING ST ENT RAMP,,,,0.00,N,Not at Intersection,N,Non-Junction,None,,,         ,Michael,Agee,,Not Collision with Motor Vehicle in Transport,no,no,no,no,no,False
102889285,METROPOLITAN NASHVILLE POLICE DEPT,20210061113,Davidson,Nashville,2/1/2021 9:40:00 AM,2,0,0,36.203200,-86.776840,I 65,,,,0.00,,,,,,,87.10,N,Not at Intersection,N,Non-Junction,None,,,         ,Jordan,Vrbas,"Cloudy, Blowing Snow",Angle,no,no,no,no,yes,False
102889323,METROPOLITAN NASHVILLE POLICE DEPT,20210061285,Davidson,Nashville,2/1/2021 11:37:00 AM,2,1,0,36.165560,-86.767150,SHELBY AV,,,,471.00,Feet,West,I24 E EXT RAMP,,,,0.00,N,Not at Intersection,N,Non-Junction,None,,,         ,Jason,Thomas,Cloudy,HeadOn,no,no,no,no,no,False
102889360,METROPOLITAN NASHVILLE POLICE DEPT,20210061412,Davidson,Nashville,2/1/2021 12:56:00 PM,2,0,0,36.160480,-86.793560,14TH AVN,,,,55.00,Feet,South,CHARLOTTE AV,,,,0.00,N,Not at Intersection, ,Non-Junction,None,,,         ,Earl,Davis,Cloudy,"Sideswipe, Same Direction",no,no,no,no,no,False
102889386,METROPOLITAN NASHVILLE POLICE DEPT,20210061265,Davidson,Nashville,2/1/2021 11:16:00 AM,2,0,0,36.170460,-86.688310,BRILEY PKWY N ENT RAMP,,,,0.00,,,BRILEY PKWYN,,,,0.00,Y,OTHER, ,Non-Junction,None,,,         ,Michael,Brooks,Cloudy,"Sideswipe, Same Direction",no,no,no,no,no,False
102889392,METROPOLITAN NASHVILLE POLICE DEPT,20210061406,Davidson,Nashville,2/1/2021 12:48:00 PM,2,0,0,36.047550,-86.655930,BELL RD,,,,0.00,Feet,,HICKORY HOLLOW PKWY,,,,0.00,Y,Four-Way, ,Non-Junction,None,,,         ,Nicholas,Carter,Cloudy,Front to Rear,no,no,no,no,no,False
102889404,METROPOLITAN NASHVILLE POLICE DEPT,20210061449,Davidson,Nashville,2/1/2021 1:00:00 PM,2,0,0,36.151820,-86.795590,BROADWAY,,,,75.00,Feet,South,18TH AVS,,,,0.00,N,Not at Intersection,N,Non-Junction,Work Zone,Other,Activity Area,         ,Earl,Davis,Cloudy,"Sideswipe, Same Direction",no,no,no,no,yes,False
102889412,METROPOLITAN NASHVILLE POLICE DEPT,20210061475,Davidson,Nashville,2/1/2021 1:20:00 PM,2,0,0,36.092760,-86.839740,HARDING PL,,,,0.00,,,ESTES RD,,,,0.00,Y,Four-Way,N,Intersection,None,,,         ,Curtis,Rich,Cloudy,Angle,no,no,no,no,no,False
102889413,METROPOLITAN NASHVILLE POLICE DEPT,20210061208,Davidson,Nashville,2/1/2021 10:27:00 AM,2,0,0,36.064430,-86.684200,I 24,,,,0.00,,,,,,,57.45,N,Not at Intersection, ,Non-Junction,None,,,         ,Marcus,Darden,Clear,Front to Rear,no,no,no,no,no,False
102889432,METROPOLITAN NASHVILLE POLICE DEPT,20210061460,Davidson,Nashville,2/1/2021 1:05:00 PM,2,2,0,36.082700,-86.697850,I 24,,,,0.00,,,,,,,56.00,N,Not at Intersection,N,Non-Junction,None,,,         ,Jason,Hees,Cloudy,Not Collision with Motor Vehicle in Transport,no,no,no,no,no,False
102889443,METROPOLITAN NASHVILLE POLICE DEPT,20210061563,Davidson,Nashville,2/1/2021 12:17:00 PM,2,0,0,36.173820,-86.808450,DR D B TODD JR BLVD,,,,75.00,Feet,North,COCKRILL ST,,,,0.00,N,Not at Intersection, ,Non-Junction,None,,,         ,Tyler,Adcock,Clear,Front to Rear,no,no,no,no,no,False
102889446,METROPOLITAN NASHVILLE POLICE DEPT,20210061529,Davidson,Nashville,2/1/2021 1:26:00 PM,2,0,0,36.064790,-86.628480,HAMILTON CHURCH RD,,,,0.00,,,MURFREESBORO PKE,,,,0.00,Y,Four-Way,Y,Intersection,None,,,         ,Nicholas,Carter,Cloudy,Angle,no,no,no,no,no,False
102889447,METROPOLITAN NASHVILLE POLICE DEPT,20210061478,Davidson,Nashville,2/1/2021 1:26:00 PM,1,0,0,36.181590,-86.774660,I 24,,,,0.00,,,,,,,47.60,N,Not at Intersection,N,Non-Junction,None,,,         ,Faye,Denson,,Not Collision with Motor Vehicle in Transport,no,no,no,no,no,False
102889462,METROPOLITAN NASHVILLE POLICE DEPT,20210061616,Davidson,Nashville,2/1/2021 1:45:00 PM,2,0,0,36.085730,-86.701640,I24 E EXT RAMP,,,,0.00,Feet,East,I 24,,,,0.00,N,Not at Intersection, ,Non-Junction,None,,,         ,Laura,Williams,Clear,Front to Rear,no,no,no,no,no,False
102889463,METROPOLITAN NASHVILLE POLICE DEPT,20210061499,Davidson,Nashville,2/1/2021 12:00:00 AM,2,0,0,36.175520,-86.798540,ARTHUR AV,,,,112.00,Feet,West,CHEATHAM PL,,,,0.00,N,Not at Intersection,N,Non-Junction,None,,,         ,Julie,Nabors,Unknown,"Sideswipe, Same Direction",no,no,no,no,yes,False
102889487,METROPOLITAN NASHVILLE POLICE DEPT,20210061580,Davidson,Nashville,2/1/2021 2:20:00 PM,2,2,0,36.150010,-86.858570,CHARLOTTE PKE,,,,192.00,Feet,West,WHITE BRIDGE PKE,,,,0.00,N,Not at Intersection,N,OtherLocation,None,,,         ,Kyle,Lund,Cloudy,Front to Rear,no,no,no,no,no,False
102889493,METROPOLITAN NASHVILLE POLICE DEPT,20210061703,Davidson,Nashville,2/1/2021 3:14:00 PM,2,0,0,36.175820,-86.757570,MAIN ST,,,,0.00,Feet,West,NEILL AV,,,,0.00,N,Not at Intersection, ,Non-Junction,None,,,         ,Jason,Milyaro Lucas,,"Sideswipe, Same Direction",no,no,no,no,no,False
102889502,METROPOLITAN NASHVILLE POLICE DEPT,20210061621,Davidson,Nashville,2/1/2021 2:56:00 PM,3,1,0,36.113250,-86.746440,NOLENSVILLE PKE,,,,214.00,Feet,North,MCCLAIN AV,,,,0.00,N,Not at Intersection,N,Non-Junction,None,,,         ,Zachary,Plese,Clear,Front to Rear,no,no,no,no,no,False
102889504,METROPOLITAN NASHVILLE POLICE DEPT,20210061603,Davidson,Nashville,2/1/2021 2:45:00 PM,2,0,0,36.150720,-86.666460,STATE HWY 255,,,,0.00,,,ALLEN RD,,,,0.00,Y,Four-Way,N,Intersection,None,,,         ,Alex,Moore,Clear,"Sideswipe, Same Direction",no,no,no,no,no,False
102889507,METROPOLITAN NASHVILLE POLICE DEPT,20210061659,Davidson,Nashville,2/1/2021 2:30:00 PM,2,0,0,36.041700,-86.743890,EDMONDSON PKE,,,,212.00,Feet,South,BRENTWOOD SQ,,,,0.00,N,Not at Intersection, ,,None,,,         ,Michael,Russell,,,no,no,no,no,no,False
102889508,METROPOLITAN NASHVILLE POLICE DEPT,20210061705,Davidson,Nashville,2/1/2021 3:33:00 PM,2,1,0,36.107350,-86.800750,BELMONT BLVD,,,,0.00,,,GLEN ECHO RD,,,,0.00,Y,T-Intersection,N,Intersection,None,,,         ,Joseph,Jakes,Clear,Angle,no,no,no,no,yes,False
102889517,METROPOLITAN NASHVILLE POLICE DEPT,20210061572,Davidson,Nashville,2/1/2021 2:10:00 PM,3,0,0,36.239480,-86.752450,I65 N EXT RAMP,,,,288.00,Feet,East,I 65,,,,0.00,N,Not at Intersection,N,Entrance/Exit Ramp Related,None,,,         ,Wade,Johnson,,Not Collision with Motor Vehicle in Transport,no,no,no,no,no,False
102889533,VANDERBILT UNIVERSITY POLICE,20210061748,Davidson,Nashville,2/1/2021 3:03:00 PM,2,0,0,36.107500,-86.765250,POWELL AVE,,,,415.00,Feet,North,POWELL PL,,,,0.00,N,Not at Intersection, ,Non-Junction,None,,,         ,Joseph,Bishop,Clear,Rear to Side,no,no,no,yes,no,False
102889537,METROPOLITAN NASHVILLE POLICE DEPT,20210061819,Davidson,Nashville,2/1/2021 4:25:00 PM,2,0,0,36.215120,-86.597670,LEBANON PKE,,,,0.00,,,ANDREW JACKSON PKWY,,,,0.00,Y,Four-Way,N,Intersection,None,,,         ,Theodore,Flick,Clear,"Sideswipe, Same Direction",no,no,no,no,yes,False
102889540,Nashville Airport Police,2021-00325,Davidson,Nashville,1/29/2021 2:54:00 PM,1,0,0,36.136310,-86.667530,I40 E EXT RAMP,,,,9.00,Feet,North,TERMINAL DR,,,,0.00,N,Not at Intersection,N,SharedUsePathOrTrail,None,,,         ,Kayla,Kimbro,Clear,Not Collision with Motor Vehicle in Transport,no,no,no,no,no,False
102889546,METROPOLITAN NASHVILLE POLICE DEPT,20210061823,Davidson,Nashville,2/1/2021 4:21:00 PM,2,0,0,36.151640,-86.768100,I 40,,,,0.00,,,,,,,210.50,N,Not at Intersection, ,,None,,,         ,Douglas,Mann,,,no,no,no,no,no,False
102889553,METROPOLITAN NASHVILLE POLICE DEPT,20210061744,Davidson,Nashville,2/1/2021 2:54:00 PM,2,0,0,36.136190,-86.884500,CHARLOTTE PKE,,,,237.00,Feet,East,BROOK HOLLOW RD,,,,0.00,N,Not at Intersection, ,Non-Junction,None,,,         ,Cody,MIller,Clear,Front to Rear,no,no,no,no,no,False
102889554,METROPOLITAN NASHVILLE POLICE DEPT,20210061871,Davidson,Nashville,2/1/2021 12:00:00 AM,2,0,0,36.181120,-86.606710,OLD HICKORY BLVD,,,,558.00,Feet,East,FRIST BLVD,,,,0.00,N,Not at Intersection,N,Non-Junction,None,,,         ,Adam,Gartner,Clear,Front to Rear,no,no,no,no,no,False
102889566,METROPOLITAN NASHVILLE POLICE DEPT,20210061953,Davidson,Nashville,2/1/2021 5:15:00 PM,2,1,0,36.154320,-86.742130,LEBANON PKE,,,,0.00,,,FESSLERS LN,,,,0.00,Y,T-Intersection,Y,Intersection,None,,,         ,Joseph,Simon,,Front to Rear,no,no,no,no,no,False
102889567,METROPOLITAN NASHVILLE POLICE DEPT,20210061728,Davidson,Nashville,2/1/2021 3:26:00 PM,3,1,0,36.064790,-86.628480,HAMILTON CHURCH RD,,,,0.00,Feet,,MURFREESBORO PKE,,,,0.00,Y,Four-Way,N,Intersection-Related,None,,,         ,Nathaniel,Myers,Cloudy,Front to Rear,no,no,no,no,no,False
102889570,METROPOLITAN NASHVILLE POLICE DEPT,20210061944,Davidson,Nashville,2/1/2021 5:51:00 PM,2,2,0,36.046850,-86.679410,BELL RD,,,,0.00,Feet,North,BRITTANY PARK DR,,,,0.00,N,Not at Intersection,N,Non-Junction,None,,,         ,Wayne,Helm,,Angle,no,no,no,no,no,False
102889573,METROPOLITAN NASHVILLE POLICE DEPT,20210061973,Davidson,Nashville,2/1/2021 6:03:00 PM,1,1,0,36.113630,-86.746640,NOLENSVILLE PKE,,,,362.00,Feet,North,MCCLAIN AV,,,,0.00,N,Not at Intersection,N,Non-Junction,None,,,         ,Gary,Anderson,Clear,Not Collision with Motor Vehicle in Transport,yes,no,no,no,no,False
102889575,METROPOLITAN NASHVILLE POLICE DEPT,20210061732,Davidson,Nashville,2/1/2021 3:30:00 PM,3,1,0,36.192230,-86.620010,JUAREZ DR,,,,0.00,Feet,East,CORTEZ CT,,,,0.00,N,Not at Intersection,N,Non-Junction,None,,,         ,Cheri,Cox,Cloudy,Front to Rear,no,no,no,no,no,False
102889576,METROPOLITAN NASHVILLE POLICE DEPT,20210061955,Davidson,Nashville,2/1/2021 5:50:00 PM,2,0,0,36.165270,-86.778400,3RD AVN,,,,144.00,Feet,North,BANKERS ALY,,,,0.00,N,Not at Intersection, ,Non-Junction,None,,,         ,Steven,Bowler,Clear,Front to Rear,no,no,no,no,no,False
102889578,METROPOLITAN NASHVILLE POLICE DEPT,20210061810,Davidson,Nashville,2/1/2021 12:00:00 AM,2,0,0,36.067140,-86.651700,BRIDGECREST DR,,,,681.00,Feet,West,BRIDGECREST WAY,,,,0.00,N,Not at Intersection,N,Non-Junction,None,,,         ,Robert,Higgins,Unknown,Angle,no,no,no,no,yes,False
102889579,METROPOLITAN NASHVILLE POLICE DEPT,20210061873,Davidson,Nashville,2/1/2021 5:14:00 PM,1,0,0,36.127600,-86.727450,I 440,,,,0.00,,,,,,,7.60,N,Not at Intersection,Y,Non-Junction,None,,,         ,Robert,Higgins,Clear,Not Collision with Motor Vehicle in Transport,no,no,no,no,no,False
102889581,METROPOLITAN NASHVILLE POLICE DEPT,20210062014,Davidson,Nashville,2/1/2021 5:55:00 PM,2,0,0,36.210270,-86.733590,GALLATIN PKE,,,,39.00,Feet,North,HOME RD,,,,0.00,N,Not at Intersection, ,Non-Junction,None,,,         ,Jason,Milyaro Lucas,,Front to Rear,no,no,no,no,yes,False
102889582,METROPOLITAN NASHVILLE POLICE DEPT,20210062013,Davidson,Nashville,2/1/2021 6:05:00 PM,2,0,0,36.063480,-86.637350,BELL RD,,,,60.00,Feet,North,RICE RD,,,,0.00,N,Not at Intersection,N,Non-Junction,None,,,         ,Nathaniel,Myers,Clear,Front to Rear,no,no,no,no,no,False
102889586,METROPOLITAN NASHVILLE POLICE DEPT,20210062008,Davidson,Nashville,2/1/2021 6:27:00 PM,2,0,0,36.070750,-86.634940,MURFREESBORO PKE,,,,550.00,Feet,South,BELL RD,,,,0.00,N,Not at Intersection,N,Non-Junction,None,,,         ,Nadine,Klemenz,Clear,Front to Rear,no,no,no,no,no,False
102889587,METROPOLITAN NASHVILLE POLICE DEPT,20210061981,Davidson,Nashville,2/1/2021 6:00:00 PM,2,0,0,36.109140,-86.811880,HILLSBORO PKE,,,,0.00,,,CRESTMOOR RD,,,,0.00,Y,Four-Way, ,Intersection-Related,None,,,         ,Kyle,Lund,Clear,"Sideswipe, Same Direction",no,no,no,no,yes,False
102889589,METROPOLITAN NASHVILLE POLICE DEPT,20210061930,Davidson,Not in City Limit,2/1/2021 12:00:00 AM,2,1,0,36.268800,-86.859910,CLARKSVILLE PKE,,,,25.00,Feet,North,SIMPKINS RD,,,,0.00,N,Not at Intersection,N,Non-Junction,None,,,         ,Melvin,Taylor,,Angle,no,no,no,no,no,False
102889601,METROPOLITAN NASHVILLE POLICE DEPT,20210062006,Davidson,Nashville,2/1/2021 6:25:00 PM,2,0,0,36.182060,-86.761760,ELLINGTON PKWYN,,,,291.00,Feet,South,ELLINGTON PKWYS,,,,0.00,N,Not at Intersection,N,Non-Junction,None,,,         ,Justen,Ogle,Clear,Front to Rear,no,no,no,no,no,False
102889607,METROPOLITAN NASHVILLE POLICE DEPT,20210061897,Davidson,Nashville,2/1/2021 5:00:00 PM,2,1,0,36.124990,-86.752200,NOLENSVILLE PKE,,,,0.00,Feet,,ROSEDALE AV,,,,0.00,Y,T-Intersection,N,Intersection,None,,,         ,Darrin,Hardin,,Angle,no,no,no,no,no,False
102889608,METROPOLITAN NASHVILLE POLICE DEPT,20210062005,Davidson,Nashville,2/1/2021 6:30:00 PM,2,1,0,36.121530,-86.727320,I 24,,,,0.00,,,,,,,52.80,N,Not at Intersection,N,Non-Junction,None,,,         ,John,Walden,Clear,Front to Rear,no,no,no,no,no,False
102889613,METROPOLITAN NASHVILLE POLICE DEPT,20210061945,Davidson,Nashville,2/1/2021 5:50:00 PM,2,1,0,36.067090,-86.630910,MURFREESBORO PKE,,,,152.00,Feet,South,FOREST VIEW DR,,,,0.00,N,Not at Intersection,N,Non-Junction,None,,,         ,Beri,Scott,Clear,Front to Rear,no,no,no,no,no,False
102889614,METROPOLITAN NASHVILLE POLICE DEPT,20210062052,Davidson,Antioch,2/1/2021 6:19:00 PM,2,0,0,36.015680,-86.620160,OLD HICKORY BLVD,,,,46.00,Feet,North,I24 W ENT RAMP,,,,0.00,N,Not at Intersection,N,Entrance/Exit Ramp Related,None,,,         ,Beri,Scott,Clear,Front to Rear,no,no,no,no,yes,False
102889619,METROPOLITAN NASHVILLE POLICE DEPT,20210062103,Davidson,Nashville,2/1/2021 12:00:00 AM,2,0,0,36.227400,-86.759710,DICKERSON PKE,,,,576.00,Feet,North,HILLHURST DR,,,,0.00,N,Not at Intersection,N,Non-Junction,None,,,         ,Maccio,Hightower,Clear,"Sideswipe, Same Direction",no,no,no,no,yes,False
102889622,METROPOLITAN NASHVILLE POLICE DEPT,20210062127,Davidson,Nashville,2/1/2021 7:15:00 PM,2,0,0,36.077660,-86.741650,HARDING PL,,,,480.00,Feet,West,BINKLEY DR,,,,0.00,N,Not at Intersection, ,Non-Junction,None,,,         ,Steven,Powers,Clear,Front to Rear,no,no,no,no,no,False
102889626,METROPOLITAN NASHVILLE POLICE DEPT,20210062142,Davidson,Nashville,2/1/2021 8:14:00 PM,2,0,0,36.167660,-86.663320,LEBANON PKE,,,,0.00,,,DONELSON PKE,,,,0.00,Y,T-Intersection,Y,Intersection,None,,,         ,Joseph,Simon,,Front to Rear,no,no,no,no,yes,False
102889633,METROPOLITAN NASHVILLE POLICE DEPT,20210061849,Davidson,Nashville,2/1/2021 4:18:00 PM,2,0,0,36.149920,-86.796740,DIVISION ST,,,,0.00,,,LYLE AV,,,,0.00,Y,T-Intersection, ,Intersection,None,,,         ,Josh,Lauton,Cloudy,"Sideswipe, Same Direction",no,no,no,no,yes,False
102889650,METROPOLITAN NASHVILLE POLICE DEPT,20210062164,Davidson,Nashville,2/1/2021 8:20:00 PM,2,0,0,36.169280,-86.759940,S 6TH ST,,,,68.00,Feet,South,EDGEFIELD MANOR PVTDR,,,,0.00,N,Not at Intersection,N,Non-Junction,None,,,         ,Kevin,Clausius,,Front to Rear,no,no,no,no,no,False
102889658,METROPOLITAN NASHVILLE POLICE DEPT,20210062146,Davidson,Nashville,2/1/2021 8:15:00 PM,2,0,0,36.069590,-86.693910,HAYWOOD LN,,,,0.00,,,EZELL RD,,,,0.00,Y,Four-Way,N,Intersection,None,,,         ,Beri,Scott,Clear,Front to Rear,no,no,no,no,no,False
102889692,METROPOLITAN NASHVILLE POLICE DEPT,20210061942,Davidson,Nashville,2/1/2021 5:48:00 PM,3,2,0,36.079120,-86.764860,I 65,,,,0.00,,,,,,,77.60,N,Not at Intersection,N,Entrance/Exit Ramp Related,None,,,         ,Tyler,Shanks,Clear,Not Collision with Motor Vehicle in Transport,no,no,no,no,no,False
102889698,METROPOLITAN NASHVILLE POLICE DEPT,20210062193,Davidson,Nashville,2/1/2021 8:40:00 PM,1,0,0,36.177020,-86.645340,LEBANON PKE,,,,165.00,Feet,North,WELLINGTON SQ,,,,0.00,N,Not at Intersection, ,Non-Junction,None,,,         ,Reagan,Heath,Clear,Not Collision with Motor Vehicle in Transport,no,no,no,no,no,False
102889725,METROPOLITAN NASHVILLE POLICE DEPT,20210062200,Davidson,Nashville,2/1/2021 8:35:00 PM,1,0,0,36.166040,-86.764630,I24 E EXT RAMP,,,,0.00,Feet,East,I 24,,,,0.00,N,Not at Intersection, ,Entrance/Exit Ramp Related,None,,,         ,Denarius,Lawson,Clear,Not Collision with Motor Vehicle in Transport,no,no,no,no,no,False
102889726,METROPOLITAN NASHVILLE POLICE DEPT,20210062154,Davidson,Nashville,2/1/2021 8:15:00 PM,2,1,0,36.037400,-86.786570,FRANKLIN PKE,,,,0.00,,,OLD HICKORY BLVD,,,,0.00,Y,Four-Way,N,Intersection,None,,,         ,Tyler,Shanks,Clear,Front to Rear,no,no,no,no,no,False
102889731,METROPOLITAN NASHVILLE POLICE DEPT,20210062242,Davidson,Nashville,2/1/2021 9:10:00 PM,2,0,0,36.169470,-86.806620,DR D B TODD JR BLVD,,,,0.00,Feet,,JEFFERSON ST,,,,0.00,Y,Four-Way,N,Intersection,None,,,         ,Jacob,Krispin,Clear,Angle,no,no,no,no,no,False
102889752,METROPOLITAN NASHVILLE POLICE DEPT,20210062312,Davidson,Nashville,2/1/2021 10:14:00 PM,2,0,0,36.198390,-86.620260,OLD HICKORY BLVD,,,,16.00,Feet,South,LEBANON PKE,,,,0.00,N,Not at Intersection,Y,Non-Junction,None,,,         ,Crockett,Bruce,,"Sideswipe, Opposite Direction",no,no,no,no,yes,False
102889754,METROPOLITAN NASHVILLE POLICE DEPT,20210062287,Davidson,Nashville,2/1/2021 9:50:00 PM,1,0,0,36.098950,-86.677150,DONELSON PKE,,,,204.00,Feet,North,OLD EZELL RD,,,,0.00,N,Not at Intersection,N,OtherLocation,None,,,         ,Beri,Scott,Clear,Not Collision with Motor Vehicle in Transport,no,no,no,yes,yes,False
102889757,METROPOLITAN NASHVILLE POLICE DEPT,20210062343,Davidson,Nashville,2/1/2021 10:50:00 PM,1,2,0,36.167810,-86.692690,LEBANON PKE,,,,58.00,Feet,West,COTTAGE LN,,,,0.00,N,Not at Intersection,N,Non-Junction,None,,,         ,Randall,Ward,,Not Collision with Motor Vehicle in Transport,no,no,no,no,no,False
102889827,METROPOLITAN NASHVILLE POLICE DEPT,20210062830,Davidson,Nashville,2/2/2021 12:00:00 AM,1,2,0,36.137420,-86.882650,CHARLOTTE PKE,,,,352.00,Feet,East,SUMMERLY DR,,,,0.00,N,Not at Intersection,N,Non-Junction,None,,,         ,Colin,Bleem,,Not Collision with Motor Vehicle in Transport,no,no,no,no,no,False
102889845,METROPOLITAN NASHVILLE POLICE DEPT,20210062909,Davidson,Nashville,2/2/2021 6:47:00 AM,2,0,0,36.214750,-86.817670,MOORMANS ARM RD,,,,0.00,,,BUENA VISTA PKE,,,,0.00,Y,T-Intersection, ,Intersection-Related,None,,,         ,William,Coy,Clear,"Sideswipe, Opposite Direction",no,no,no,no,no,False
102889847,METROPOLITAN NASHVILLE POLICE DEPT,20210062910,Davidson,Nashville,2/2/2021 6:51:00 AM,2,0,0,36.140870,-86.817430,WEST END AV,,,,0.00,,,ACKLEN PARK DR,,,,0.00,Y,T-Intersection, ,Intersection,None,,,         ,Earl,Davis,,"Sideswipe, Same Direction",no,no,no,no,no,False
102889851,METROPOLITAN NASHVILLE POLICE DEPT,20210062945,Davidson,Goodlettsville,2/2/2021 7:00:00 AM,2,0,0,36.291010,-86.693890,EDENWOLD RD,,,,0.00,,,MYATT DR,,,,0.00,Y,Four-Way, ,,None,,,         ,Travis,Baxter,,,no,no,no,no,no,False
102889862,METROPOLITAN NASHVILLE POLICE DEPT,20210062964,Davidson,Nashville,2/2/2021 7:25:00 AM,1,0,0,36.027830,-86.662750,PRESTON RD,,,,249.00,Feet,North,EDENWOOD DR,,,,0.00,N,Not at Intersection,N,Non-Junction,None,,,         ,Nicholas,Carter,Clear,Not Collision with Motor Vehicle in Transport,no,no,no,no,no,False
102889863,METROPOLITAN NASHVILLE POLICE DEPT,20210062917,Davidson,Nashville,1/31/2021 1:33:00 PM,1,0,0,36.108790,-86.743050,TANKSLEY AV,,,,304.00,Feet,East,NOLENSVILLE PKE,,,,0.00,N,Not at Intersection,N,Non-Junction,None,,,         ,James,Thomas,,Not Collision with Motor Vehicle in Transport,no,no,no,yes,yes,False
102889871,METROPOLITAN NASHVILLE POLICE DEPT,20210063019,Davidson,Nashville,2/2/2021 8:00:00 AM,2,0,0,36.188910,-86.798550,ROSA L PARKS BLVD,,,,364.00,Feet,North,DOMINICAN DR,,,,0.00,N,Not at Intersection, ,Non-Junction,None,,,         ,Blas,Hernandez,Clear,Front to Rear,no,no,no,no,no,False
102889880,METROPOLITAN NASHVILLE POLICE DEPT,20210063085,Davidson,Nashville,2/2/2021 8:47:00 AM,2,0,0,36.081950,-86.761280,HARDING PL,,,,135.00,Feet,East,SIDCO DR,,,,0.00,N,Not at Intersection,N,Non-Junction,None,,,         ,Earl,Davis,,Front to Rear,no,no,no,no,no,False
102889886,METROPOLITAN NASHVILLE POLICE DEPT,20210063063,Davidson,Nashville,2/2/2021 8:13:00 AM,2,0,0,36.029660,-86.662490,PRESTON RD,,,,920.00,Feet,North,EDENWOOD DR,,,,0.00,N,Not at Intersection, ,,None,,,         ,Alquavious,McDaniel,,,no,no,no,no,no,False
102889887,METROPOLITAN NASHVILLE POLICE DEPT,20210062983,Davidson,Nashville,2/2/2021 7:39:00 AM,2,1,0,36.109610,-86.723450,I24 E EXT RAMP,,,,0.00,,,I 24,,,,0.00,Y,OTHER,N,Non-Junction,None,,,         ,Jason,Hees,Clear,"Sideswipe, Same Direction",no,no,no,no,no,False
102889891,METROPOLITAN NASHVILLE POLICE DEPT,20210062897,Davidson,Nashville,2/2/2021 6:30:00 AM,3,1,0,36.177080,-86.772890,I 24,,,,0.00,,,,,,,47.90,N,Not at Intersection,N,Entrance/Exit Ramp Related,None,,,         ,Kelcey,Bell,Clear,"Sideswipe, Same Direction",no,no,no,no,yes,False