master_record_number,agency,agency_tracking_number,county,city,collision_date,vehicles_involved,number_injured,number_dead,latitude,longitude,roadway_name,roadway_suffix,roadway_number,roadway_local_id,distance_from_reference,miles-feet_indicator,direction_from_reference,intersection_road_name,intersection_road_name_suffix,intersection_road_number,intersection_local_id,mile_marker,intersection_indicator,intersect_type,interchange_related_indicator,relation_to_junction,work_zone_type,construction_maintenance_zone,construction_maintenance_zone_location,fatal_case_number,officer_first_name,officer_last_name,weather_condition(s),manner_of_crash,pedestrian,bicycle,scooter,parking,hitrun,mou
102890737,METROPOLITAN NASHVILLE POLICE DEPT,20210065341,Davidson,Nashville,2/3/2021 8:00:00 AM,3,1,0,36.138830,-86.728410,I24 E ENT RAMP,,,,0.00,Feet,East,I 24,,,,0.00,N,Not at Intersection,N,Non-Junction,None,,,         ,Neil,Wolfe,Clear,Front to Rear,no,no,no,no,no,False
102890739,METROPOLITAN NASHVILLE POLICE DEPT,20210065478,Davidson,Nashville,2/3/2021 4:40:00 AM,1,1,0,36.053990,-86.683300,SHIHMEN DR,,,,112.00,Feet,West,JENNY MURFF DR,,,,0.00,N,Not at Intersection,N,Non-Junction,None,,,         ,Joe,Hooper,Clear,Not Collision with Motor Vehicle in Transport,no,no,no,no,no,False
102890748,METROPOLITAN NASHVILLE POLICE DEPT,20210065434,Davidson,Nashville,2/3/2021 8:00:00 AM,2,0,0,36.073940,-86.692470,I 24,,,,0.00,,,,,,,56.65,N,Not at Intersection, ,Non-Junction,None,,,         ,Gerald,Gomes,Clear,Front to Rear,no,no,no,no,no,False
102890749,METROPOLITAN NASHVILLE POLICE DEPT,20210065596,Davidson,Nashville,2/3/2021 10:12:00 AM,2,0,0,36.139260,-86.880320,CHARLOTTE PKE,,,,99.00,Feet,East,HILLWOOD BLVD,,,,0.00,N,Not at Intersection, ,Non-Junction,None,,,         ,George,Spencer,Clear,Front to Rear,no,no,no,no,no,False
102890766,METROPOLITAN NASHVILLE POLICE DEPT,20210065724,Davidson,Not in City Limit,2/3/2021 11:00:00 AM,1,0,0,36.073200,-86.946250,SAWYER BROWN RD,,,,144.00,Feet,North,RIVER PLANTATION PVTDR,,,,0.00,N,Not at Intersection, ,Non-Junction,None,,,         ,Wesley,Tilley,Clear,Not Collision with Motor Vehicle in Transport,no,no,no,no,no,False
102890791,METROPOLITAN NASHVILLE POLICE DEPT,20210065903,Davidson,Nashville,2/3/2021 12:26:00 PM,1,0,0,36.087320,-86.602800,SMITH SPRINGS,RD,,,350.00,Feet,East,OLD ANDERSON,RD,,,0.00,N,Not at Intersection,N,Non-Junction,None,,,         ,Michael,Dance,Clear,Not Collision with Motor Vehicle in Transport,no,no,no,no,no,False
102890792,METROPOLITAN NASHVILLE POLICE DEPT,20210065525,Davidson,Nashville,2/3/2021 12:00:00 AM,4,1,0,36.183530,-86.749200,W EASTLAND AV,,,,195.00,Feet,West,GALLATIN AV,,,,0.00,N,Not at Intersection,N,Non-Junction,None,,,         ,Wyatt,Blacker,,Angle,no,no,no,no,no,False
102890796,METROPOLITAN NASHVILLE POLICE DEPT,20210065946,Davidson,Not in City Limit,2/3/2021 12:37:00 PM,2,0,0,36.077570,-87.021560,I40 W ENT RAMP,,,,0.00,,,I 40,,,,0.00,Y,T-Intersection, ,,None,,,         ,Curtis,Rich,,,no,no,no,no,no,False
102890801,METROPOLITAN NASHVILLE POLICE DEPT,20210065737,Davidson,Nashville,2/3/2021 11:09:00 AM,2,0,0,36.186680,-86.764480,LISCHEY AV,,,,0.00,,,CLEVELAND ST,,,,0.00,Y,Four-Way, ,Intersection,None,,,         ,Megan,Lamon,Clear,Angle,no,no,no,no,yes,False
102890815,METROPOLITAN NASHVILLE POLICE DEPT,20210065886,Davidson,Nashville,2/3/2021 12:14:00 PM,2,0,0,36.118260,-86.725950,I 24,,,,0.00,,,,,,,53.05,N,Not at Intersection, ,Non-Junction,None,,,         ,Joe,Hooper,Clear,Front to Rear,no,no,no,no,no,False
102890816,THP District 3 - Nashville,321007364,Davidson,Nashville,2/2/2021 10:02:00 PM,2,0,0,36.042440,-86.654310,I 24,,,,0.00,,,,,,,59.70,N,Not at Intersection, ,Non-Junction,Construction Zone,,,         ,Nicholas,Lang,Clear,Angle,no,no,no,no,no,False
102890831,METROPOLITAN NASHVILLE POLICE DEPT,20210065939,Davidson,Nashville,2/3/2021 12:42:00 PM,2,0,0,36.124330,-86.743160,I 440,,,,0.00,,,,,,,6.65,N,Not at Intersection, ,Non-Junction,None,,,         ,Earl,Davis,Clear,Front to Rear,no,no,no,no,no,False
102890840,METROPOLITAN NASHVILLE POLICE DEPT,20210065683,Davidson,Nashville,2/3/2021 10:48:00 AM,1,0,0,36.141210,-86.731620,I 40,,,,0.00,,,,,,,213.00,N,Not at Intersection, ,Non-Junction,None,,,         ,Ronald,Bright,Clear,Not Collision with Motor Vehicle in Transport,no,no,no,no,no,False
102890869,METROPOLITAN NASHVILLE POLICE DEPT,20210065318,Davidson,Nashville,2/3/2021 7:50:00 AM,3,0,0,36.247220,-86.743280,I65 N ENT RAMP,,,,0.00,Feet,East,I 65,,,,0.00,N,Not at Intersection,N,Non-Junction,None,,,         ,Ricki,Armstrong,Clear,"Sideswipe, Same Direction",no,no,no,no,no,False
102890870,METROPOLITAN NASHVILLE POLICE DEPT,20210065994,Davidson,Nashville,2/3/2021 12:59:00 PM,2,0,0,36.157930,-86.791610,CHURCH ST,,,,0.00,,,14TH AVN,,,,0.00,Y,Four-Way,N,Intersection,None,,,         ,Earl,Davis,Clear,Angle,no,no,no,no,no,False
102890882,METROPOLITAN NASHVILLE POLICE DEPT,20210065938,Davidson,Nashville,2/3/2021 12:40:00 PM,2,0,0,36.207550,-86.777790,BRICK CHURCH PKE,,,,0.00,,,I65 S EXT RAMP,,,,0.00,Y,T-Intersection, ,Entrance/Exit Ramp Related,None,,,         ,Jeanine,Sarno,Clear,"Sideswipe, Same Direction",no,no,no,no,no,False
102890887,METROPOLITAN NASHVILLE POLICE DEPT,20210066131,Davidson,Nashville,2/3/2021 2:05:00 PM,2,1,0,36.114110,-86.724160,I 24,,,,0.00,,,,,,,53.35,N,Not at Intersection,N,Non-Junction,None,,,         ,Joe,Hooper,Clear,Front to Rear,no,no,no,no,no,False
102890891,METROPOLITAN NASHVILLE POLICE DEPT,20210066089,Davidson,Nashville,2/3/2021 1:40:00 PM,2,0,0,36.150430,-86.801180,21ST AVS,,,,25.00,Feet,South,WEST END AV,,,,0.00,N,Not at Intersection,N,Unknown,None,,,         ,Dakota,Davis,Clear,Angle,no,no,no,no,no,Campus
102890918,METROPOLITAN NASHVILLE POLICE DEPT,20210057216,Davidson,Nashville,1/29/2021 9:48:00 PM,2,2,1,36.194230,-86.776180,I 24,,,,0.00,,,,,,,46.60,N,Not at Intersection,N,Non-Junction,None,,,         ,Cressie,Prill,Clear,"Sideswipe, Same Direction",no,no,no,no,no,False
102890936,METROPOLITAN NASHVILLE POLICE DEPT,20210066212,Davidson,Nashville,2/3/2021 2:53:00 PM,2,0,0,36.168410,-86.760100,SHELBY AV,,,,77.00,Feet,East,S 6TH ST,,,,0.00,N,Not at Intersection, ,Non-Junction,None,,,         ,Kevin,Clausius,,Front to Rear,no,no,no,no,no,False
102890939,METROPOLITAN NASHVILLE POLICE DEPT,20210065944,Davidson,Nashville,2/3/2021 12:42:00 PM,2,1,0,36.067080,-86.691040,HICKORY LAKE APTS PVTDR,,,,0.00,,,APACHE TRL,,,,0.00,Y,T-Intersection,N,Intersection,None,,,         ,Jason,Hees,Clear,Angle,no,no,no,no,no,False
102890947,METROPOLITAN NASHVILLE POLICE DEPT,20210064296,Davidson,Nashville,2/2/2021 5:30:00 PM,2,0,0,36.147550,-86.868810,CHARLOTTE PKE,,,,0.00,,,CROLEY DR,,,,0.00,Y,OTHER, ,Intersection-Related,None,,,         ,Torian,Cox,Clear,"Sideswipe, Opposite Direction",no,no,no,no,yes,False
102890952,METROPOLITAN NASHVILLE POLICE DEPT,20210066124,Davidson,Nashville,2/3/2021 12:00:00 AM,1,0,0,36.150640,-86.785220,I 40,,,,0.00,,,,,,,209.50,N,Not at Intersection,N,Non-Junction,None,,,         ,Joel,Cottrill,Clear,Not Collision with Motor Vehicle in Transport,no,no,no,no,no,False
102890954,METROPOLITAN NASHVILLE POLICE DEPT,20210066290,Davidson,Nashville,2/3/2021 3:00:00 PM,2,0,0,36.188070,-86.765790,VAUGHN ST,,,,96.00,Feet,West,STAINBACK AV,,,,0.00,N,Not at Intersection, ,Non-Junction,None,,,         ,Steffani,Dahlstrom,,"Sideswipe, Same Direction",no,no,no,no,no,False
102890957,METROPOLITAN NASHVILLE POLICE DEPT,20210066227,Davidson,Not in City Limit,2/3/2021 1:33:00 PM,2,0,0,36.268870,-86.755900,DICKERSON PKE,,,,150.00,Feet,South,OLD HICKORY BLVD,,,,0.00,N,Not at Intersection,N,Non-Junction,None,,,         ,Christopher,Littles,Clear,Angle,no,no,no,no,yes,False
102890958,METROPOLITAN NASHVILLE POLICE DEPT,20210066202,Davidson,Nashville,2/3/2021 2:22:00 PM,2,0,0,36.112650,-86.922800,OLD HICKORY BLVD,,,,68.00,Feet,North,I40 W ENT RAMP,,,,0.00,N,Not at Intersection, ,Non-Junction,None,,,         ,Jeremy,Huffine,Clear,Angle,no,no,no,no,no,False
102890964,METROPOLITAN NASHVILLE POLICE DEPT,20210066365,Davidson,Nashville,2/3/2021 3:44:00 PM,2,0,0,36.116880,-86.915190,I 40,,,,0.00,,,,,,,199.80,N,Not at Intersection, ,Non-Junction,None,,,         ,Brandon,Pedigo,Clear,Not Collision with Motor Vehicle in Transport,no,no,no,no,no,False
102890965,METROPOLITAN NASHVILLE POLICE DEPT,20210066313,Davidson,Nashville,2/3/2021 3:15:00 PM,2,0,0,36.127730,-86.727650,I 24,,,,0.00,,,,,,,51.35,N,Not at Intersection, ,Non-Junction,None,,,         ,Timothy,Ward,Clear,Front to Rear,no,no,no,no,no,False
102890971,METROPOLITAN NASHVILLE POLICE DEPT,20210066332,Davidson,Nashville,2/3/2021 3:30:00 PM,2,0,0,36.171140,-86.885740,COCKRILL BEND BLVD,,,,355.00,Feet,East,TUFTING CT,,,,0.00,N,Not at Intersection,N,Non-Junction,None,,,         ,Torian,Cox,Clear,Front to Rear,no,no,no,no,no,False
102890974,METROPOLITAN NASHVILLE POLICE DEPT,20210066370,Davidson,Nashville,2/3/2021 2:57:00 PM,2,1,0,36.079100,-86.720540,WALLACE RD,,,,0.00,,,RECOVERY RD,,,,0.00,Y,T-Intersection,N,Intersection,None,,,         ,Thomas,Parsons,Clear,Front to Rear,no,no,no,no,yes,False
102890977,METROPOLITAN NASHVILLE POLICE DEPT,20210066458,Davidson,Goodlettsville,2/3/2021 4:36:00 PM,2,0,0,36.296310,-86.698710,MYATT DR,,,,256.00,Feet,South,GALLATIN PKEN,,,,0.00,N,Not at Intersection, ,Non-Junction,None,,,         ,Christopher,Littles,Clear,Angle,no,no,no,no,no,False
102890982,METROPOLITAN NASHVILLE POLICE DEPT,20210066363,Davidson,Not in City Limit,2/3/2021 3:50:00 PM,2,0,0,36.075470,-86.940400,HIGHWAY 70S,,,,0.00,,,BELLEVUE RD,,,,0.00,Y,T-Intersection, ,Intersection,None,,,         ,Michael,Sipos,Clear,Front to Rear,no,no,no,no,no,False
102890983,METROPOLITAN NASHVILLE POLICE DEPT,20210066254,Davidson,Nashville,2/3/2021 2:55:00 PM,2,0,0,36.053010,-86.673000,BLUE HOLE RD,,,,149.00,Feet,North,TUSCULUM RD,,,,0.00,N,Not at Intersection,N,Non-Junction,None,,,         ,Beri,Scott,Clear,Angle,no,no,no,no,no,False
102890985,METROPOLITAN NASHVILLE POLICE DEPT,20210066491,Davidson,Nashville,2/3/2021 4:55:00 PM,2,0,0,36.151300,-86.636640,I 40,,,,0.00,,,,,,,218.50,N,Not at Intersection,N,Non-Junction,None,,,         ,Joseph,Simon,,Not Collision with Motor Vehicle in Transport,no,no,no,no,yes,False
102890986,METROPOLITAN NASHVILLE POLICE DEPT,20210066462,Davidson,Nashville,2/3/2021 3:00:00 PM,1,0,0,36.194740,-86.776170,I 65,,,,0.00,,,,,,,86.50,N,Not at Intersection, ,Non-Junction,None,,,         ,Trevor,Taylor,Clear,Not Collision with Motor Vehicle in Transport,no,no,no,no,no,False
102890987,METROPOLITAN NASHVILLE POLICE DEPT,20210066414,Davidson,Nashville,2/3/2021 4:11:00 PM,2,1,0,36.040840,-86.773470,OLD HICKORY BLVD,,,,0.00,,,HEALTH PARK DR,,,,0.00,Y,Four-Way,N,Intersection,None,,,         ,Sierra,Walker,Clear,Angle,no,no,no,no,no,False
102890988,METROPOLITAN NASHVILLE POLICE DEPT,20210066335,Davidson,Nashville,2/3/2021 3:30:00 PM,2,0,0,36.199860,-86.577820,CHANDLER RD,,,,88.00,Feet,West,W DIVISION ST,,,,0.00,N,Not at Intersection,N,Non-Junction,None,,,         ,Christopher,Beery,,HeadOn,no,no,no,no,yes,False
102890989,METROPOLITAN NASHVILLE POLICE DEPT,20210066440,Davidson,Nashville,2/3/2021 2:30:00 PM,2,0,0,36.172360,-86.802140,I40 W ENT RAMP,,,,0.00,Feet,East,I 40,,,,0.00,N,Not at Intersection, ,Non-Junction,None,,,         ,Brian,Warstadt,Clear,Front to Rear,no,no,no,no,no,False
102891004,BERRY HILL POLICE DEPT,21-0351,Davidson,Berry Hill,2/3/2021 3:24:00 PM,2,1,0,36.122560,-86.775860,FRANKLIN PKE,,,,0.00,,,BILOXI AV,,,,0.00,Y,Four-Way,N,Intersection,None,,,         ,Yamil,Jimenez,Clear,Front to Rear,no,no,no,no,no,False
102891005,METROPOLITAN NASHVILLE POLICE DEPT,20210066565,Davidson,Nashville,2/3/2021 5:08:00 PM,2,0,0,36.141280,-86.776490,I 65,,,,0.00,,,,,,,81.90,N,Not at Intersection,Y,Non-Junction,None,,,         ,Zachary,Plese,Clear,Front to Rear,no,no,no,no,no,False
102891006,METROPOLITAN NASHVILLE POLICE DEPT,20210066487,Davidson,Not in City Limit,2/3/2021 4:45:00 PM,2,0,0,36.320830,-86.865720,GIFFORD PL,,,,0.00,,,WHITES CREEK PKE,,,,0.00,,Not at Intersection,N,Non-Junction,None,,,         ,Mary,Hall,Clear,Angle,no,no,no,yes,yes,False
102891012,METROPOLITAN NASHVILLE POLICE DEPT,20210066534,Davidson,Nashville,2/3/2021 3:52:00 PM,2,0,0,36.134450,-86.726760,I 24,,,,0.00,,,,,,,52.10,N,Not at Intersection, ,Non-Junction,None,,,         ,Austin,Binner,Clear,Front to Rear,no,no,no,no,no,False
102891017,METROPOLITAN NASHVILLE POLICE DEPT,20210066560,Davidson,Nashville,2/3/2021 5:27:00 PM,3,0,0,36.140870,-86.817430,WEST END AV,,,,0.00,,,ACKLEN PARK DR,,,,0.00,Y,T-Intersection,N,Intersection-Related,None,,,         ,William,Hamblen,Clear,Front to Rear,no,no,no,no,yes,False
102891021,METROPOLITAN NASHVILLE POLICE DEPT,20210066473,Davidson,Nashville,2/3/2021 4:21:00 PM,2,2,0,36.072620,-86.636890,MURFREESBORO PKE,,,,343.00,Feet,North,BELL RD,,,,0.00,N,Not at Intersection,N,Non-Junction,None,,,         ,Thomas,Parsons,Clear,Angle,no,no,no,no,no,False
102891027,METROPOLITAN NASHVILLE POLICE DEPT,20210066501,Davidson,Nashville,2/3/2021 4:59:00 PM,1,0,0,36.205440,-86.622330,OLD HICKORY BLVD,,,,102.00,Feet,South,HILLS LN,,,,0.00,N,Not at Intersection,N,Non-Junction,None,,,         ,William,Sutherland,,Not Collision with Motor Vehicle in Transport,no,no,no,no,no,False
102891040,METROPOLITAN NASHVILLE POLICE DEPT,20210066558,Davidson,Nashville,2/3/2021 5:03:00 PM,2,1,0,36.251750,-86.717180,E WEBSTER ST,,,,162.00,Feet,East,GALLATIN PKES,,,,0.00,N,Not at Intersection,N,Non-Junction,None,,,         ,Christopher,Littles,Clear,"Sideswipe, Opposite Direction",no,no,no,no,yes,False
102891041,METROPOLITAN NASHVILLE POLICE DEPT,20210066588,Davidson,Not in City Limit,2/3/2021 5:21:00 PM,2,0,0,36.263100,-86.712260,OLD HICKORY BLVDW,,,,99.00,Feet,West,STATE RT 45,,,,0.00,N,Not at Intersection,N,Non-Junction,None,,,         ,Christopher,Littles,Clear,Front to Rear,no,no,no,no,yes,False
102891042,METROPOLITAN NASHVILLE POLICE DEPT,20210066611,Davidson,Not in City Limit,2/3/2021 6:00:00 PM,2,2,0,36.263070,-86.711920,STATE RT 45,,,,0.00,,,OLD HICKORY BLVDW,,,,0.00,Y,Four-Way,N,Intersection,None,,,         ,Christopher,Littles,Clear,HeadOn,no,no,no,no,no,False
102891068,METROPOLITAN NASHVILLE POLICE DEPT,20210066824,Davidson,Nashville,2/3/2021 7:30:00 PM,2,0,0,36.170710,-86.679670,MCGAVOCK PKE,,,,323.00,Feet,South,PARK DR,,,,0.00,N,Not at Intersection,N,Non-Junction,None,,,         ,Evan,Grace,,"Sideswipe, Same Direction",no,no,no,yes,yes,False
102891069,METROPOLITAN NASHVILLE POLICE DEPT,20210066751,Davidson,Nashville,2/3/2021 5:15:00 PM,2,0,0,36.191790,-86.784550,I 65,,,,0.00,,,,,,,86.05,N,Not at Intersection,Y,Entrance/Exit Ramp Related,None,,,         ,Jonathan,Sharp,,"Sideswipe, Same Direction",no,no,no,no,yes,False
102891071,METROPOLITAN NASHVILLE POLICE DEPT,20210066825,Davidson,Nashville,2/3/2021 7:43:00 PM,2,0,0,36.123330,-86.727490,I24 W EXT RAMP,,,,0.00,Feet,East,I 24,,,,0.00,N,Not at Intersection, ,Non-Junction,None,,,         ,Garrett,Reingardt,Clear,Front to Rear,no,no,no,no,no,False
102891077,METROPOLITAN NASHVILLE POLICE DEPT,20210066757,Davidson,Nashville,2/3/2021 7:05:00 PM,2,0,0,36.193570,-86.756050,DOUGLAS AV,,,,0.00,,,MONTGOMERY AV,,,,0.00,Y,T-Intersection,N,Intersection,None,,,         ,Cooper,HIll,,"Sideswipe, Same Direction",no,no,no,no,no,False
102891078,METROPOLITAN NASHVILLE POLICE DEPT,20210066759,Davidson,Nashville,2/3/2021 6:19:00 PM,2,1,0,36.087120,-86.708000,JEFFERY DR,,,,0.00,,,DONNA KAY DR,,,,0.00,Y,Four-Way,Y,Non-Junction,None,,,         ,Austin,Binner,Clear,Front to Rear,no,no,no,no,no,False
102891086,METROPOLITAN NASHVILLE POLICE DEPT,20210066867,Davidson,Nashville,2/3/2021 7:30:00 PM,2,0,0,36.083970,-86.701990,WALLACE RD,,,,226.00,Feet,South,LARGO DR,,,,0.00,N,Not at Intersection, ,Non-Junction,None,,,         ,Jonathan,Watch,,Front to Rear,no,no,no,no,no,False
102891087,METROPOLITAN NASHVILLE POLICE DEPT,20210066305,Davidson,Nashville,2/3/2021 3:29:00 PM,2,3,0,36.077700,-86.694780,I 24,,,,0.00,,,,,,,56.40,N,Not at Intersection,N,Non-Junction,None,,,         ,Robert,Higgins,Clear,Front to Rear,no,no,no,no,no,False
102891088,METROPOLITAN NASHVILLE POLICE DEPT,20210066369,Davidson,Nashville,2/3/2021 3:56:00 PM,2,0,0,36.077700,-86.694780,I 24,,,,0.00,,,,,,,56.40,N,Not at Intersection, ,Non-Junction,None,,,         ,Robert,Higgins,Clear,Angle,no,no,no,no,no,False
102891089,METROPOLITAN NASHVILLE POLICE DEPT,20210066645,Davidson,Nashville,2/3/2021 6:14:00 PM,3,1,0,36.090740,-86.703890,I 24,,,,0.00,,,,,,,55.30,N,Not at Intersection,N,Non-Junction,None,,,         ,Robert,Higgins,Clear,Angle,no,no,no,no,no,False
102891095,METROPOLITAN NASHVILLE POLICE DEPT,20210066706,Davidson,Not in City Limit,2/3/2021 6:40:00 PM,2,0,0,36.262210,-86.712210,GALLATIN PKES,,,,0.00,,,E OLD HICKORY BLVD,,,,0.00,Y,Four-Way, ,,None,,,         ,William,Badger,,,no,no,no,no,no,False
102891096,METROPOLITAN NASHVILLE POLICE DEPT,20210066528,Davidson,Nashville,2/3/2021 5:11:00 PM,2,0,0,36.193460,-86.753280,ELLINGTON PKWY S EXT RAMP,,,,0.00,,,DOUGLAS AV,,,,0.00,Y,Four-Way,N,Intersection,None,,,         ,Zachary,Aldrich,,"Sideswipe, Same Direction",no,no,no,no,yes,False
102891136,METROPOLITAN NASHVILLE POLICE DEPT,20210066834,Davidson,Nashville,2/3/2021 7:36:00 PM,2,1,0,36.123370,-86.727570,I 24,,,,0.00,,,,,,,52.70,N,Not at Intersection,N,Non-Junction,None,,,         ,Beri,Scott,,Front to Rear,no,no,no,no,yes,False
102891142,METROPOLITAN NASHVILLE POLICE DEPT,20210066498,Davidson,Nashville,2/3/2021 4:52:00 PM,2,1,0,36.206780,-86.788660,GOOCH ST,,,,110.00,Feet,West,HAYNES ST,,,,0.00,N,Not at Intersection,N,Non-Junction,None,,,         ,Gabriel,Centeno,,"Sideswipe, Same Direction",no,no,no,no,yes,False
102891148,METROPOLITAN NASHVILLE POLICE DEPT,20210066697,Davidson,Nashville,2/3/2021 5:45:00 PM,2,0,0,36.116480,-86.923540,CHARLOTTE PKE,,,,118.00,Feet,West,OLD HICKORY BLVD,,,,0.00,N,Not at Intersection,N,Non-Junction,None,,,         ,Terence,Mitchell,Clear,Other,no,no,no,no,yes,False
102891166,METROPOLITAN NASHVILLE POLICE DEPT,20210067028,Davidson,Nashville,2/3/2021 7:35:00 PM,2,0,0,36.069000,-86.720060,NOLENSVILLE PKE,,,,393.00,Feet,East,TAYLOR RD,,,,0.00,N,Not at Intersection,N,Non-Junction,None,,,         ,Beri,Scott,,Angle,no,no,no,no,yes,False
102891177,METROPOLITAN NASHVILLE POLICE DEPT,20210066721,Davidson,Nashville,2/3/2021 6:25:00 PM,1,0,0,36.143110,-86.666650,DONELSON PKE,,,,299.00,Feet,North,I40 W ENT RAMP,,,,0.00,N,Not at Intersection,N,Non-Junction,None,,,         ,Donovan,Coble,,Not Collision with Motor Vehicle in Transport,no,no,no,no,no,False
102891194,METROPOLITAN NASHVILLE POLICE DEPT,20210067077,Davidson,Nashville,2/3/2021 9:38:00 PM,2,0,0,36.123620,-86.748080,I 440,,,,0.00,,,,,,,6.50,N,Not at Intersection, ,Non-Junction,None,,,         ,Beri,Scott,Clear,Angle,no,no,no,no,no,False
102891265,VANDERBILT UNIVERSITY POLICE,20210065208,Davidson,Nashville,2/3/2021 6:35:00 AM,2,1,0,36.143220,-86.810440,28TH AVS,,,,0.00,,,VANDERBILT PL,,,,0.00,Y,OTHER,N,Intersection-Related,None,,,         ,Kyle,Hartley,Clear,Angle,no,no,no,no,no,Campus
102891274,METROPOLITAN NASHVILLE POLICE DEPT,20210067448,Davidson,Nashville,2/3/2021 10:08:00 PM,2,0,0,36.193130,-86.726530,PORTER RD,,,,20.00,Feet,South,MCKENNELL DR,,,,0.00,N,Not at Intersection,N,Non-Junction,None,,,         ,Reginald,Pierre-Paul,,Front to Rear,no,no,no,no,no,False
102891281,METROPOLITAN NASHVILLE POLICE DEPT,20210067618,Davidson,Nashville,2/4/2021 1:40:00 AM,1,0,0,36.109780,-86.542520,HOBSON,PIKE,,,200.00,Feet,West,GRANNY WRIGHT,LN,,,0.00,N,Not at Intersection, ,Non-Junction,None,,,         ,Bryce,Hatten,Clear,Not Collision with Motor Vehicle in Transport,no,no,no,no,no,False
102891283,METROPOLITAN NASHVILLE POLICE DEPT,20210067349,Davidson,Nashville,2/3/2021 9:35:00 PM,2,0,0,36.042540,-86.622410,BENT WOOD DR,,,,78.00,Feet,North,ASHEFORD TRC,,,,0.00,N,Not at Intersection,N,Non-Junction,None,,,         ,Kevin,Breeding,Clear,Front to Rear,no,no,no,no,yes,False
102891291,METROPOLITAN NASHVILLE POLICE DEPT,20210067444,Davidson,Nashville,2/4/2021 12:24:00 AM,2,1,0,36.152950,-86.857620,BRILEY PKWY,,,,17.00,Feet,South,I40 W EXT RAMP,,,,0.00,N,Not at Intersection,N,Entrance/Exit Ramp Related,None,,,         ,Jonathan,Phipps,Clear,Angle,no,no,no,no,yes,False
102891305,METROPOLITAN NASHVILLE POLICE DEPT,20210067754,Davidson,Nashville,2/3/2021 11:20:00 PM,2,0,0,36.051820,-86.642620,WILD OAKS CT,,,,22.00,Feet,North,EAGLE VIEW BLVD,,,,0.00,N,Not at Intersection,N,Non-Junction,None,,,         ,Bryson,Wilkins,,Angle,no,no,no,no,yes,False
102891313,METROPOLITAN NASHVILLE POLICE DEPT,20210067925,Davidson,Not in City Limit,2/4/2021 4:50:00 AM,1,0,0,36.268940,-86.940320,LITTLE MARROWBONE RD,,,,0.86,Miles,West,GRAYS POINT RD,,,,0.00,N,Not at Intersection, ,Non-Junction,None,,,         ,Brian,DeMarce,Clear,Not Collision with Motor Vehicle in Transport,no,no,no,no,no,False
102891327,METROPOLITAN NASHVILLE POLICE DEPT,20210067975,Davidson,Not in City Limit,2/4/2021 5:34:00 AM,2,0,0,36.018690,-86.625560,I 24,,,,0.00,,,,,,,62.15,N,Not at Intersection, ,Entrance/Exit Ramp Related,None,,,         ,Kevin,Breeding,,"Sideswipe, Same Direction",no,no,no,no,no,False
102891342,METROPOLITAN NASHVILLE POLICE DEPT,20210066499,Davidson,Nashville,2/3/2021 5:00:00 PM,2,0,0,36.151400,-86.769510,I40 W EXT RAMP,,,,81.00,Feet,West,I 40,,,,0.00,N,Not at Intersection, ,Non-Junction,None,,,         ,Joshua,Reece,Clear,Front to Rear,no,no,no,no,no,False
102891353,METROPOLITAN NASHVILLE POLICE DEPT,20210068023,Davidson,Antioch,2/4/2021 6:23:00 AM,1,1,0,36.009010,-86.621720,OLD HICKORY BLVD,,,,50.00,Feet,South,OCTOBER WOODS DR,,,,0.00,N,Not at Intersection,N,Non-Junction,None,,,         ,Douglas,Meringer,Clear,Not Collision with Motor Vehicle in Transport,no,no,no,yes,no,False
102891369,METROPOLITAN NASHVILLE POLICE DEPT,20210068076,Davidson,Nashville,2/4/2021 7:08:00 AM,2,0,0,36.146540,-86.742580,I 40,,,,0.00,,,,,,,212.10,N,Not at Intersection,N,Non-Junction,None,,,         ,Michael,Dance,Clear,Front to Rear,no,no,no,no,no,False
102891371,METROPOLITAN NASHVILLE POLICE DEPT,20210068087,Davidson,Nashville,2/4/2021 7:11:00 AM,2,0,0,36.153000,-86.857610,BRILEY PKWY,,,,0.00,,,I40 W EXT RAMP,,,,0.00,Y,Four-Way,N,Entrance/Exit Ramp Related,None,,,         ,Curtis,Rich,Cloudy,Angle,no,no,no,no,no,False
102891410,METROPOLITAN NASHVILLE POLICE DEPT,20210068186,Davidson,Nashville,2/4/2021 8:00:00 AM,1,0,0,36.073770,-86.871060,PAGE RD,,,,1098.00,Feet,North,CHICKERING RD,,,,0.00,N,Not at Intersection, ,,None,,,         ,Curtis,Rich,,,no,no,no,no,no,False
102891413,METROPOLITAN NASHVILLE POLICE DEPT,20210068158,Davidson,Nashville,2/4/2021 7:53:00 AM,2,0,0,36.155950,-86.789640,I 40,,,,0.00,,,I40 E ENT RAMP,,,,0.00,Y,OTHER, ,Entrance/Exit Ramp Related,None,,,         ,Earl,Davis,Cloudy,"Sideswipe, Same Direction",no,no,no,no,no,False
102891421,METROPOLITAN NASHVILLE POLICE DEPT,20210068054,Davidson,Nashville,2/4/2021 6:26:00 AM,2,0,0,36.116410,-86.697360,MURFREESBORO PKE,,,,0.00,,,MCGAVOCK PKE,,,,0.00,Y,Four-Way,N,Intersection-Related,None,,,         ,Michael,Brooks,Cloudy,Front to Rear,no,no,no,no,no,False