master_record_number,agency,agency_tracking_number,county,city,collision_date,vehicles_involved,number_injured,number_dead,latitude,longitude,roadway_name,roadway_suffix,roadway_number,roadway_local_id,distance_from_reference,miles-feet_indicator,direction_from_reference,intersection_road_name,intersection_road_name_suffix,intersection_road_number,intersection_local_id,mile_marker,intersection_indicator,intersect_type,interchange_related_indicator,relation_to_junction,work_zone_type,construction_maintenance_zone,construction_maintenance_zone_location,fatal_case_number,officer_first_name,officer_last_name,weather_condition(s),manner_of_crash,pedestrian,bicycle,scooter,parking,hitrun,mou
102892176,METROPOLITAN NASHVILLE POLICE DEPT,20210070737,Davidson,Nashville,2/5/2021 6:09:00 AM,2,0,0,36.207940,-86.717020,STRATFORD AV,,,,0.00,,,MCGAVOCK PKE,,,,0.00,Y,Four-Way,Y,Intersection-Related,None,,,         ,Dillon,Hunt,Cloudy,Angle,no,no,no,no,no,False
102892202,GOODLETTSVILLE POLICE DEPT,21-03133,Davidson,Goodlettsville,2/2/2021 3:15:00 PM,2,0,0,36.325110,-86.701760,LONG HOLLOW PKE,,,,0.00,,,CONFERENCE DR,,,,0.00,Y,Four-Way,N,Non-Junction,None,,,         ,Alexander,Bardill,Clear,Angle,no,no,no,no,no,False
102892228,METROPOLITAN NASHVILLE POLICE DEPT,20210070836,Davidson,Madison,2/5/2021 6:30:00 AM,2,0,0,36.283210,-86.717270,NELSON DR,,,,173.00,Feet,West,SLAYTON DR,,,,0.00,N,Not at Intersection,N,Non-Junction,None,,,         ,Ian,Wilson,Clear,"Sideswipe, Opposite Direction",no,no,no,no,yes,False
102892234,METROPOLITAN NASHVILLE POLICE DEPT,20210070824,Davidson,Not in City Limit,2/5/2021 7:25:00 AM,1,1,0,36.077870,-86.990060,I 40,,,,0.00,,,,,,,194.20,N,Not at Intersection,N,Non-Junction,None,,,         ,Wesley,Tilley,Clear,Not Collision with Motor Vehicle in Transport,no,no,no,no,no,False
102892245,METROPOLITAN NASHVILLE POLICE DEPT,20210070932,Davidson,Nashville,2/5/2021 8:41:00 AM,2,0,0,36.150470,-86.770370,I40 E EXT RAMP,,,,0.00,,,4TH AVS,,,,0.00,Y,Four-Way, ,Entrance/Exit Ramp Related,None,,,         ,Earl,Davis,Clear,Front to Rear,no,no,no,no,no,False
102892253,METROPOLITAN NASHVILLE POLICE DEPT,20210070869,Davidson,Nashville,2/5/2021 7:50:00 AM,3,0,0,36.115310,-86.836650,ESTES RD,,,,26.00,Feet,South,DARTMOUTH AV,,,,0.00,N,Not at Intersection, ,Non-Junction,None,,,         ,Douglas,Atwood,Clear,Front to Rear,no,no,no,no,no,False
102892257,METROPOLITAN NASHVILLE POLICE DEPT,20210070930,Davidson,Nashville,2/5/2021 8:33:00 AM,2,0,0,36.198440,-86.620270,LEBANON PKE,,,,0.00,,,OLD HICKORY BLVD,,,,0.00,Y,Four-Way, ,,None,,,         ,Michael,Brooks,,,no,no,no,no,no,False
102892281,METROPOLITAN NASHVILLE POLICE DEPT,20210070935,Davidson,Nashville,2/5/2021 9:00:00 AM,2,0,0,36.200550,-86.827630,ALPINE AV,,,,2.00,Feet,North,LINCOLN AV,,,,0.00,N,Not at Intersection, ,Non-Junction,Work Zone,,,         ,Gregory,Scott,Clear,Front to Rear,no,no,no,no,no,False
102892292,METROPOLITAN NASHVILLE POLICE DEPT,20210070955,Davidson,Not in City Limit,2/5/2021 8:58:00 AM,2,0,0,35.990920,-86.673810,BURKITT RD,,,,422.00,Feet,North,CANONBURY DR,,,,0.00,N,Not at Intersection,N,Non-Junction,None,,,         ,Sarah,Cartwright,Clear,Front to Rear,no,no,no,no,yes,False
102892293,METROPOLITAN NASHVILLE POLICE DEPT,20210070876,Davidson,Nashville,2/5/2021 8:00:00 AM,2,2,0,36.215700,-86.729580,GALLATIN PIKE,,,,0.00,,,MARION AVE,,,,0.00,Y,T-Intersection,N,Intersection,None,,,         ,Andrew,Ivey,,Angle,no,no,no,no,no,False
102892307,METROPOLITAN NASHVILLE POLICE DEPT,20210070947,Davidson,Nashville,2/5/2021 8:50:00 AM,2,0,0,36.122490,-86.727380,I 24,,,,0.00,,,,,,,52.75,N,Not at Intersection, ,Non-Junction,None,,,         ,Marcus,Darden,Clear,"Sideswipe, Same Direction",no,no,no,no,no,False
102892314,METROPOLITAN NASHVILLE POLICE DEPT,20210071059,Davidson,Nashville,2/5/2021 9:59:00 AM,1,0,0,36.046430,-86.777140,I 65,,,,0.00,,,,,,,75.20,N,Not at Intersection, ,,None,,,         ,Gary,Sneed,,,no,no,no,no,no,False
102892341,METROPOLITAN NASHVILLE POLICE DEPT,20210071050,Davidson,Nashville,2/5/2021 9:57:00 AM,2,0,0,36.202880,-86.776850,I 65,,,,0.00,,,,,,,87.10,N,Not at Intersection, ,Non-Junction,None,,,         ,James,Wray,Clear,Front to Rear,no,no,no,no,no,False
102892378,METROPOLITAN NASHVILLE POLICE DEPT,20210071135,Davidson,Nashville,2/5/2021 10:39:00 AM,1,0,0,36.210890,-86.691050,BRILEY PKWYN,,,,653.00,Feet,South,BRILEY PKWYS,,,,0.00,N,Not at Intersection, ,,None,,,         ,Michael,Brooks,,,no,no,no,no,no,False
102892390,METROPOLITAN NASHVILLE POLICE DEPT,20210070775,Davidson,Nashville,2/5/2021 6:05:00 AM,2,0,0,36.077140,-86.641460,MURFREESBORO PKE,,,,0.00,,,LAKEVILLA DR,,,,0.00,Y,Four-Way,N,Intersection-Related,None,,,         ,Joe,Hooper,Clear,Front to Rear,no,no,no,no,no,False
102892392,METROPOLITAN NASHVILLE POLICE DEPT,20210071195,Davidson,Nashville,2/5/2021 11:00:00 AM,2,0,0,36.241970,-86.757010,DICKERSON PKE ENT RAMP,,,,0.00,Feet,East,DICKERSON PKE,,,,0.00,N,Not at Intersection,N,Non-Junction,None,,,         ,Brian,Otto,Clear,Front to Rear,no,no,no,no,yes,False
102892396,METROPOLITAN NASHVILLE POLICE DEPT,20210071130,Davidson,Nashville,2/4/2021 6:45:00 PM,1,1,0,36.177490,-86.749930,S 11TH ST,,,,23.00,Feet,South,WOODLAND ST,,,,0.00,N,Not at Intersection,N,Non-Junction,None,,,         ,Matthew,Herod,,Not Collision with Motor Vehicle in Transport,yes,no,no,no,yes,False
102892413,METROPOLITAN NASHVILLE POLICE DEPT,20210071262,Davidson,Nashville,2/5/2021 11:48:00 AM,2,0,0,36.151310,-86.853120,CHARLOTTE AV,,,,154.00,Feet,East,54TH AVN,,,,0.00,N,Not at Intersection, ,Non-Junction,None,,,         ,Curtis,Rich,Clear,Angle,no,no,no,no,no,False
102892455,METROPOLITAN NASHVILLE POLICE DEPT,20210071174,Davidson,Nashville,2/5/2021 11:01:00 AM,2,0,0,36.142770,-86.766180,HOUSTON ST,,,,15.00,Feet,West,PILLOW ST,,,,0.00,N,Not at Intersection, ,Non-Junction,None,,,         ,Hendrik,Kruger,,Angle,no,no,no,no,no,False
102892467,METROPOLITAN NASHVILLE POLICE DEPT,20210071235,Davidson,Nashville,2/5/2021 11:05:00 AM,2,0,0,36.069230,-86.689440,I 24,,,,0.00,,,,,,,57.00,N,Not at Intersection,N,Non-Junction,None,,,         ,Joe,Hooper,Clear,Front to Rear,no,no,no,no,yes,False
102892471,METROPOLITAN NASHVILLE POLICE DEPT,20210071031,Davidson,Nashville,2/5/2021 9:38:00 AM,2,0,0,36.052330,-86.670840,I 24,,,,0.00,,,,,,,58.60,N,Not at Intersection, ,Non-Junction,None,,,         ,Tyler,Heckaman,Clear,"Sideswipe, Same Direction",no,no,no,no,no,False
102892475,METROPOLITAN NASHVILLE POLICE DEPT,20210071314,Davidson,Nashville,2/5/2021 12:19:00 PM,2,1,0,36.152450,-86.851160,53RD AVN,,,,187.00,Feet,South,ALABAMA AV,,,,0.00,N,Not at Intersection,N,Non-Junction,None,,,         ,Curtis,Rich,Clear,Angle,no,no,no,no,no,False
102892527,METROPOLITAN NASHVILLE POLICE DEPT,20210071327,Davidson,Nashville,2/5/2021 12:24:00 PM,2,0,0,36.045520,-86.711700,OLD HICKORY BLVD,,,,463.00,Feet,East,NOLENSVILLE PKE,,,,0.00,N,Not at Intersection, ,Non-Junction,None,,,         ,Lee,Davis,Clear,Angle,no,no,no,no,no,False
102892544,METROPOLITAN NASHVILLE POLICE DEPT,20210071347,Davidson,Nashville,2/5/2021 12:35:00 PM,2,0,0,36.161770,-86.793300,I 40,,,,0.00,,,,,,,208.70,N,Not at Intersection, ,Non-Junction,None,,,         ,Shawn,Kaelin,Clear,Front to Rear,no,no,no,no,no,False
102892601,METROPOLITAN NASHVILLE POLICE DEPT,20210071393,Davidson,Nashville,2/5/2021 1:14:00 PM,2,0,0,36.032650,-86.769830,CHURCH STE,,,,335.00,Feet,West,CLOVERLAND DR,,,,0.00,N,Not at Intersection,N,Non-Junction,None,,,         ,Earl,Davis,Clear,Front to Rear,no,no,no,no,no,False
102892635,METROPOLITAN NASHVILLE POLICE DEPT,2021071454,Davidson,Nashville,2/5/2021 1:55:00 PM,2,0,0,36.161200,-86.792680,CHARLOTTE AV,,,,0.00,,,GEORGE L DAVIS BLVD,,,,0.00,Y,Four-Way,N,Intersection,None,,,         ,Wesley,Young,Clear,Angle,no,no,no,no,no,False
102892637,METROPOLITAN NASHVILLE POLICE DEPT,20210071448,Davidson,Not in City Limit,2/5/2021 1:44:00 PM,1,0,0,36.263660,-86.789980,I 24,,,,0.00,,,,,,,41.60,N,Not at Intersection,N,Non-Junction,None,,,         ,Ian,Wilson,Clear,Not Collision with Motor Vehicle in Transport,no,no,no,no,no,False
102892669,METROPOLITAN NASHVILLE POLICE DEPT,20210071152,Davidson,Nashville,2/5/2021 10:48:00 AM,2,1,0,36.243890,-86.756580,SKYLINE MEMORIAL CT,,,,0.00,,,DICKERSON PKE,,,,0.00,Y,Four-Way,Y,Intersection,None,,,         ,Cyretha,Frazier,Clear,Angle,no,no,no,no,no,False
102892677,METROPOLITAN NASHVILLE POLICE DEPT,20210071369,Davidson,Nashville,2/5/2021 12:43:00 PM,2,0,0,36.046300,-86.660970,I 24,,,,0.00,,,,,,,59.30,N,Not at Intersection,N,Non-Junction,Construction Zone,Work On Shoulder Or Median,Transition Area,         ,Joe,Hooper,Clear,"Sideswipe, Same Direction",no,no,no,no,no,False
102892678,METROPOLITAN NASHVILLE POLICE DEPT,20210071415,Davidson,Not in City Limit,2/5/2021 1:20:00 PM,1,0,0,36.268600,-86.792630,I 24,,,,0.00,,,,,,,41.25,N,Not at Intersection, ,Non-Junction,None,,,         ,Broderick,Jones,Clear,Not Collision with Motor Vehicle in Transport,no,no,no,no,no,False
102892741,METROPOLITAN NASHVILLE POLICE DEPT,20210071382,Davidson,Nashville,2/5/2021 1:07:00 PM,2,0,0,36.218150,-86.803480,WHITES CREEK PKE,,,,0.00,,,MOORMANS ARM RD,,,,0.00,Y,Four-Way,N,Non-Junction,None,,,         ,James,Wray,Clear,Front to Rear,no,no,no,no,yes,False
102892756,METROPOLITAN NASHVILLE POLICE DEPT,20210071440,Davidson,Goodlettsville,2/5/2021 1:35:00 PM,3,0,0,36.287050,-86.726650,I 65,,,,0.00,,,,,,,93.95,N,Not at Intersection,N,Non-Junction,None,,,         ,Brian,Otto,Clear,Not Collision with Motor Vehicle in Transport,no,no,no,no,no,False
102892760,METROPOLITAN NASHVILLE POLICE DEPT,20210071535,Davidson,Goodlettsville,2/5/2021 1:00:00 PM,1,0,0,36.288690,-86.724730,I 65,,,,0.00,,,,,,,94.10,N,Not at Intersection, ,Non-Junction,None,,,         ,Christopher,Littles,Clear,Not Collision with Motor Vehicle in Transport,no,no,no,no,no,False
102892762,METROPOLITAN NASHVILLE POLICE DEPT,20210071553,Davidson,Nashville,2/5/2021 12:00:00 AM,2,0,0,36.157460,-86.770560,HERMITAGE AV,,,,12.00,Feet,North,PEABODY ST,,,,0.00,N,Not at Intersection, ,Non-Junction,None,,,         ,Trevor,Taylor,Clear,Front to Rear,no,no,no,no,yes,False
102892792,METROPOLITAN NASHVILLE POLICE DEPT,20210071574,Davidson,Nashville,2/5/2021 12:00:00 AM,2,0,0,36.156650,-86.834370,40TH AVN,,,,160.00,Feet,South,CLIFTON AV,,,,0.00,N,Not at Intersection, ,Non-Junction,None,,,         ,Kyle,Lund,Clear,"Sideswipe, Same Direction",no,no,no,no,yes,False
102892831,METROPOLITAN NASHVILLE POLICE DEPT,20210071517,Davidson,Nashville,2/5/2021 2:35:00 PM,2,0,0,36.168590,-86.766190,I 24,,,,0.00,,,,,,,48.80,N,Not at Intersection, ,Non-Junction,None,,,         ,Roy,Sain Jr.,Clear,Front to Rear,no,no,no,no,no,False
102892840,METROPOLITAN NASHVILLE POLICE DEPT,20210071534,Davidson,Nashville,2/5/2021 2:42:00 PM,2,0,0,36.151720,-86.798620,WEST END AV,,,,78.00,Feet,West,LYLE AV,,,,0.00,N,Not at Intersection, ,Non-Junction,None,,,         ,Darrin,Hardin,Clear,Angle,no,no,no,no,no,False
102892851,METROPOLITAN NASHVILLE POLICE DEPT,20210071606,Davidson,Nashville,2/5/2021 3:31:00 PM,2,0,0,36.207020,-86.791600,W TRINITY LN,,,,0.00,,,BAPTIST WORLD CENTER DR,,,,0.00,Y,OTHER, ,Non-Junction,None,,,         ,Ronald,Bright,Clear,Front to Rear,no,no,no,yes,no,False
102892889,METROPOLITAN NASHVILLE POLICE DEPT,20210071614,Davidson,Nashville,2/5/2021 3:13:00 PM,2,0,0,36.149350,-86.773400,I 40,,,,0.00,,,,,,,210.20,N,Not at Intersection,N,Non-Junction,None,,,         ,Roy,Sain Jr.,Clear,Front to Rear,no,no,no,no,yes,False
102892895,METROPOLITAN NASHVILLE POLICE DEPT,20210071660,Davidson,Nashville,2/5/2021 3:50:00 PM,2,0,0,36.060710,-86.716540,NOLENSVILLE PKE,,,,219.00,Feet,South,MCMURRAY DR,,,,0.00,N,Not at Intersection, ,Non-Junction,None,,,         ,Savannah,Starbuck,Clear,Angle,no,no,no,no,no,False
102892905,METROPOLITAN NASHVILLE POLICE DEPT,20210071500,Davidson,Nashville,2/5/2021 2:47:00 PM,2,0,0,36.219610,-86.727410,ARDEE AVE,,,,0.00,,,GALLATIN PIKE,,,,0.00,Y,Four-Way,Y,Intersection,None,,,         ,Joshua,Hausman,Clear,Angle,no,no,no,no,no,False
102892909,VANDERBILT UNIVERSITY POLICE,20210071458,Davidson,Nashville,2/5/2021 1:07:00 PM,2,0,0,36.142020,-86.801160,EAST GARAGE,,,,0.00,,North,,,,,0.01,N,Not at Intersection, ,Non-Junction,None,,,         ,V,Greene,Clear,Front to Rear,no,no,no,yes,yes,Campus
102892915,METROPOLITAN NASHVILLE POLICE DEPT,20210071657,Davidson,Nashville,2/5/2021 3:45:00 PM,2,2,0,36.084410,-86.738090,ELYSIAN FIELDS RD,,,,430.00,Feet,West,COVENTRY CT,,,,0.00,N,Not at Intersection,N,Non-Junction,None,,,         ,Darci,Stechman,Clear,Front to Rear,no,no,no,no,no,False
102892916,METROPOLITAN NASHVILLE POLICE DEPT,20210071730,Davidson,Nashville,2/5/2021 4:10:00 PM,2,0,0,36.134570,-86.779070,8TH AVS,,,,107.00,Feet,North,WEDGEWOOD AV,,,,0.00,N,Not at Intersection,N,Non-Junction,None,,,         ,Steven,Meador,Clear,Angle,no,no,no,no,yes,False
102892917,METROPOLITAN NASHVILLE POLICE DEPT,20210071674,Davidson,Nashville,2/5/2021 2:45:00 PM,2,0,0,36.192810,-86.777760,I 65,,,,0.00,,,,,,,86.45,N,Not at Intersection, ,Non-Junction,None,,,         ,Rachel,Susee,Clear,"Sideswipe, Same Direction",no,no,no,no,no,False
102892931,METROPOLITAN NASHVILLE POLICE DEPT,20210071853,Davidson,Nashville,2/5/2021 5:00:00 PM,2,0,0,36.171970,-86.768420,I 24,,,,0.00,,,,,,,48.35,N,Not at Intersection, ,Non-Junction,None,,,         ,Adam,Warren,Clear,Front to Rear,no,no,no,no,no,False
102892932,METROPOLITAN NASHVILLE POLICE DEPT,20210071828,Davidson,Nashville,2/5/2021 3:54:00 PM,2,0,0,36.207600,-86.777680,I65 S EXT RAMP,,,,0.00,Feet,East,BRICK CHURCH PKE,,,,0.00,N,Not at Intersection, ,Non-Junction,None,,,         ,Maryanne,Bartello,Clear,Front to Rear,no,no,no,no,no,False
102892933,METROPOLITAN NASHVILLE POLICE DEPT,20210071628,Davidson,Nashville,2/5/2021 3:38:00 PM,2,1,0,36.130630,-86.905400,CHARLOTTE PKE PVTDR,,,,265.00,Feet,West,BROOKMEADE GRNWY,,,,0.00,N,Not at Intersection,N,Non-Junction,None,,,         ,Cody,MIller,Clear,Angle,no,no,no,yes,no,False
102892935,METROPOLITAN NASHVILLE POLICE DEPT,20210071742,Davidson,Not in City Limit,2/5/2021 4:36:00 PM,2,0,0,36.263810,-86.711660,GALLATIN PKEN,,,,0.00,,,OLD TIME VILLAGE PVTDR,,,,0.00,Y,T-Intersection, ,,None,,,         ,Christopher,Littles,,,no,no,no,no,no,False
102892936,METROPOLITAN NASHVILLE POLICE DEPT,20210071650,Davidson,Nashville,2/5/2021 3:25:00 PM,2,0,0,36.247850,-86.720450,GALLATIN PKES,,,,89.00,Feet,South,DUE WEST AVE,,,,0.00,N,Not at Intersection,N,Non-Junction,None,,,         ,Christopher,Littles,Clear,Front to Rear,no,no,no,yes,no,False
102892937,METROPOLITAN NASHVILLE POLICE DEPT,20210071818,Davidson,Nashville,2/5/2021 4:44:00 PM,2,0,0,36.143170,-86.685440,I 40,,,,0.00,,,,,,,215.55,N,Not at Intersection,N,Non-Junction,None,,,         ,Brandon,Chapman,Clear,Front to Rear,no,no,no,no,no,False
102892940,METROPOLITAN NASHVILLE POLICE DEPT,20210071817,Davidson,Nashville,2/5/2021 5:15:00 PM,2,2,0,36.193660,-86.831220,CLARKSVILLE PKE,,,,0.00,,,S HAMILTON RD,,,,0.00,Y,Four-Way,N,Intersection,None,,,         ,Chad,Connors,Clear,Angle,no,no,no,no,yes,False
102892941,METROPOLITAN NASHVILLE POLICE DEPT,20210071733,Davidson,Nashville,2/5/2021 4:15:00 PM,3,0,0,36.097150,-86.706820,ANTIOCH PKE,,,,0.00,,,SPACE PARK SOUTH DR,,,,0.00,Y,T-Intersection,N,Intersection,None,,,         ,Beri,Scott,Clear,Angle,no,no,no,no,yes,False
102892950,METROPOLITAN NASHVILLE POLICE DEPT,20210071894,Davidson,Nashville,2/5/2021 5:50:00 PM,2,0,0,36.081860,-86.761050,HARDING PL,,,,210.00,Feet,East,SIDCO DR,,,,0.00,N,Not at Intersection, ,Non-Junction,None,,,         ,Brady,Reynolds,Clear,Front to Rear,no,no,no,no,no,False
102892951,METROPOLITAN NASHVILLE POLICE DEPT,20210071957,Davidson,Not in City Limit,2/5/2021 6:21:00 PM,2,0,0,36.264470,-86.732140,OLD HICKORY BLVDW,,,,49.00,Feet,East,N GRAYCROFT AV,,,,0.00,N,Not at Intersection,N,Non-Junction,None,,,         ,Christopher,Littles,Clear,Front to Rear,no,no,no,no,no,False
102892954,METROPOLITAN NASHVILLE POLICE DEPT,20210071873,Davidson,Nashville,2/5/2021 5:46:00 PM,2,2,0,36.086000,-86.700060,HARDING PL,,,,436.00,Feet,East,I24 W ENT RAMP,,,,0.00,N,Not at Intersection,N,Non-Junction,None,,,         ,Beri,Scott,Clear,Front to Rear,no,no,no,no,no,False
102892956,METROPOLITAN NASHVILLE POLICE DEPT,20210071541,Davidson,Nashville,2/5/2021 2:31:00 PM,2,0,0,36.142800,-86.744360,MURFREESBORO PKE,,,,0.00,,,FESSLERS LN,,,,0.00,Y,Four-Way,Y,Intersection,None,,,         ,William,Boler,Clear,Angle,no,no,no,no,yes,False
102892958,METROPOLITAN NASHVILLE POLICE DEPT,20210071952,Davidson,Nashville,2/5/2021 6:24:00 PM,2,0,0,36.049280,-86.651730,HICKORY HOLLOW LN,,,,0.00,Feet,,BELL RD,,,,0.00,Y,Four-Way, ,Intersection-Related,None,,,         ,Laura,Williams,Clear,Angle,no,no,no,no,no,False
102892961,METROPOLITAN NASHVILLE POLICE DEPT,20210071941,Davidson,Nashville,2/5/2021 6:17:00 PM,2,0,0,36.168380,-86.688330,LEBANON PKE,,,,109.00,Feet,West,BRILEY PKWYN,,,,0.00,N,Not at Intersection,N,Non-Junction,None,,,         ,Evan,Grace,Clear,Front to Rear,no,no,no,no,no,False
102892962,METROPOLITAN NASHVILLE POLICE DEPT,20210071713,Davidson,Not in City Limit,2/5/2021 3:36:00 PM,2,0,0,35.999450,-86.693430,NOLENSVILLE PKE,,,,0.00,,,CONCORD HILLS DR,,,,0.00,Y,T-Intersection, ,,None,,,         ,Robert,Higgins,,,no,no,no,no,no,False
102892965,METROPOLITAN NASHVILLE POLICE DEPT,20210071951,Davidson,Nashville,2/5/2021 5:40:00 PM,2,0,0,36.047550,-86.655930,BELL RD,,,,0.00,,,HICKORY HOLLOW PKWY,,,,0.00,Y,Four-Way,N,Intersection,None,,,         ,Nathaniel,Myers,Clear,"Sideswipe, Same Direction",no,no,no,no,no,False
102892976,METROPOLITAN NASHVILLE POLICE DEPT,20210071986,Davidson,Nashville,2/5/2021 6:25:00 PM,2,0,0,36.170420,-86.742220,SHELBY AV,,,,191.00,Feet,East,S 16TH ST,,,,0.00,N,Not at Intersection,N,Non-Junction,None,,,         ,Adam,Warren,Clear,"Sideswipe, Same Direction",no,no,no,no,yes,False
102892980,METROPOLITAN NASHVILLE POLICE DEPT,20210071956,Davidson,Nashville,2/5/2021 6:15:00 PM,2,0,0,36.151010,-86.796490,19TH AVS,,,,0.00,Feet,North,BROADWAY,,,,0.00,N,Not at Intersection, ,Non-Junction,None,,,         ,Steven,Meador,Clear,Angle,no,no,no,no,no,False
102892981,METROPOLITAN NASHVILLE POLICE DEPT,20210071632,Davidson,Antioch,2/5/2021 12:00:00 AM,2,0,0,36.070160,-86.598970,FORRESTAL WAY,,,,218.00,Feet,South,SEASONS DR,,,,0.00,N,Not at Intersection,N,Non-Junction,None,,,         ,Beri,Scott,Unknown,Unknown,no,no,no,no,yes,False
102892992,METROPOLITAN NASHVILLE POLICE DEPT,20210071759,Davidson,Not in City Limit,2/5/2021 4:15:00 PM,1,0,0,36.270190,-86.729890,N GRAYCROFT AVE,,,,186.00,Feet,North,WILLIAMS AVE,,,,0.00,N,Not at Intersection,N,Non-Junction,None,,,         ,Philip,Claibourne,Clear,Not Collision with Motor Vehicle in Transport,no,no,no,no,yes,False
102892999,METROPOLITAN NASHVILLE POLICE DEPT,20210071988,Davidson,Nashville,2/5/2021 6:30:00 PM,2,0,0,36.182040,-86.758660,N 9TH ST,,,,197.00,Feet,South,MANSFIELD ST,,,,0.00,N,Not at Intersection,N,Non-Junction,None,,,         ,Ty,Cummings,,"Sideswipe, Same Direction",no,no,no,no,yes,False
102893050,METROPOLITAN NASHVILLE POLICE DEPT,20210072087,Davidson,Nashville,2/5/2021 7:25:00 PM,2,0,0,36.142210,-86.666610,DONELSON PKE,,,,4.00,Feet,North,I40 W EXT RAMP,,,,0.00,N,Not at Intersection, ,Non-Junction,None,,,         ,Brandon,Chapman,Clear,"Sideswipe, Same Direction",no,no,no,no,yes,False
102893099,BERRY HILL POLICE DEPT,21-0370,Davidson,Berry Hill,2/5/2021 5:27:00 PM,2,2,0,36.124980,-86.776670,INVERNESS AV,,,,0.00,,,FRANKLIN PKE,,,,0.00,Y,T-Intersection,N,Non-Junction,None,,,         ,Yamil,Jimenez,Clear,Angle,no,no,no,no,no,False
102893119,METROPOLITAN NASHVILLE POLICE DEPT,20210071949,Davidson,Nashville,2/5/2021 7:37:00 PM,2,0,0,36.047130,-86.656480,BELL RD,,,,223.00,Feet,West,HICKORY HOLLOW PKWY,,,,0.00,N,Not at Intersection, ,Non-Junction,None,,,         ,Megan,Arnett,Clear,"Sideswipe, Same Direction",no,no,no,no,no,False
102893182,METROPOLITAN NASHVILLE POLICE DEPT,20210072171,Davidson,Not in City Limit,2/5/2021 8:27:00 PM,1,4,0,36.264060,-86.711570,GALLATIN PKEN,,,,99.00,Feet,North,OLD TIME VILLAGE PVTDR,,,,0.00,N,Not at Intersection,N,Non-Junction,None,,,         ,Christopher,Littles,Clear,Not Collision with Motor Vehicle in Transport,no,no,no,yes,no,False
102893194,METROPOLITAN NASHVILLE POLICE DEPT,20210072301,Davidson,Nashville,2/5/2021 8:45:00 PM,2,0,0,36.231600,-86.781520,EWING DR,,,,0.00,,,BRICK CHURCH PKE,,,,0.00,Y,Four-Way,N,Intersection-Related,None,,,         ,Kyle,Eicholtz,Clear,Angle,no,no,no,no,yes,False
102893213,METROPOLITAN NASHVILLE POLICE DEPT,20210072111,Davidson,Nashville,2/5/2021 8:00:00 PM,2,0,0,36.236120,-86.758170,DICKERSON PKE,,,,374.00,Feet,North,HOMESTEAD RD,,,,0.00,N,Not at Intersection, ,Non-Junction,None,,,         ,Cooper,HIll,,Angle,no,no,no,no,no,False
102893228,METROPOLITAN NASHVILLE POLICE DEPT,20210072199,Davidson,Nashville,2/5/2021 8:43:00 PM,2,1,0,36.204980,-86.821330,BUENA VISTA PKE,,,,145.00,Feet,North,TUCKER RD,,,,0.00,N,Not at Intersection,N,Non-Junction,None,,,         ,Jerica,Gladston,Clear,HeadOn,no,no,no,no,no,False
102893229,METROPOLITAN NASHVILLE POLICE DEPT,20210071928,Davidson,Nashville,2/5/2021 6:14:00 PM,2,3,0,36.143010,-86.651090,ELM HILL PKE,,,,0.00,,,NEILWORTH LN,,,,0.00,Y,T-Intersection,N,Non-Junction,None,,,         ,Nathaniel,Jones,Clear,HeadOn,no,no,no,no,no,False
102893231,METROPOLITAN NASHVILLE POLICE DEPT,20210072163,Davidson,Nashville,2/5/2021 8:25:00 PM,3,0,0,36.212260,-86.763670,GORDON TER,,,,381.00,Feet,East,DICKERSON PKE,,,,0.00,N,Not at Intersection,N,Non-Junction,None,,,         ,Justen,Ogle,,Angle,no,no,no,no,yes,False
102893244,METROPOLITAN NASHVILLE POLICE DEPT,20210072331,Davidson,Nashville,2/5/2021 9:30:00 PM,1,0,0,36.138690,-86.889320,I 40,,,,0.00,,,,,,,201.90,N,Not at Intersection, ,,None,,,         ,Robert,Crow,,,no,no,no,no,no,False
102893301,METROPOLITAN NASHVILLE POLICE DEPT,20210072329,Davidson,Nashville,2/5/2021 8:39:00 PM,2,0,0,36.094260,-86.653250,MURFREESBORO PKE,,,,72.00,Feet,South,FRANKLIN LIMESTONE RD,,,,0.00,N,Not at Intersection, ,Non-Junction,None,,,         ,Beri,Scott,Clear,Front to Rear,no,no,no,no,no,False
102893336,METROPOLITAN NASHVILLE POLICE DEPT,20210072403,Davidson,Nashville,2/5/2021 10:39:00 PM,1,1,0,36.131640,-86.801460,21ST AVS,,,,47.00,Feet,South,BERNARD AV,,,,0.00,N,Not at Intersection,N,Non-Junction,None,,,         ,Cory,Stratton,,Not Collision with Motor Vehicle in Transport,no,no,no,no,no,False
102893337,METROPOLITAN NASHVILLE POLICE DEPT,20210072160,Davidson,Nashville,2/5/2021 8:11:00 PM,2,0,0,36.172930,-86.765400,SPRING ST,,,,36.00,Feet,North,MAIN ST,,,,0.00,N,Not at Intersection, ,,None,,,         ,Kiana,Perry,,,no,no,no,no,no,False
102893360,METROPOLITAN NASHVILLE POLICE DEPT,20210072521,Davidson,Nashville,2/5/2021 11:29:00 PM,2,0,0,36.204210,-86.738170,GALLATIN PKE,,,,55.00,Feet,South,ZOPHI ST,,,,0.00,N,Not at Intersection, ,Non-Junction,None,,,         ,Dillon,Hunt,Clear,Front to Rear,no,no,no,no,no,False