master_record_number,agency,agency_tracking_number,county,city,collision_date,vehicles_involved,number_injured,number_dead,latitude,longitude,roadway_name,roadway_suffix,roadway_number,roadway_local_id,distance_from_reference,miles-feet_indicator,direction_from_reference,intersection_road_name,intersection_road_name_suffix,intersection_road_number,intersection_local_id,mile_marker,intersection_indicator,intersect_type,interchange_related_indicator,relation_to_junction,work_zone_type,construction_maintenance_zone,construction_maintenance_zone_location,fatal_case_number,officer_first_name,officer_last_name,weather_condition(s),manner_of_crash,pedestrian,bicycle,scooter,parking,hitrun,mou
102898987,METROPOLITAN NASHVILLE POLICE DEPT,20210086894,Davidson,Nashville,2/12/2021 12:53:00 PM,2,0,0,36.071300,-86.636390,BELL RD,,,,214.00,Feet,South,MURFREESBORO PKE,,,,0.00,N,Not at Intersection, ,Non-Junction,None,,,         ,Marcus,Darden,Clear,Other,no,no,no,no,no,False
102898989,METROPOLITAN NASHVILLE POLICE DEPT,20210086979,Davidson,Nashville,2/12/2021 2:08:00 PM,2,0,0,36.182080,-86.775010,I 24,,,,0.00,,,,,,,47.45,N,Not at Intersection,N,Entrance/Exit Ramp Related,None,,,         ,Joshua,Reece,Clear,Angle,no,no,no,no,yes,False
102898992,METROPOLITAN NASHVILLE POLICE DEPT,20210086949,Davidson,Nashville,2/12/2021 1:44:00 PM,2,0,0,36.231510,-86.792450,GWYNNWOOD DR,,,,0.00,,,EWING DR,,,,0.00,Y,Four-Way, ,Non-Junction,None,,,         ,James,Wray,Cloudy,Angle,no,no,no,no,no,False
102899024,VANDERBILT UNIVERSITY POLICE,20210085169,Davidson,Nashville,2/11/2021 7:12:00 PM,1,0,0,36.106760,-86.764240,POWELL AVE,,,,0.00,,,,,,,0.00,,Not at Intersection, ,Non-Junction,None,,,         ,Garrett,Bennett,Cloudy,Not Collision with Motor Vehicle in Transport,no,no,no,yes,no,OHO
102899048,METROPOLITAN NASHVILLE POLICE DEPT,20210087022,Davidson,Not in City Limit,2/12/2021 2:00:00 PM,2,0,0,36.264080,-86.711560,GALLATIN PKEN,,,,76.00,Feet,South,OLD TIME VILLAGE PVTDR,,,,0.00,N,Not at Intersection, ,Non-Junction,None,,,         ,Derek,Sibley,Cloudy,"Sideswipe, Same Direction",no,no,no,no,no,False
102899052,METROPOLITAN NASHVILLE POLICE DEPT,20210087091,Davidson,Nashville,2/12/2021 12:00:00 AM,2,0,0,36.145460,-86.659210,ELM HILL PKE,,,,0.00,,,COLFAX DR,,,,0.00,Y,T-Intersection, ,Intersection-Related,None,,,         ,Adam,Gartner,Cloudy,Front to Rear,no,no,no,no,no,False
102899069,METROPOLITAN NASHVILLE POLICE DEPT,20210086935,Davidson,Nashville,2/12/2021 12:50:00 PM,2,0,0,36.236550,-86.758080,DICKERSON PKE,,,,3.00,Feet,North,I65 N ENT RAMP,,,,0.00,N,Not at Intersection, ,Entrance/Exit Ramp Related,None,,,         ,Ciara,Doherty,Cloudy,Front to Rear,no,no,no,no,no,False
102899070,METROPOLITAN NASHVILLE POLICE DEPT,20210087114,Davidson,Nashville,2/12/2021 3:05:00 PM,2,0,0,36.086870,-86.693740,HARDING PL,,,,494.00,Feet,West,ANTIOCH PKE,,,,0.00,N,Not at Intersection,N,Non-Junction,None,,,         ,Robert,Higgins,Clear,Angle,no,no,no,no,yes,False
102899103,METROPOLITAN NASHVILLE POLICE DEPT,20210086994,Davidson,Nashville,2/12/2021 2:30:00 PM,1,0,0,36.208730,-86.825890,HARTMAN PARK PVTDR,,,,726.00,Feet,South,WHITES CREEK GRNWY,,,,0.00,N,Not at Intersection, ,Non-Junction,None,,,         ,Cressie,Prill,Cloudy,Not Collision with Motor Vehicle in Transport,no,no,no,yes,no,False
102899111,METROPOLITAN NASHVILLE POLICE DEPT,20210086970,Davidson,Nashville,2/12/2021 1:54:00 PM,2,0,0,36.154330,-86.743300,LEBANON PKE,,,,1.00,Feet,West,FESSLERS LN,,,,0.00,N,Not at Intersection, ,Non-Junction,None,,,         ,Brandon,Chapman,Cloudy,Front to Rear,no,no,no,no,yes,False
102899112,METROPOLITAN NASHVILLE POLICE DEPT,20210087111,Davidson,Nashville,2/12/2021 3:22:00 PM,2,0,0,36.193460,-86.753280,ELLINGTON PKWY S EXT RAMP,,,,0.00,,,DOUGLAS AV,,,,0.00,Y,Four-Way,N,Intersection,None,,,         ,Zachary,Aldrich,Cloudy,Angle,no,no,no,no,yes,False
102899116,METROPOLITAN NASHVILLE POLICE DEPT,20210087050,Davidson,Madison,2/12/2021 3:00:00 PM,2,0,0,36.264190,-86.734900,OLD HICKORY BLVDW,,,,0.00,,,BOYDS HILLTOP DR,,,,0.00,,Not at Intersection, ,Non-Junction,None,,,         ,Austin,Bowles,Cloudy,Front to Rear,no,no,no,no,no,False
102899131,METROPOLITAN NASHVILLE POLICE DEPT,20210087018,Davidson,Nashville,2/12/2021 2:25:00 PM,2,0,0,36.043300,-86.842250,KINGSBURY DR,,,,110.00,Feet,North,OLD HICKORY BLVD,,,,0.00,N,Not at Intersection, ,Non-Junction,None,,,         ,Savannah,Starbuck,Cloudy,Front to Rear,no,no,no,no,no,False
102899133,METROPOLITAN NASHVILLE POLICE DEPT,20210087133,Davidson,Nashville,2/9/2021 12:00:00 AM,2,0,0,36.205130,-86.771210,LUCAS LN,,,,346.00,Feet,South,W TRINITY LN,,,,0.00,N,Not at Intersection,N,Non-Junction,None,,,         ,Justen,Ogle,Unknown,Angle,no,no,no,yes,yes,False
102899139,METROPOLITAN NASHVILLE POLICE DEPT,20210087157,Davidson,Nashville,2/12/2021 12:00:00 AM,2,1,0,36.038030,-86.784520,I65 S EXT RAMP,,,,0.00,Feet,East,OLD HICKORY BLVD,,,,0.00,N,Not at Intersection,N,Entrance/Exit Ramp Related,None,,,         ,Darci,Stechman,Cloudy,Front to Rear,no,no,no,no,no,False
102899151,METROPOLITAN NASHVILLE POLICE DEPT,20210087282,Davidson,Nashville,2/12/2021 4:40:00 PM,2,0,0,36.172320,-86.795200,JEFFERSON ST,,,,119.00,Feet,West,10TH AVN,,,,0.00,N,Not at Intersection,N,Non-Junction,None,,,         ,Eric,McCoy,Cloudy,"Sideswipe, Same Direction",no,no,no,no,yes,False
102899159,METROPOLITAN NASHVILLE POLICE DEPT,20210087070,Davidson,Nashville,2/12/2021 3:13:00 PM,2,0,0,36.171650,-86.768430,JAMES ROBERTSON PKWY,,,,171.00,Feet,West,INTERSTATE DR,,,,0.00,N,Not at Intersection, ,Non-Junction,None,,,         ,Joshua,Reece,Clear,Front to Rear,no,no,no,no,no,False
102899180,METROPOLITAN NASHVILLE POLICE DEPT,20210087167,Davidson,Nashville,2/12/2021 3:59:00 PM,2,2,0,36.191870,-86.793420,VANTAGE WAY,,,,837.00,Feet,West,GREAT CIRCLE RD,,,,0.00,N,Not at Intersection,N,Non-Junction,None,,,         ,Jonathan,Sharp,Cloudy,Angle,no,no,no,no,no,False
102899195,METROPOLITAN NASHVILLE POLICE DEPT,20210087284,Davidson,Nashville,2/12/2021 5:01:00 PM,2,0,0,36.145330,-86.740930,I 40,,,,0.00,,,,,,,212.25,N,Not at Intersection,N,Non-Junction,None,,,         ,Brandon,Chapman,Cloudy,Front to Rear,no,no,no,no,no,False
102899197,METROPOLITAN NASHVILLE POLICE DEPT,2021-0087359,Davidson,Nashville,2/12/2021 5:15:00 PM,2,0,0,36.070300,-86.684540,ANTIOCH PKE,,,,3.00,Feet,North,HAYWOOD LN,,,,0.00,N,Not at Intersection,N,Non-Junction,None,,,         ,Wayne,Helm,Clear,Front to Rear,no,no,no,no,yes,False
102899198,METROPOLITAN NASHVILLE POLICE DEPT,20210087401,Davidson,Nashville,2/12/2021 4:38:00 PM,2,0,0,36.156780,-86.778840,6TH AVS,,,,0.00,,,,,,,0.00,,Not at Intersection, ,Non-Junction,None,,,         ,Jared,Dick,Other,Unknown,no,no,no,yes,yes,False
102899207,METROPOLITAN NASHVILLE POLICE DEPT,20210087308,Davidson,Not in City Limit,2/12/2021 5:08:00 PM,2,1,0,36.077380,-86.946890,HIGHWAY 70S,,,,78.00,Feet,East,BELLEVUE CTR PVTDR,,,,0.00,N,Not at Intersection,N,Non-Junction,None,,,         ,Terence,Mitchell,Clear,Front to Rear,no,no,no,yes,yes,False
102899211,METROPOLITAN NASHVILLE POLICE DEPT,20210087314,Davidson,Nashville,2/12/2021 5:13:00 PM,4,0,0,36.101070,-86.663170,MURFREESBORO PKE,,,,728.00,Feet,North,LADYBIRD DR,,,,0.00,N,Not at Intersection,N,Non-Junction,None,,,         ,Andrew,Brazee,Clear,Front to Rear,no,no,no,no,no,False
102899215,METROPOLITAN NASHVILLE POLICE DEPT,20210087500,Davidson,Nashville,2/12/2021 6:20:00 PM,2,0,0,36.115490,-86.747490,WHITSETT RD,,,,15.00,Feet,East,NOLENSVILLE PKE,,,,0.00,N,Not at Intersection,N,Non-Junction,None,,,         ,John,Walden,Clear,Angle,no,no,no,no,yes,False
102899223,METROPOLITAN NASHVILLE POLICE DEPT,20210087420,Davidson,Nashville,2/12/2021 5:50:00 PM,2,0,0,36.077060,-86.736640,HARDING PL,,,,0.00,,,SHADESCREST DR,,,,0.00,Y,Four-Way, ,Intersection,None,,,         ,Jacob,Robbins,Cloudy,HeadOn,no,no,no,no,no,False
102899238,METROPOLITAN NASHVILLE POLICE DEPT,20210087221,Davidson,Nashville,2/12/2021 4:19:00 PM,2,0,0,36.041000,-86.782320,I 65,,,,0.00,,,,,,,74.75,N,Not at Intersection, ,Non-Junction,None,,,         ,Steven,Powers,Cloudy,Front to Rear,no,no,no,no,no,False
102899239,METROPOLITAN NASHVILLE POLICE DEPT,20210087381,Davidson,Nashville,2/12/2021 5:36:00 PM,2,1,0,36.041000,-86.782320,I 65,,,,0.00,,,,,,,74.75,N,Not at Intersection,N,Non-Junction,None,,,         ,Steven,Powers,Cloudy,Front to Rear,no,no,no,no,no,False
102899241,METROPOLITAN NASHVILLE POLICE DEPT,20210087230,Davidson,Nashville,2/12/2021 4:35:00 PM,2,1,0,36.124280,-86.738670,I 440,,,,0.00,,,,,,,6.90,N,Not at Intersection,N,Non-Junction,None,,,         ,Robert,Higgins,Clear,Front to Rear,no,no,no,no,no,False
102899242,METROPOLITAN NASHVILLE POLICE DEPT,20210087503,Davidson,Nashville,2/12/2021 6:23:00 PM,2,0,0,36.075410,-86.693650,I 24,,,,0.00,,,,,,,56.50,N,Not at Intersection,N,Non-Junction,None,,,         ,Robert,Higgins,Clear,Angle,no,no,no,no,no,False
102899243,METROPOLITAN NASHVILLE POLICE DEPT,20210087618,Davidson,Nashville,2/12/2021 6:56:00 PM,2,0,0,36.068840,-86.689040,I 24,,,,0.00,,,,,,,57.05,N,Not at Intersection,N,Non-Junction,None,,,         ,Robert,Higgins,Clear,Front to Rear,no,no,no,no,yes,False
102899248,METROPOLITAN NASHVILLE POLICE DEPT,20210087489,Davidson,Nashville,2/12/2021 6:19:00 PM,4,2,0,36.046860,-86.661910,I 24,,,,0.00,,,,,,,59.20,N,Not at Intersection,N,Non-Junction,None,,,         ,Nadine,Klemenz,Clear,Front to Rear,no,no,no,no,no,False
102899250,METROPOLITAN NASHVILLE POLICE DEPT,20210087524,Davidson,Nashville,2/12/2021 12:00:00 AM,3,0,0,36.171850,-86.767890,I24 W EXT RAMP,,,,0.00,,,I 24,,,,0.00,Y,Four-Way,N,Non-Junction,None,,,         ,Maccio,Hightower,,Front to Rear,no,no,no,no,no,False
102899256,METROPOLITAN NASHVILLE POLICE DEPT,20210087436,Davidson,Nashville,2/12/2021 5:55:00 PM,2,0,0,36.236650,-86.724480,GALLATIN PKES,,,,0.00,,,GALLATIN PKE NB EXT RAMP,,,,0.00,Y,OTHER,Y,Entrance/Exit Ramp Related,None,,,         ,Forrest,Punke,Clear,"Sideswipe, Same Direction",no,no,no,no,no,False
102899264,METROPOLITAN NASHVILLE POLICE DEPT,20210087536,Davidson,Nashville,2/12/2021 6:30:00 PM,2,0,0,36.204900,-86.724500,RIVERSIDE DR,,,,51.00,Feet,North,MCGAVOCK PKE,,,,0.00,N,Not at Intersection, ,Non-Junction,None,,,         ,Ciara,Doherty,,Front to Rear,no,no,no,no,no,False
102899265,METROPOLITAN NASHVILLE POLICE DEPT,20210087667,Davidson,Nashville,2/12/2021 7:07:00 PM,2,0,0,36.168570,-86.813370,JEFFERSON ST,,,,1.00,Feet,West,I40 E EXT RAMP,,,,0.00,N,Not at Intersection, ,Non-Junction,None,,,         ,Lucas,Thomas,Clear,Front to Rear,no,no,no,no,no,False
102899273,METROPOLITAN NASHVILLE POLICE DEPT,20210087110,Davidson,Nashville,2/12/2021 3:20:00 PM,2,0,0,36.042470,-86.830480,OLD HICKORY BLVD,,,,369.00,Feet,East,BRIDLEWOOD LN,,,,0.00,N,Not at Intersection,N,Non-Junction,None,,,         ,Savannah,Starbuck,Cloudy,Front to Rear,no,no,no,no,no,False
102899286,METROPOLITAN NASHVILLE POLICE DEPT,20210087570,Davidson,Nashville,2/12/2021 6:04:00 PM,1,1,0,36.064100,-86.734080,VALLEYWOOD DR,,,,327.00,Feet,East,WESTCREST DR,,,,0.00,N,Not at Intersection,N,Non-Junction,None,,,         ,Brady,Reynolds,,Not Collision with Motor Vehicle in Transport,no,no,no,no,no,False
102899288,METROPOLITAN NASHVILLE POLICE DEPT,20210087828,Davidson,Nashville,2/12/2021 8:30:00 PM,1,0,0,36.152240,-86.857810,I 40,,,,0.00,,,,,,,204.00,N,Not at Intersection, ,Non-Junction,None,,,         ,Ryan,Papp,Cloudy,Not Collision with Motor Vehicle in Transport,no,no,no,no,no,False
102899292,METROPOLITAN NASHVILLE POLICE DEPT,20210087342,Davidson,Nashville,2/12/2021 12:00:00 AM,3,0,0,36.115890,-86.796740,I 440,,,,0.00,,,,,,,3.60,N,Not at Intersection,N,Non-Junction,None,,,         ,Darci,Stechman,Cloudy,Front to Rear,no,no,no,no,no,False
102899302,METROPOLITAN NASHVILLE POLICE DEPT,20210087079,Davidson,Not in City Limit,2/12/2021 3:15:00 PM,2,0,0,36.030180,-86.996870,HIGHWAY 100,,,,110.00,Feet,East,OLD HARDING PKE,,,,0.00,N,Not at Intersection, ,Non-Junction,None,,,         ,Michael,Sipos,Cloudy,Front to Rear,no,no,no,no,no,False
102899304,METROPOLITAN NASHVILLE POLICE DEPT,20210087242,Davidson,Nashville,2/12/2021 4:29:00 PM,2,0,0,36.053390,-86.775160,I 65,,,,0.00,,,,,,,74.75,N,Not at Intersection, ,Non-Junction,None,,,         ,Austin,Roemeling,Cloudy,Front to Rear,no,no,no,no,no,False
102899330,METROPOLITAN NASHVILLE POLICE DEPT,20210087704,Davidson,Nashville,2/12/2021 7:46:00 PM,2,2,0,36.139550,-86.724950,I40 E ENT RAMP,,,,0.00,Feet,East,I 40,,,,0.00,N,Not at Intersection,Y,Entrance/Exit Ramp Related,None,,,         ,Rami,Rouhi,Clear,Front to Rear,no,no,no,no,no,False
102899336,METROPOLITAN NASHVILLE POLICE DEPT,20210087661,Davidson,Nashville,2/12/2021 7:08:00 PM,1,0,0,36.173250,-86.804300,KNOWLES ST,,,,133.00,Feet,West,16TH AVN,,,,0.00,N,Not at Intersection,N,Non-Junction,None,,,         ,Eric,McCoy,Cloudy,Not Collision with Motor Vehicle in Transport,no,no,no,no,yes,False
102899337,METROPOLITAN NASHVILLE POLICE DEPT,20210087653,Davidson,Nashville,2/12/2021 7:29:00 PM,2,0,0,36.176930,-86.775880,SPRING ST,,,,89.00,Feet,East,COWAN ST,,,,0.00,N,Not at Intersection, ,Non-Junction,None,,,         ,Seth,Quiles,,Angle,no,no,no,no,no,False
102899346,METROPOLITAN NASHVILLE POLICE DEPT,20210087753,Davidson,Nashville,2/12/2021 7:58:00 PM,2,2,0,36.191200,-86.787840,I 65,,,,0.00,,,,,,,85.90,N,Not at Intersection,N,Non-Junction,None,,,         ,Eric,Jackson,Cloudy,Front to Rear,no,no,no,no,no,False
102899347,METROPOLITAN NASHVILLE POLICE DEPT,20210087762,Davidson,Nashville,2/12/2021 8:07:00 PM,2,0,0,36.125750,-86.709900,MURFREESBORO PKE,,,,44.00,Feet,West,BOWWOOD CT,,,,0.00,N,Not at Intersection, ,Non-Junction,None,,,         ,Taylor,Blackwelder,Clear,Front to Rear,no,no,no,no,no,False
102899383,METROPOLITAN NASHVILLE POLICE DEPT,20210087825,Davidson,Nashville,2/12/2021 12:00:00 AM,2,0,0,36.106080,-86.815220,ABBOTT MARTIN RD,,,,231.00,Feet,East,BANDYWOOD DR,,,,0.00,N,Not at Intersection,N,Non-Junction,None,,,         ,Maria,Reynolds,Clear,"Sideswipe, Same Direction",no,no,no,no,no,False
102899391,METROPOLITAN NASHVILLE POLICE DEPT,20210087376,Davidson,Nashville,2/12/2021 4:29:00 PM,2,0,0,36.061770,-86.771870,I 65,,,,0.00,,,,,,,75.40,N,Not at Intersection,N,Non-Junction,None,,,         ,William,King,Clear,Front to Rear,no,no,no,no,no,False
102899392,METROPOLITAN NASHVILLE POLICE DEPT,20210087243,Davidson,Nashville,2/12/2021 4:37:00 PM,2,0,0,36.061770,-86.771870,I 65,,,,0.00,,,,,,,75.40,N,Not at Intersection, ,,None,,,         ,William,King,,,no,no,no,no,no,False
102899393,METROPOLITAN NASHVILLE POLICE DEPT,20210087929,Davidson,Nashville,2/12/2021 8:50:00 PM,2,0,0,36.045220,-86.716580,OLD HICKORY BLVD,,,,135.00,Feet,East,HICKORY PLZ,,,,0.00,N,Not at Intersection, ,Non-Junction,None,,,         ,Steven,Powers,Cloudy,Angle,no,no,no,no,no,False
102899394,METROPOLITAN NASHVILLE POLICE DEPT,20210087552,Davidson,Nashville,2/12/2021 6:42:00 PM,2,0,0,36.143640,-86.700700,I40 E EXT RAMP,,,,0.00,Feet,East,I 40,,,,0.00,N,Not at Intersection, ,,None,,,         ,Rami,Rouhi,,,no,no,no,no,no,False
102899410,THP District 3 - Nashville,321009583,Davidson,Nashville,2/11/2021 3:47:00 PM,2,0,0,36.247440,-86.743320,I 65,,,,0.00,,,,,,,91.00,N,Not at Intersection, ,Non-Junction,None,,,         ,Robert,Sibal,Cloudy,"Sideswipe, Same Direction",no,no,no,no,yes,False
102899441,METROPOLITAN NASHVILLE POLICE DEPT,20210088034,Davidson,Nashville,2/12/2021 9:55:00 PM,2,0,0,36.155040,-86.797520,CHURCH ST,,,,0.00,,,18TH AVN,,,,0.00,Y,Four-Way, ,Intersection,None,,,         ,John,Kelley,,Angle,no,no,no,no,no,False
102899455,METROPOLITAN NASHVILLE POLICE DEPT,20210088100,Davidson,Nashville,2/12/2021 10:41:00 PM,2,0,0,36.045620,-86.658500,I24 W ENT RAMP,,,,0.00,,,I 24,,,,0.00,Y,Four-Way,Y,Intersection,None,,,         ,Nathaniel,Myers,Rain,Angle,no,no,no,no,no,False
102899465,METROPOLITAN NASHVILLE POLICE DEPT,20210087483,Davidson,Nashville,2/12/2021 12:00:00 AM,2,0,0,36.186080,-86.633740,LEBANON PKE,,,,165.00,Feet,East,STONES RIVER GRNWY,,,,0.00,N,Not at Intersection,N,Non-Junction,None,,,         ,Adam,Gartner,Cloudy,Front to Rear,no,no,no,no,no,False
102899504,METROPOLITAN NASHVILLE POLICE DEPT,20210088123,Davidson,Nashville,2/12/2021 9:50:00 PM,4,0,0,36.198160,-86.734190,CHASE ST,,,,338.00,Feet,South,OTAY ST,,,,0.00,N,Not at Intersection,N,Non-Junction,None,,,         ,Dillon,Hunt,,Angle,no,no,no,no,yes,False
102899522,METROPOLITAN NASHVILLE POLICE DEPT,20210088115,Davidson,Nashville,2/12/2021 10:40:00 PM,2,0,0,36.089800,-86.688210,HARDING PL,,,,119.00,Feet,East,EZELL PKE,,,,0.00,N,Not at Intersection,N,Non-Junction,None,,,         ,John,Braun,,Front to Rear,no,no,no,no,yes,False
102899541,METROPOLITAN NASHVILLE POLICE DEPT,20210088194,Davidson,Nashville,2/12/2021 11:20:00 PM,2,0,0,36.045240,-86.660000,I24 E EXT RAMP,,,,0.00,Feet,East,I 24,,,,0.00,N,Not at Intersection, ,,None,,,         ,Kurt,Lewton,,,no,no,no,no,no,False
102899561,METROPOLITAN NASHVILLE POLICE DEPT,20210088256,Davidson,Nashville,2/12/2021 12:00:00 AM,2,0,0,36.151500,-86.875250,WESTBORO DR,,,,0.00,,,THUNDERBIRD DR,,,,0.00,Y,T-Intersection,N,Intersection,None,,,         ,John,Robish,Rain,Angle,no,no,no,no,yes,False
102899564,METROPOLITAN NASHVILLE POLICE DEPT,20210088283,Davidson,Nashville,2/13/2021 12:13:00 AM,3,1,0,36.195060,-86.775570,I 65,,,,0.00,,,,,,,86.50,N,Not at Intersection,N,Non-Junction,None,,,         ,Matthew,Jankiewicz,Clear,Front to Rear,no,no,no,no,no,False
102899573,METROPOLITAN NASHVILLE POLICE DEPT,20210088076,Davidson,Nashville,2/12/2021 10:15:00 PM,2,2,0,36.154390,-86.786060,12TH AVS,,,,86.00,Feet,South,DEMONBREUN ST,,,,0.00,N,Not at Intersection,N,Non-Junction,None,,,         ,Roy,Sain Jr.,Clear,Angle,no,no,no,no,yes,False
102899575,METROPOLITAN NASHVILLE POLICE DEPT,20210088431,Davidson,Nashville,2/13/2021 1:26:00 AM,2,0,0,36.133090,-86.720930,MURFREESBORO PKE,,,,0.00,,,PAVILION BLVD,,,,0.00,Y,T-Intersection,N,Intersection,None,,,         ,Benny,Pittman,Clear,Front to Rear,no,no,no,no,no,False
102899576,METROPOLITAN NASHVILLE POLICE DEPT,20210088340,Davidson,Nashville,2/13/2021 12:25:00 AM,2,0,0,36.150580,-86.637330,I 40,,,,0.00,,,,,,,218.45,N,Not at Intersection,Y,Entrance/Exit Ramp Related,None,,,         ,Bridget,Griepentrog,"Cloudy, Fog",Front to Rear,no,no,no,no,no,False
102899587,METROPOLITAN NASHVILLE POLICE DEPT,20210088513,Davidson,Not in City Limit,2/13/2021 2:10:00 AM,1,0,0,36.138220,-86.950350,RIVER ROAD PKE,,,,1582.00,Feet,East,INDIAN CREEK RD,,,,0.00,N,Not at Intersection,N,Non-Junction,None,,,         ,Billy,Price,Rain,Not Collision with Motor Vehicle in Transport,no,no,no,no,yes,False
102899588,METROPOLITAN NASHVILLE POLICE DEPT,20210088121,Davidson,Nashville,2/12/2021 10:48:00 PM,1,1,0,36.125740,-86.904840,I 40,,,,0.00,,,,,,,200.60,N,Not at Intersection,N,Non-Junction,None,,,         ,David,Moser,Other,Not Collision with Motor Vehicle in Transport,no,no,no,no,no,False
102899600,METROPOLITAN NASHVILLE POLICE DEPT,20210088395,Davidson,Nashville,2/13/2021 1:05:00 AM,2,2,0,36.090330,-86.626500,SMITH SPRINGS RD,,,,0.00,Feet,,BELL RD,,,,0.00,Y,Four-Way,N,Intersection,None,,,         ,Mario,Diaz,Clear,Angle,no,no,no,no,yes,False
102899625,METROPOLITAN NASHVILLE POLICE DEPT,20210088004,Davidson,Nashville,2/12/2021 6:25:00 PM,1,0,0,36.074000,-86.624880,ANDERSON RD,,,,8.00,Feet,West,CREEKVIEW DR,,,,0.00,N,Not at Intersection,N,Non-Junction,None,,,         ,Steven,Luckey,Clear,Not Collision with Motor Vehicle in Transport,no,no,no,no,no,False
102899632,METROPOLITAN NASHVILLE POLICE DEPT,20210088760,Davidson,Nashville,2/13/2021 5:01:00 AM,1,0,0,36.162450,-86.760980,I 24,,,,0.00,,,,,,,49.30,N,Not at Intersection,N,Non-Junction,None,,,         ,Emmanuel,Berger,,Not Collision with Motor Vehicle in Transport,no,no,no,no,no,False
102899682,METROPOLITAN NASHVILLE POLICE DEPT,20210088889,Davidson,Nashville,2/13/2021 7:35:00 AM,1,0,0,36.169960,-86.606450,I40 E EXT RAMP,,,,0.00,Feet,East,I 40,,,,0.00,N,Not at Intersection,Y,Entrance/Exit Ramp Related,None,,,         ,Ian,Hammond,,Not Collision with Motor Vehicle in Transport,no,no,no,no,no,False
102899717,METROPOLITAN NASHVILLE POLICE DEPT,20210088931,Davidson,Nashville,2/13/2021 8:10:00 AM,1,0,0,36.156690,-86.825940,I440 W EXT RAMP,,,,0.00,,,I 40,,,,0.00,Y,OTHER,N,OtherLocation,None,,,         ,Michael,Pyle,Cloudy,Not Collision with Motor Vehicle in Transport,no,no,no,no,yes,False
102899726,METROPOLITAN NASHVILLE POLICE DEPT,20210088960,Davidson,Not in City Limit,2/13/2021 8:16:00 AM,1,0,0,36.021340,-86.628500,I 24,,,,0.00,,,,,,,61.90,N,Not at Intersection,N,Non-Junction,None,,,         ,Marcus,Darden,Clear,Not Collision with Motor Vehicle in Transport,no,no,no,no,no,False
102899768,METROPOLITAN NASHVILLE POLICE DEPT,20210089055,Davidson,Nashville,2/13/2021 10:13:00 AM,2,0,0,36.044380,-86.661540,TARGET DR,,,,0.00,,,CANE RIDGE RD,,,,0.00,Y,T-Intersection, ,Intersection-Related,None,,,         ,Joshua,Belk,Cloudy,Angle,no,no,no,no,no,False
102899781,METROPOLITAN NASHVILLE POLICE DEPT,20210089152,Davidson,Not in City Limit,2/13/2021 11:39:00 AM,2,0,0,36.264190,-86.735320,I65 N EXT RAMP,,,,0.00,,,OLD HICKORY BLVDW,,,,0.00,Y,T-Intersection, ,Entrance/Exit Ramp Related,None,,,         ,Joshua,Goepper,Cloudy,Front to Rear,no,no,no,no,no,False
102899782,METROPOLITAN NASHVILLE POLICE DEPT,20210089075,Davidson,Nashville,2/13/2021 10:30:00 AM,2,0,0,36.070070,-86.698790,EAST RIDGE DR,,,,14.00,Feet,North,HAYWOOD LN,,,,0.00,N,Not at Intersection, ,Non-Junction,None,,,         ,Gerald,Gomes,"Cloudy, Fog",Angle,no,no,no,no,no,False
102899784,METROPOLITAN NASHVILLE POLICE DEPT,20210089134,Davidson,Nashville,2/13/2021 11:25:00 AM,2,0,0,36.202220,-86.617320,SWEDEN DR,,,,108.00,Feet,West,LEBANON PKE,,,,0.00,N,Not at Intersection, ,,None,,,         ,Rex,Engelbert,,,no,no,no,no,no,False
102899792,METROPOLITAN NASHVILLE POLICE DEPT,20210089166,Davidson,Nashville,2/13/2021 11:47:00 AM,2,0,0,36.186590,-86.804070,9TH AVN,,,,5.00,Feet,South,DOMINICAN DR,,,,0.00,N,Not at Intersection,Y,Non-Junction,None,,,         ,Jordan,Vrbas,Cloudy,Angle,no,no,no,no,yes,False
102899799,METROPOLITAN NASHVILLE POLICE DEPT,20210089040,Davidson,Nashville,2/13/2021 9:10:00 AM,2,2,0,36.063430,-86.701460,PACKARD DR,,,,0.00,,,CREEKSIDE DR,,,,0.00,Y,Four-Way,N,Intersection,None,,,         ,Tyler,Heckaman,,Angle,no,no,no,no,no,False
102899805,METROPOLITAN NASHVILLE POLICE DEPT,20210089108,Davidson,Antioch,2/13/2021 10:49:00 AM,2,0,0,36.004920,-86.622620,OLD HICKORY BLVD,,,,236.00,Feet,West,BURKITT RD,,,,0.00,N,Not at Intersection, ,Non-Junction,None,,,         ,Sandra,Fly,Cloudy,Front to Rear,no,no,no,no,no,False
102899807,THP District 3 - Nashville,321010121,Davidson,Not in City Limit,2/13/2021 9:30:00 AM,1,0,0,36.342570,-86.871730,WHITES CREEK PKE,,,,1837.00,Feet,South,GREENBRIER RD,,,,0.00,N,Not at Intersection,N,Non-Junction,None,,,         ,Tess,Hatcher,Cloudy,Not Collision with Motor Vehicle in Transport,no,no,no,no,no,False
102899820,METROPOLITAN NASHVILLE POLICE DEPT,20210089005,Davidson,Nashville,2/13/2021 9:13:00 AM,3,0,0,36.057240,-86.677030,I 24,,,,0.00,,,,,,,58.10,N,Not at Intersection, ,Non-Junction,None,,,         ,Ryan,Howard,,Front to Rear,no,no,no,no,no,False