master_record_number,agency,agency_tracking_number,county,city,collision_date,vehicles_involved,number_injured,number_dead,latitude,longitude,roadway_name,roadway_suffix,roadway_number,roadway_local_id,distance_from_reference,miles-feet_indicator,direction_from_reference,intersection_road_name,intersection_road_name_suffix,intersection_road_number,intersection_local_id,mile_marker,intersection_indicator,intersect_type,interchange_related_indicator,relation_to_junction,work_zone_type,construction_maintenance_zone,construction_maintenance_zone_location,fatal_case_number,officer_first_name,officer_last_name,weather_condition(s),manner_of_crash,pedestrian,bicycle,scooter,parking,hitrun,mou
102901912,METROPOLITAN NASHVILLE POLICE DEPT,20210094622,Davidson,Nashville,2/16/2021 12:01:00 PM,1,0,0,36.224030,-86.746340,ELLINGTON PKWYS,,,,593.00,Feet,South,ELLINGTON PKWYN,,,,0.00,N,Not at Intersection, ,Non-Junction,None,,,         ,Jarret,Sonnenberg,Snow,Not Collision with Motor Vehicle in Transport,no,no,no,no,no,False
102901913,METROPOLITAN NASHVILLE POLICE DEPT,20210094644,Davidson,Nashville,2/16/2021 12:20:00 PM,1,0,0,36.167260,-86.820610,28TH AVN,,,,198.00,Feet,South,JEFFERSON ST,,,,0.00,N,Not at Intersection,N,Non-Junction,None,,,         ,Jordan,Vrbas,,Not Collision with Motor Vehicle in Transport,no,no,no,yes,yes,False
102901918,METROPOLITAN NASHVILLE POLICE DEPT,20210094578,Davidson,Nashville,2/16/2021 11:17:00 AM,2,0,0,36.044600,-86.780130,I 65,,,,0.00,,,,,,,75.00,N,Not at Intersection,Y,Entrance/Exit Ramp Related,None,,,         ,Earl,Davis,"Cloudy, Snow","Sideswipe, Same Direction",no,no,no,no,no,False
102901942,METROPOLITAN NASHVILLE POLICE DEPT,20210094664,Davidson,Nashville,2/16/2021 12:00:00 AM,1,1,0,36.152800,-86.765850,I 40,,,,0.00,,,,,,,210.65,N,Not at Intersection,N,Non-Junction,None,,,         ,James,Thornton,Snow,Not Collision with Motor Vehicle in Transport,no,no,no,no,no,False
102901949,METROPOLITAN NASHVILLE POLICE DEPT,20210094663,Davidson,Nashville,2/16/2021 12:00:00 AM,3,0,0,36.081450,-86.663380,PICCADILLY ROW,,,,0.00,,,WOBURN WAY,,,,0.00,Y,T-Intersection,N,Non-Junction,None,,,         ,Joe,Hooper,Snow,"Sideswipe, Opposite Direction",no,no,no,no,yes,False
102901978,METROPOLITAN NASHVILLE POLICE DEPT,20210094740,Davidson,Nashville,2/16/2021 12:00:00 AM,2,0,0,36.078470,-86.767390,LAMBERT DR,,,,589.00,Feet,North,BRINDLEY DR,,,,0.00,N,Not at Intersection,N,Non-Junction,Unknown,,,         ,Earl,Davis,Unknown,Unknown,no,no,no,no,yes,False
102901996,METROPOLITAN NASHVILLE POLICE DEPT,20210094746,Davidson,Nashville,2/16/2021 1:15:00 PM,2,0,0,36.216630,-86.775040,I 65,,,,0.00,,,,,,,88.05,N,Not at Intersection, ,,None,,,         ,Matthew,Herod,,,no,no,no,no,no,False
102901997,METROPOLITAN NASHVILLE POLICE DEPT,20210087827,Davidson,Nashville,2/12/2021 7:31:00 PM,2,0,0,36.044860,-86.670430,BELL RD,,,,0.00,,,HICKORY PARK DR,,,,0.00,Y,T-Intersection,N,Intersection,None,,,         ,Robert,Higgins,Clear,HeadOn,no,no,no,no,no,False
102902000,METROPOLITAN NASHVILLE POLICE DEPT,20210094830,Davidson,Nashville,2/16/2021 2:44:00 PM,1,0,0,36.140870,-86.661120,I 40,,,,0.00,,,,,,,218.00,N,Not at Intersection,N,Non-Junction,None,,,         ,Michael,Dance,Snow,Not Collision with Motor Vehicle in Transport,no,no,no,no,no,False
102902007,METROPOLITAN NASHVILLE POLICE DEPT,20210094610,Davidson,Nashville,2/16/2021 11:50:00 AM,2,0,0,36.236370,-86.762420,I 65,,,,0.00,,,,,,,89.70,N,Not at Intersection,N,Non-Junction,None,,,         ,Travis,Baxter,Cloudy,"Sideswipe, Same Direction",no,no,no,no,no,False
102902009,METROPOLITAN NASHVILLE POLICE DEPT,20210094781,Davidson,Not in City Limit,2/16/2021 1:30:00 PM,2,0,0,36.259070,-86.737350,HOLIDAY DR,,,,518.00,Feet,West,WESTCHESTER DR,,,,0.00,N,Not at Intersection,N,Non-Junction,None,,,         ,Broderick,Jones,Snow,Front to Rear,no,no,no,no,yes,False
102902016,METROPOLITAN NASHVILLE POLICE DEPT,20210094811,Davidson,Nashville,2/16/2021 2:15:00 PM,1,0,0,36.233770,-86.767260,I 65,,,,0.00,,,,,,,89.35,N,Not at Intersection,N,Non-Junction,None,,,         ,Jeremy,Smith,Snow,Not Collision with Motor Vehicle in Transport,no,no,no,no,no,False
102902027,METROPOLITAN NASHVILLE POLICE DEPT,20210094922,Davidson,Nashville,2/16/2021 3:41:00 PM,1,0,0,36.245940,-86.745350,I 65,,,,0.00,,,,,,,90.85,N,Not at Intersection,N,Non-Junction,None,,,         ,Jason,Milyaro Lucas,,Not Collision with Motor Vehicle in Transport,no,no,no,no,no,False
102902042,METROPOLITAN NASHVILLE POLICE DEPT,20210094953,Davidson,Nashville,2/16/2021 3:57:00 PM,2,0,0,36.153010,-86.796000,18TH AVS,,,,0.00,,,WEST END AV,,,,0.00,Y,Four-Way, ,Intersection,None,,,         ,John,Kelley,"Cloudy, Snow",Angle,no,no,no,no,no,False
102902043,METROPOLITAN NASHVILLE POLICE DEPT,20210094861,Davidson,Nashville,2/16/2021 3:08:00 PM,1,0,0,36.241190,-86.750920,I 65,,,,0.00,,,,,,,90.40,N,Not at Intersection,N,Non-Junction,None,,,         ,Bradley,Campbell,Snow,Not Collision with Motor Vehicle in Transport,no,no,no,no,no,False
102902113,METROPOLITAN NASHVILLE POLICE DEPT,20210095196,Davidson,Nashville,2/16/2021 5:32:00 PM,3,0,0,36.162100,-86.855610,56TH AVN,,,,87.00,Feet,North,LOUISIANA AV,,,,0.00,N,Not at Intersection,N,Non-Junction,None,,,         ,Adam,Reese,Snow,Front to Rear,no,no,no,no,yes,False
102902117,METROPOLITAN NASHVILLE POLICE DEPT,20210095040,Davidson,Nashville,2/16/2021 12:00:00 AM,1,0,0,36.208870,-86.835120,HAYNES PARK DR,,,,230.00,Feet,West,EVE CIR,,,,0.00,N,Not at Intersection,N,Non-Junction,None,,,         ,Craig,Paschetti,,Not Collision with Motor Vehicle in Transport,no,no,no,yes,yes,False
102902118,METROPOLITAN NASHVILLE POLICE DEPT,20210095028,Davidson,Nashville,2/16/2021 4:36:00 PM,2,0,0,36.040120,-86.780740,OLD HICKORY BLVD,,,,0.00,,,I65 N ENT RAMP,,,,0.00,Y,T-Intersection, ,,None,,,         ,William,King,,,no,no,no,no,no,False
102902131,METROPOLITAN NASHVILLE POLICE DEPT,20210095237,Davidson,Nashville,2/16/2021 7:01:00 PM,2,0,0,36.189740,-86.816590,25TH AVN,,,,293.00,Feet,South,26TH AVN,,,,0.00,N,Not at Intersection,N,Non-Junction,None,,,         ,Alec,Pellissier,Snow,Rear to Rear,no,no,no,no,yes,False
102902170,METROPOLITAN NASHVILLE POLICE DEPT,20210095193,Davidson,Nashville,2/16/2021 6:22:00 PM,2,0,0,36.046990,-86.713460,NOLENSVILLE PKE,,,,596.00,Feet,North,OLD HICKORY BLVD,,,,0.00,N,Not at Intersection,N,Non-Junction,None,,,         ,Robert,Higgins,,Angle,no,no,no,no,no,False
102902171,METROPOLITAN NASHVILLE POLICE DEPT,20210095339,Davidson,Nashville,2/16/2021 12:00:00 AM,2,0,0,36.128290,-86.747020,SADLER CT,,,,0.00,,,SADLER AV,,,,0.00,Y,T-Intersection,N,Intersection,None,,,         ,Robert,Higgins,Snow,Angle,no,no,no,no,yes,False
102902174,METROPOLITAN NASHVILLE POLICE DEPT,20210095355,Davidson,Nashville,2/16/2021 9:05:00 PM,2,0,0,36.103870,-86.716950,TWIN OAKS PVTDR,,,,133.00,Feet,East,TWIN OAKS DR,,,,0.00,N,Not at Intersection,N,Non-Junction,None,,,         ,John,Walden,Cloudy,Angle,no,no,no,no,no,False
102902180,METROPOLITAN NASHVILLE POLICE DEPT,20210095357,Davidson,Not in City Limit,2/16/2021 9:09:00 PM,1,1,0,36.007470,-86.702830,BLUFF RD,,,,586.00,Feet,West,NOLENSVILLE PKE,,,,0.00,N,Not at Intersection,N,Non-Junction,None,,,         ,Dillon,Gann,"Blowing Snow, Freezing Rain ",Not Collision with Motor Vehicle in Transport,no,no,no,no,no,False
102902266,METROPOLITAN NASHVILLE POLICE DEPT,20210095897,Davidson,Nashville,2/17/2021 6:03:00 AM,1,1,0,36.237470,-86.758160,I 65,,,,0.00,,,,,,,89.90,N,Not at Intersection,N,Non-Junction,None,,,         ,Kristopher,Sutton,"Cloudy, Snow",Not Collision with Motor Vehicle in Transport,no,no,no,no,no,False
102902272,METROPOLITAN NASHVILLE POLICE DEPT,20210086567,Davidson,Nashville,2/12/2021 9:57:00 AM,2,0,0,36.090330,-86.626500,SMITH SPRINGS RD,,,,0.00,,,BELL RD,,,,0.00,Y,Four-Way, ,,None,,,         ,Scott,Carter,,,no,no,no,no,no,False
102902275,METROPOLITAN NASHVILLE POLICE DEPT,20210094903,Davidson,Nashville,2/16/2021 3:29:00 PM,1,0,0,36.053600,-86.729680,HILSON RD,,,,91.00,Feet,South,WOODETT DR,,,,0.00,N,Not at Intersection,N,Non-Junction,None,,,         ,Earl,Davis,"Cloudy, Snow",Not Collision with Motor Vehicle in Transport,no,no,no,no,yes,False
102902284,THP District 3 - Nashville,321010932,Davidson,Goodlettsville,2/16/2021 7:00:00 AM,1,0,0,36.300610,-86.711300,I 65,,,,0.00,,,,,,,95.20,N,Not at Intersection, ,Entrance/Exit Ramp Related,None,,,         ,Matthew,Priest,Snow,Not Collision with Motor Vehicle in Transport,no,no,no,no,no,False
102902288,THP District 3 - Nashville,321009827,Davidson,Nashville,2/12/2021 12:45:00 PM,2,0,0,36.175860,-86.772080,I 24,,,,0.00,,,,,,,48.00,N,Not at Intersection,N,Non-Junction,None,,,         ,Alexander,Campbell,Cloudy,Front to Rear,no,no,no,no,yes,False
102902290,METROPOLITAN NASHVILLE POLICE DEPT,20210094844,Davidson,Nashville,2/16/2021 3:03:00 PM,1,1,0,36.148720,-86.691700,BRILEY PKWYN,,,,200.00,Feet,North,BRILEY PKWYN,,,,0.00,N,Not at Intersection,N,Non-Junction,None,,,         ,Terry,Denton,"Snow, Freezing Rain ",Not Collision with Motor Vehicle in Transport,no,no,no,no,no,False
102902312,METROPOLITAN NASHVILLE POLICE DEPT,20210096053,Davidson,Nashville,2/17/2021 8:03:00 AM,2,0,0,36.128090,-86.695580,BRILEY PKWY,,,,34.00,Feet,North,KENTON PL,,,,0.00,N,Not at Intersection,N,Non-Junction,None,,,         ,Michael,Dance,Cloudy,Front to Rear,no,no,no,no,no,False
102902322,METROPOLITAN NASHVILLE POLICE DEPT,20210096111,Davidson,Not in City Limit,2/17/2021 8:30:00 AM,2,0,0,36.272580,-86.762230,OLD HICKORY BLVD,,,,353.00,Feet,North,MARYDALE DR,,,,0.00,N,Not at Intersection, ,,None,,,         ,Travis,Baxter,,,no,no,no,no,no,False
102902325,GOODLETTSVILLE POLICE DEPT,21-04372,Davidson,Goodlettsville,2/14/2021 5:30:00 PM,5,3,0,36.307050,-86.694500,CONFERENCE DR,,,,22.00,Feet,North,VIETNAM VETERANS BLVD NB ENT R,,,,0.00,N,Not at Intersection,N,Non-Junction,None,,,         ,George,Forbes,Freezing Rain ,Front to Rear,no,no,no,no,no,False
102902350,METROPOLITAN NASHVILLE POLICE DEPT,20210096202,Davidson,Nashville,2/17/2021 9:40:00 AM,2,0,0,36.050430,-86.646720,BELL FORGE LNE,,,,125.00,Feet,South,BELL RD,,,,0.00,N,Not at Intersection, ,Non-Junction,None,,,         ,Joe,Hooper,,Angle,no,no,no,no,no,False
102902367,METROPOLITAN NASHVILLE POLICE DEPT,20210096254,Davidson,Nashville,2/15/2021 12:00:00 AM,1,0,0,36.094040,-86.735060,N NATCHEZ CT,,,,0.00,,,,,,,0.00,,,N,Non-Junction,None,,,         ,Robert,Erickson,,Not Collision with Motor Vehicle in Transport,no,no,no,yes,yes,False
102902373,METROPOLITAN NASHVILLE POLICE DEPT,20210096316,Davidson,Nashville,2/17/2021 10:52:00 AM,2,0,0,36.080400,-86.692340,LUNA DR,,,,0.00,,,JANSING DR,,,,0.00,Y,T-Intersection, ,Non-Junction,None,,,         ,Joe,Hooper,Clear,Not Collision with Motor Vehicle in Transport,no,no,no,no,no,False
102902374,METROPOLITAN NASHVILLE POLICE DEPT,2021096150,Davidson,Nashville,2/17/2021 9:05:00 AM,2,0,0,36.156230,-86.788330,BROADWAY,,,,174.00,Feet,East,I40 W ENT RAMP,,,,0.00,N,Not at Intersection, ,Non-Junction,None,,,         ,Wesley,Young,Clear,Angle,no,no,no,no,no,False
102902393,METROPOLITAN NASHVILLE POLICE DEPT,20210094693,Davidson,Nashville,2/16/2021 1:03:00 PM,1,3,0,36.068450,-86.688650,I 24,,,,0.00,,,,,,,57.10,N,Not at Intersection,N,Non-Junction,None,,,         ,Christopher,Augustin,Cloudy,Not Collision with Motor Vehicle in Transport,no,no,no,no,no,False
102902408,METROPOLITAN NASHVILLE POLICE DEPT,20210096444,Davidson,Nashville,2/17/2021 12:00:00 PM,2,0,0,36.186570,-86.819160,CLARKSVILLE PKE,,,,136.00,Feet,West,26TH AVN,,,,0.00,N,Not at Intersection,N,Non-Junction,None,,,         ,Ronald,Bright,Snow,"Sideswipe, Opposite Direction",no,no,no,yes,yes,False
102902419,METROPOLITAN NASHVILLE POLICE DEPT,20210096265,Davidson,Nashville,2/17/2021 10:22:00 AM,1,0,0,36.168740,-86.783760,5TH AVN,,,,0.00,,,JAMES ROBERTSON PKWY,,,,0.00,Y,Four-Way,N,Non-Junction,None,,,         ,Michael,Douglas,Snow,Not Collision with Motor Vehicle in Transport,no,no,no,no,no,False
102902422,THP District 3 - Nashville,321010668,Davidson,Nashville,2/15/2021 9:43:00 AM,2,0,0,36.159450,-86.623500,I 40,,,,0.00,,,,,,,219.40,N,Not at Intersection, ,Non-Junction,None,,,         ,Kevin,Smith,Freezing Rain ,Other,no,no,no,no,yes,False
102902423,THP District 3 - Nashville,321010713,Davidson,Nashville,2/15/2021 1:01:00 PM,1,0,0,36.202730,-86.689180,BRILEY PKWYN,,,,863.00,Feet,North,BRILEY PKWY N ENT RAMP,,,,0.00,N,Not at Intersection, ,Non-Junction,None,,,         ,Kevin,Smith,"Snow, Freezing Rain ",Not Collision with Motor Vehicle in Transport,no,no,no,no,no,False
102902437,METROPOLITAN NASHVILLE POLICE DEPT,20210096517,Davidson,Nashville,2/15/2021 12:00:00 AM,2,0,0,36.041560,-86.722270,STEFFISBURG DR,,,,465.00,Feet,West,ZERMATT AV,,,,0.00,N,Not at Intersection,N,Non-Junction,None,,,         ,Earl,Davis,Unknown,Unknown,no,no,no,no,yes,False
102902438,METROPOLITAN NASHVILLE POLICE DEPT,20210089289,Davidson,Nashville,2/13/2021 1:39:00 PM,2,0,0,36.250440,-86.688850,NEELYS BEND RD,,,,0.00,,,CENTER ST,,,,0.00,Y,Four-Way,N,Intersection,None,,,         ,Wesley,Mcclelland,Clear,Front to Rear,no,no,no,no,no,False
102902462,METROPOLITAN NASHVILLE POLICE DEPT,20210096521,Davidson,Nashville,2/17/2021 1:05:00 PM,1,0,0,36.163110,-86.819380,I40 E ENT RAMP,,,,0.00,Feet,East,I 40,,,,0.00,N,Not at Intersection,N,Non-Junction,None,,,         ,Steven,Meador,Snow,Unknown,no,no,no,no,yes,False
102902502,VANDERBILT UNIVERSITY POLICE,2021-10096466,Davidson,Nashville,2/17/2021 12:25:00 PM,1,0,0,36.139140,-86.797210,CAPERS AV,,,,0.00,,,SOUTH DR,,,,0.00,Y,Y-Intersection,N,Non-Junction,None,,,         ,Ray,Stanard,Unknown,Not Collision with Motor Vehicle in Transport,no,no,no,no,yes,Campus
102902507,METROPOLITAN NASHVILLE POLICE DEPT,20210096401,Davidson,Nashville,2/17/2021 11:48:00 AM,1,0,0,36.075860,-86.647730,EDGE O LAKE DR,,,,73.00,Feet,North,DOVER GLEN DR,,,,0.00,N,Not at Intersection,N,Non-Junction,None,,,         ,Joe,Hooper,Clear,Not Collision with Motor Vehicle in Transport,no,no,no,no,no,False
102902513,METROPOLITAN NASHVILLE POLICE DEPT,20210096409,Davidson,Nashville,2/17/2021 11:50:00 AM,1,0,0,36.181420,-86.800070,I 65,,,,0.00,,,,,,,85.10,N,Not at Intersection, ,,None,,,         ,Jack,Crouch,,,no,no,no,no,no,False
102902524,METROPOLITAN NASHVILLE POLICE DEPT,20210096525,Davidson,Nashville,2/17/2021 1:10:00 PM,2,0,0,36.156510,-86.628260,I 40,,,,0.00,,,,,,,219.05,N,Not at Intersection,N,Non-Junction,None,,,         ,Michael,Brooks,"Cloudy, Snow",Not Collision with Motor Vehicle in Transport,no,no,no,no,yes,False
102902525,THP District 3 - Nashville,321011044,Davidson,Goodlettsville,2/16/2021 1:40:00 PM,1,0,0,36.301470,-86.710070,VIETNAM VETERANS BLVDN,,,,1562.00,Feet,West,WREN RD,,,,0.00,N,Not at Intersection, ,Entrance/Exit Ramp Related,None,,,         ,Matthew,Priest,"Cloudy, Snow",Not Collision with Motor Vehicle in Transport,no,no,no,no,no,False
102902527,METROPOLITAN NASHVILLE POLICE DEPT,20210096642,Davidson,Nashville,2/17/2021 2:31:00 PM,1,0,0,36.110380,-86.683030,MURFREESBORO PKE,,,,86.00,Feet,West,AIR FREIGHT BLVD,,,,0.00,N,Not at Intersection,N,Non-Junction,None,,,         ,Michael,Dance,Cloudy,Not Collision with Motor Vehicle in Transport,no,no,no,no,no,False
102902548,METROPOLITAN NASHVILLE POLICE DEPT,20210096609,Davidson,Nashville,2/17/2021 2:09:00 PM,2,0,0,36.095650,-86.707880,I 24,,,,0.00,,,,,,,54.90,N,Not at Intersection,N,Non-Junction,None,,,         ,James,Thomas,Cloudy,"Sideswipe, Same Direction",no,no,no,no,yes,False
102902554,METROPOLITAN NASHVILLE POLICE DEPT,20210096632,Davidson,Nashville,2/17/2021 12:00:00 AM,1,0,0,36.216250,-86.790100,COMBS DR,,,,76.00,Feet,East,SILAS DR,,,,0.00,N,Not at Intersection,N,Non-Junction,None,,,         ,William,Coy,Snow,Not Collision with Motor Vehicle in Transport,no,no,no,no,yes,False
102902565,METROPOLITAN NASHVILLE POLICE DEPT,20210096555,Davidson,Nashville,2/17/2021 1:33:00 PM,2,0,0,36.058770,-86.682070,ST CLOUD DR,,,,86.00,Feet,North,TUSCARORA DR,,,,0.00,N,Not at Intersection, ,Non-Junction,None,,,         ,Joe,Hooper,Cloudy,Angle,no,no,no,no,no,False
102902572,METROPOLITAN NASHVILLE POLICE DEPT,20210091378,Davidson,Antioch,2/14/2021 7:00:00 AM,2,0,0,36.045250,-86.609100,MURFREESBORO PKE,,,,0.00,Feet,East,MOUNTAIN SPRINGS RD,,,,0.00,N,Not at Intersection, ,OtherLocation,None,,,         ,Megan,Arnett,Unknown,Angle,no,no,no,yes,yes,False
102902576,METROPOLITAN NASHVILLE POLICE DEPT,20210096420,Davidson,Nashville,2/17/2021 12:00:00 PM,2,1,0,36.206620,-86.777900,W TRINITY LN,,,,0.00,,,BRICK CHURCH PKE,,,,0.00,Y,Four-Way,N,Intersection-Related,None,,,         ,Jeanine,Sarno,Cloudy,"Sideswipe, Same Direction",no,no,no,no,no,False
102902578,METROPOLITAN NASHVILLE POLICE DEPT,20210096756,Davidson,Antioch,2/17/2021 2:35:00 PM,2,0,0,36.017890,-86.624260,I 24,,,,0.00,,,,,,,62.25,N,Not at Intersection, ,Non-Junction,None,,,         ,Nathaniel,Myers,Sleet/Hail,Not Collision with Motor Vehicle in Transport,no,no,no,no,yes,False
102902581,METROPOLITAN NASHVILLE POLICE DEPT,20210096743,Davidson,Nashville,2/17/2021 3:18:00 PM,2,0,0,36.109460,-86.671540,DONELSON PKE,,,,90.00,Feet,South,KNAPP BLVD,,,,0.00,N,Not at Intersection,N,Non-Junction,None,,,         ,Theodore,Flick,Snow,Front to Rear,no,no,no,no,no,False
102902588,METROPOLITAN NASHVILLE POLICE DEPT,20210096687,Davidson,Nashville,2/17/2021 2:50:00 PM,2,0,0,36.059430,-86.688630,CIMARRON WAY,,,,335.00,Feet,West,PANAMINT DR,,,,0.00,N,Not at Intersection,N,Non-Junction,None,,,         ,Steven,Begley,"Sleet/Hail, Snow",HeadOn,no,no,no,no,no,False
102902601,METROPOLITAN NASHVILLE POLICE DEPT,20210096809,Davidson,Nashville,2/17/2021 3:51:00 PM,2,0,0,36.049120,-86.665270,I 24,,,,0.00,,,,,,,59.00,N,Not at Intersection,N,Non-Junction,None,,,         ,Robert,Higgins,Snow,Not Collision with Motor Vehicle in Transport,no,no,no,no,yes,False
102902603,METROPOLITAN NASHVILLE POLICE DEPT,20210096903,Davidson,Nashville,2/17/2021 4:12:00 PM,2,0,0,36.192820,-86.733080,SCOTT AV,,,,86.00,Feet,North,STRAIGHTWAY AV,,,,0.00,N,Not at Intersection, ,,None,,,         ,Randy,Puckett,,,no,no,no,no,no,False
102902604,METROPOLITAN NASHVILLE POLICE DEPT,20210096734,Davidson,Not in City Limit,2/17/2021 3:17:00 PM,2,1,0,36.269260,-86.755740,OLD HICKORY BLVDW,,,,0.00,Feet,,DICKERSON PKE,,,,0.00,Y,Four-Way,N,Non-Junction,None,,,         ,Joshua,Dodge,"Cloudy, Snow",HeadOn,no,no,no,no,no,False
102902611,METROPOLITAN NASHVILLE POLICE DEPT,20210096874,Davidson,Nashville,2/17/2021 4:20:00 PM,2,0,0,36.135320,-86.629940,BELL RD,,,,93.00,Feet,North,TRAILS END LN,,,,0.00,N,Not at Intersection,N,Non-Junction,None,,,         ,Larry,Benz,Snow,Rear to Side,no,no,no,no,yes,False
102902618,METROPOLITAN NASHVILLE POLICE DEPT,20210097028,Davidson,Nashville,2/17/2021 5:44:00 PM,2,0,0,36.168690,-86.783730,5TH AVN,,,,0.00,,,JAMES ROBERTSON PKWY,,,,0.00,Y,Four-Way, ,Intersection,None,,,         ,Gabriel,Vasquez,Sleet/Hail,Front to Rear,no,no,no,no,no,False
102902640,METROPOLITAN NASHVILLE POLICE DEPT,20210097048,Davidson,Nashville,2/17/2021 6:01:00 PM,1,0,0,36.209850,-86.712870,RIVERWOOD DR,,,,231.00,Feet,East,MCGAVOCK PKE,,,,0.00,N,Not at Intersection,N,Non-Junction,None,,,         ,Randy,Puckett,Snow,Not Collision with Motor Vehicle in Transport,no,no,no,no,no,False
102902642,METROPOLITAN NASHVILLE POLICE DEPT,20210096859,Davidson,Nashville,2/17/2021 4:15:00 PM,1,1,0,36.193350,-86.752680,ELLINGTON PKWYN,,,,3.00,Feet,North,DOUGLAS AV,,,,0.00,N,Not at Intersection,N,Non-Junction,None,,,         ,Zachary,Aldrich,Snow,Not Collision with Motor Vehicle in Transport,no,no,no,no,no,False
102902647,METROPOLITAN NASHVILLE POLICE DEPT,20210097087,Davidson,Nashville,2/17/2021 6:27:00 PM,2,0,0,36.144100,-86.873100,CHARLOTTE PKE,,,,0.00,,,WATTS LN,,,,0.00,Y,T-Intersection, ,,None,,,         ,Robert,Crow,,,no,no,no,no,no,False
102902661,METROPOLITAN NASHVILLE POLICE DEPT,20210097176,Davidson,Nashville,2/17/2021 6:48:00 PM,2,1,0,36.055040,-86.642420,STATE HWY 254,,,,0.00,,,ZELIDA AVE,,,,0.00,Y,Four-Way,N,Intersection,None,,,         ,Nathaniel,Myers,Snow,Angle,no,no,no,no,yes,False
102902662,METROPOLITAN NASHVILLE POLICE DEPT,20210096925,Davidson,Nashville,2/17/2021 3:44:00 PM,2,0,0,36.052710,-86.685960,TUSCULUM RD,,,,0.00,,,LEESHAN CT,,,,0.00,Y,T-Intersection, ,Intersection,None,,,         ,Megan,Arnett,Snow,Angle,no,no,no,no,yes,False
102902673,METROPOLITAN NASHVILLE POLICE DEPT,20210097102,Davidson,Nashville,2/17/2021 6:30:00 PM,1,0,0,36.138780,-86.732190,MURFREESBORO PKE,,,,261.00,Feet,East,ARLINGTON AV,,,,0.00,N,Not at Intersection,N,Non-Junction,None,,,         ,Robert,Higgins,Snow,Not Collision with Motor Vehicle in Transport,no,no,no,no,yes,False
102902674,METROPOLITAN NASHVILLE POLICE DEPT,2021-0096854,Davidson,Nashville,2/17/2021 12:00:00 AM,1,0,0,36.094230,-86.794640,GLENDALE LN,,,,141.00,Feet,East,COLONY CT,,,,0.00,N,Not at Intersection,N,Non-Junction,None,,,         ,William,King,"Snow, Freezing Rain ",Not Collision with Motor Vehicle in Transport,no,no,no,no,no,False
102902712,METROPOLITAN NASHVILLE POLICE DEPT,20210097123,Davidson,Nashville,2/17/2021 6:49:00 PM,2,0,0,36.183820,-86.748370,EASTLAND AV,,,,0.00,,,GALLATIN AV,,,,0.00,Y,T-Intersection,N,Intersection,None,,,         ,Zachary,Aldrich,,HeadOn,no,no,no,no,yes,False
102902713,METROPOLITAN NASHVILLE POLICE DEPT,20210097290,Davidson,Nashville,2/17/2021 8:45:00 PM,1,0,0,36.238920,-86.779500,BRILEY PKWY W EXT RAMP,,,,0.00,,,BRILEY PKWY W EXT RAMP,,,,0.00,Y,Y-Intersection,N,Non-Junction,None,,,         ,Kyle,Eicholtz,"Snow, Blowing Snow",Not Collision with Motor Vehicle in Transport,no,no,no,no,no,False
102902760,METROPOLITAN NASHVILLE POLICE DEPT,20210096973,Davidson,Not in City Limit,2/17/2021 12:00:00 AM,2,0,0,36.278270,-86.796470,HICKORY HILLS BLVD,,,,162.00,Feet,North,HICKORY HILLS CT,,,,0.00,N,Not at Intersection,N,Non-Junction,None,,,         ,Wesley,Carver,Freezing Rain ,Unknown,no,no,no,no,yes,False
102902767,METROPOLITAN NASHVILLE POLICE DEPT,20210097412,Davidson,Nashville,2/17/2021 10:06:00 PM,2,0,0,36.033520,-86.712980,BARNES RD,,,,0.00,,,NOLENSVILLE PKE,,,,0.00,Y,Four-Way, ,Intersection,None,,,         ,Brandon,Hughes,Snow,Angle,no,no,no,no,no,False
102902770,METROPOLITAN NASHVILLE POLICE DEPT,20210097373,Davidson,Nashville,2/17/2021 9:40:00 PM,1,0,0,36.087404,-86.937773,HICKS RD,,,,0.00,,,STALLION DR,,,,0.00,Y,T-Intersection,N,Intersection-Related,None,,,         ,Jeremy,Huffine,Snow,Not Collision with Motor Vehicle in Transport,no,no,no,no,no,False
102902771,METROPOLITAN NASHVILLE POLICE DEPT,20210097426,Davidson,Nashville,2/17/2021 10:29:00 PM,1,1,0,36.231250,-86.699900,BRILEY PKWYN,,,,222.00,Feet,South,MUSIC VALLEY DR,,,,0.00,N,Not at Intersection,N,Non-Junction,None,,,         ,Evan,Grace,"Snow, Freezing Rain ",Not Collision with Motor Vehicle in Transport,no,no,no,no,no,False
102902772,METROPOLITAN NASHVILLE POLICE DEPT,2021-0097414,Davidson,Not in City Limit,2/17/2021 10:08:00 PM,1,0,0,36.012250,-86.703850,HOLT RD,,,,85.00,Feet,West,NOLENSVILLE PKE,,,,0.00,N,Not at Intersection,N,Non-Junction,None,,,         ,William,King,Snow,Not Collision with Motor Vehicle in Transport,no,no,no,no,no,False