master_record_number,agency,agency_tracking_number,county,city,collision_date,vehicles_involved,number_injured,number_dead,latitude,longitude,roadway_name,roadway_suffix,roadway_number,roadway_local_id,distance_from_reference,miles-feet_indicator,direction_from_reference,intersection_road_name,intersection_road_name_suffix,intersection_road_number,intersection_local_id,mile_marker,intersection_indicator,intersect_type,interchange_related_indicator,relation_to_junction,work_zone_type,construction_maintenance_zone,construction_maintenance_zone_location,fatal_case_number,officer_first_name,officer_last_name,weather_condition(s),manner_of_crash,pedestrian,bicycle,scooter,parking,hitrun,mou
102902775,METROPOLITAN NASHVILLE POLICE DEPT,20210097372,Davidson,Nashville,2/17/2021 12:00:00 AM,1,0,0,36.082970,-86.628660,BELL RD,,,,71.00,Feet,North,MOSSDALE DR,,,,0.00,N,Not at Intersection,N,Non-Junction,None,,,         ,Adam,Gartner,Snow,Unknown,no,no,no,no,yes,False
102902777,METROPOLITAN NASHVILLE POLICE DEPT,20210097454,Davidson,Nashville,2/17/2021 10:18:00 PM,1,1,0,36.180690,-86.800160,I 65,,,,0.00,,,,,,,85.05,N,Not at Intersection,N,Non-Junction,None,,,         ,Dakota,Vermillion,Snow,Not Collision with Motor Vehicle in Transport,no,no,no,no,no,False
102902787,METROPOLITAN NASHVILLE POLICE DEPT,20210096801,Davidson,Nashville,2/17/2021 3:46:00 PM,2,1,0,36.207030,-86.791620,BAPTIST WORLD CENTER DR,,,,0.00,,,US HWY 431,,,,0.00,Y,Four-Way,N,Intersection,None,,,         ,Gabriel,Centeno,Snow,Angle,no,no,no,no,no,False
102902811,METROPOLITAN NASHVILLE POLICE DEPT,20210097611,Davidson,Not in City Limit,2/18/2021 12:19:00 AM,1,0,0,36.270190,-86.775840,BRICK CHURCH PKE,,,,74.00,Feet,South,BELL GRIMES LN,,,,0.00,N,Not at Intersection, ,Non-Junction,None,,,         ,Coleman,McKellar,"Snow, Blowing Snow",Not Collision with Motor Vehicle in Transport,no,no,no,no,no,False
102902826,METROPOLITAN NASHVILLE POLICE DEPT,20210097725,Davidson,Nashville,2/18/2021 1:43:00 AM,2,0,0,36.148670,-86.746200,I 40,,,,0.00,,,,,,,211.85,N,Not at Intersection,N,Non-Junction,None,,,         ,Amy,Hirschmann,,Angle,no,no,no,no,no,False
102902831,METROPOLITAN NASHVILLE POLICE DEPT,20210097788,Davidson,Nashville,2/18/2021 2:42:00 AM,2,0,0,36.067570,-86.640820,RURAL HILL RD,,,,434.00,Feet,North,RICE HILL CT,,,,0.00,N,Not at Intersection,N,Non-Junction,None,,,         ,Alex,DiBernardo,,Other,no,no,no,no,no,False
102902840,METROPOLITAN NASHVILLE POLICE DEPT,20210097855,Davidson,Nashville,2/18/2021 3:00:00 AM,1,0,0,36.184870,-86.685200,TWO RIVERS PKWY,,,,563.00,Feet,West,STONES RIVER GRNWY,,,,0.00,N,Not at Intersection, ,Non-Junction,None,,,         ,William,Burnett,Clear,Not Collision with Motor Vehicle in Transport,no,no,no,no,no,False
102902842,Nashville Airport Police,2020-00476,Davidson,Nashville,2/14/2021 6:45:00 AM,1,0,0,36.136990,-86.665290,SATELLITE WAY,,,,0.00,,,TERMINAL DR,,,,0.00,Y,Y-Intersection,N,Non-Junction,None,,,         ,Brian,Robbins,Freezing Rain ,Not Collision with Motor Vehicle in Transport,no,no,no,yes,no,False
102902855,METROPOLITAN NASHVILLE POLICE DEPT,20210097907,Davidson,Nashville,2/18/2021 3:39:00 AM,1,0,0,36.038340,-86.646970,I24 W EXT RAMP,,,,0.00,Feet,East,I 24,,,,0.00,N,Not at Intersection,N,Non-Junction,None,,,         ,Holly,Davis,Snow,Not Collision with Motor Vehicle in Transport,no,no,no,no,no,False
102902863,METROPOLITAN NASHVILLE POLICE DEPT,20210096819,Davidson,Nashville,2/17/2021 12:00:00 AM,2,0,0,36.137640,-86.785870,ARGYLE AV,,,,151.00,Feet,East,11TH AVS,,,,0.00,N,Not at Intersection, ,,None,,,         ,Earl,Davis,,,no,no,no,no,no,False
102902873,METROPOLITAN NASHVILLE POLICE DEPT,20210097843,Davidson,Nashville,2/18/2021 3:44:00 AM,1,2,0,36.076060,-86.694040,I 24,,,,0.00,,,,,,,56.50,N,Not at Intersection,N,Non-Junction,None,,,         ,William,Williams,Snow,Not Collision with Motor Vehicle in Transport,no,no,no,no,no,False
102902880,METROPOLITAN NASHVILLE POLICE DEPT,20210097964,Davidson,Nashville,2/18/2021 6:20:00 AM,3,1,0,36.185250,-86.775800,I 24,,,,0.00,,,,,,,47.20,N,Not at Intersection,N,Non-Junction,None,,,         ,Damon,Hutcheson,Sleet/Hail,Front to Rear,no,no,no,no,no,False
102902882,METROPOLITAN NASHVILLE POLICE DEPT,20210097962,Davidson,Not in City Limit,2/18/2021 12:00:00 AM,1,0,0,36.078120,-86.992400,I 40,,,,0.00,,,,,,,194.10,N,Not at Intersection,N,Non-Junction,None,,,         ,Colin,Bleem,"Sleet/Hail, Freezing Rain ",Not Collision with Motor Vehicle in Transport,no,no,no,no,no,False
102902888,METROPOLITAN NASHVILLE POLICE DEPT,20210098077,Davidson,Nashville,2/18/2021 7:56:00 AM,1,0,0,36.115590,-86.773370,I 65,,,,0.00,,,,,,,80.15,N,Not at Intersection, ,Non-Junction,None,,,         ,Earl,Davis,"Cloudy, Snow",Not Collision with Motor Vehicle in Transport,no,no,no,no,no,False
102902891,METROPOLITAN NASHVILLE POLICE DEPT,20210098014,Davidson,Nashville,2/18/2021 7:15:00 AM,1,0,0,36.220470,-86.774780,I 65,,,,0.00,,,,,,,88.30,N,Not at Intersection, ,,None,,,         ,James,Wray,,,no,no,no,no,no,False
102902923,METROPOLITAN NASHVILLE POLICE DEPT,20210098021,Davidson,Nashville,2/18/2021 6:45:00 AM,1,1,0,36.195540,-86.776150,I 65,,,,0.00,,,,,,,86.55,N,Not at Intersection,N,Non-Junction,None,,,         ,Jeanine,Sarno,Cloudy,Not Collision with Motor Vehicle in Transport,no,no,no,no,no,False
102902924,METROPOLITAN NASHVILLE POLICE DEPT,20210097948,Davidson,Nashville,2/18/2021 6:05:00 AM,2,1,0,36.183180,-86.775310,I 24,,,,0.00,,,,,,,47.35,N,Not at Intersection,N,Non-Junction,None,,,         ,Kelcey,Bell,Cloudy,Not Collision with Motor Vehicle in Transport,no,no,no,no,no,False
102902926,METROPOLITAN NASHVILLE POLICE DEPT,20210097983,Davidson,Nashville,2/18/2021 6:50:00 AM,2,0,0,36.195720,-86.776130,I 65,,,,0.00,,,,,,,86.60,N,Not at Intersection,N,Non-Junction,None,,,         ,William,Coy,Snow,Not Collision with Motor Vehicle in Transport,no,no,no,no,no,False
102902944,METROPOLITAN NASHVILLE POLICE DEPT,20210098055,Davidson,Nashville,2/18/2021 7:44:00 AM,2,0,0,36.207550,-86.777790,BRICK CHURCH PKE,,,,0.00,,,I65 S EXT RAMP,,,,0.00,Y,Y-Intersection, ,Non-Junction,None,,,         ,James,Wray,Snow,Angle,no,no,no,no,no,False
102902985,METROPOLITAN NASHVILLE POLICE DEPT,20210098324,Davidson,Not in City Limit,2/18/2021 10:58:00 AM,1,0,0,35.989650,-86.630180,BURKITT RD,,,,1181.00,Feet,West,BATTLE RD,,,,0.00,N,Not at Intersection,N,Non-Junction,None,,,         ,Lee,Davis,Snow,Not Collision with Motor Vehicle in Transport,no,no,no,no,no,False
102902990,METROPOLITAN NASHVILLE POLICE DEPT,20210098328,Davidson,Nashville,2/18/2021 10:55:00 AM,2,1,0,36.032520,-86.640510,I 24,,,,0.00,,,,,,,60.80,N,Not at Intersection,N,Non-Junction,None,,,         ,Nicholas,Carter,Cloudy,"Sideswipe, Same Direction",no,no,no,no,no,False
102902999,METROPOLITAN NASHVILLE POLICE DEPT,20210098312,Davidson,Nashville,2/18/2021 10:30:00 AM,2,0,0,36.182610,-86.812270,DR D B TODD JR BLVD,,,,0.00,,,CLAY ST,,,,0.00,Y,Four-Way, ,Intersection,None,,,         ,Jean,McCormack,Snow,Front to Rear,no,no,no,no,no,False
102903000,METROPOLITAN NASHVILLE POLICE DEPT,20210098276,Davidson,Nashville,2/18/2021 12:00:00 AM,2,0,0,36.175200,-86.763780,N 6TH ST,,,,100.00,Feet,South,N 6TH ST,,,,0.00,N,Not at Intersection,N,Non-Junction,None,,,         ,Doyle,Price,Snow,Rear to Rear,no,no,no,no,yes,False
102903009,METROPOLITAN NASHVILLE POLICE DEPT,20210098059,Davidson,Nashville,2/18/2021 6:55:00 AM,2,0,0,36.195590,-86.776150,I 65,,,,0.00,,,,,,,86.55,N,Not at Intersection, ,Non-Junction,None,,,         ,Jeanine,Sarno,Cloudy,"Sideswipe, Same Direction",no,no,no,no,no,False
102903071,METROPOLITAN NASHVILLE POLICE DEPT,20210098516,Davidson,Nashville,2/18/2021 1:37:00 PM,2,0,0,36.095460,-86.631120,TINNEY PL,,,,44.00,Feet,East,HARBOR LIGHTS DR,,,,0.00,N,Not at Intersection, ,Non-Junction,None,,,         ,Michael,Brooks,,Front to Rear,no,no,no,no,no,False
102903073,GOODLETTSVILLE POLICE DEPT,21-04699,Davidson,Goodlettsville,2/18/2021 10:17:00 AM,1,2,0,36.309050,-86.692690,VIETNAM VETERANS BLVD SB ENT R,,,,772.00,Feet,East,CONFERENCE DR,,,,0.00,N,Not at Intersection,N,Entrance/Exit Ramp Related,None,,,         ,Daniel,Knalls,Cloudy,Not Collision with Motor Vehicle in Transport,no,no,no,no,no,False
102903074,METROPOLITAN NASHVILLE POLICE DEPT,20210084386,Davidson,Nashville,2/11/2021 5:45:00 AM,2,0,0,36.249950,-86.741330,I 65,,,,0.00,,,,,,,91.20,N,Not at Intersection, ,Non-Junction,None,,,         ,Donald,Davidson,Rain,Front to Rear,no,no,no,no,yes,False
102903076,METROPOLITAN NASHVILLE POLICE DEPT,2021-097953,Davidson,Nashville,2/18/2021 5:50:00 AM,1,0,0,36.146480,-86.633680,NORWALK DR,,,,12.00,Feet,West,RESTOVER CT,,,,0.00,N,Not at Intersection, ,Non-Junction,None,,,         ,Arthur,Hipp,Snow,Not Collision with Motor Vehicle in Transport,no,no,no,no,no,False
102903084,METROPOLITAN NASHVILLE POLICE DEPT,20210098530,Davidson,Nashville,2/18/2021 1:51:00 PM,2,0,0,36.026580,-86.702790,BARNES COVE DR,,,,8.00,Feet,North,BARNES COVE CT,,,,0.00,N,Not at Intersection, ,Non-Junction,None,,,         ,Lee,Davis,,HeadOn,no,no,no,no,no,False
102903095,METROPOLITAN NASHVILLE POLICE DEPT,20210098520,Davidson,Nashville,2/18/2021 1:28:00 PM,2,0,0,36.151750,-86.768660,I40 W EXT RAMP,,,,0.00,,,2ND AVS,,,,0.00,Y,Four-Way,N,Entrance/Exit Ramp Related,None,,,         ,Michael,Douglas,Snow,Angle,no,no,no,no,no,False
102903129,METROPOLITAN NASHVILLE POLICE DEPT,20210098593,Davidson,Nashville,2/18/2021 2:43:00 PM,2,0,0,36.178300,-86.599950,ROCKWOOD DR,,,,241.00,Feet,West,ROCKWOOD PL,,,,0.00,N,Not at Intersection, ,Non-Junction,None,,,         ,Michael,Dance,Snow,Angle,no,no,no,no,no,False
102903138,METROPOLITAN NASHVILLE POLICE DEPT,20210098753,Davidson,Nashville,2/18/2021 12:00:00 AM,2,0,0,36.213330,-86.753410,OAKWOOD AV,,,,145.00,Feet,North,BETHWOOD DR,,,,0.00,N,Not at Intersection,N,Non-Junction,None,,,         ,Ciara,Doherty,Snow,Unknown,no,no,no,no,yes,False
102903158,METROPOLITAN NASHVILLE POLICE DEPT,20210098804,Davidson,Not in City Limit,2/18/2021 4:29:00 PM,1,1,0,36.023240,-86.686500,BARNES RD,,,,129.00,Feet,West,STANFORD VILLAGE DR,,,,0.00,N,Not at Intersection,N,Non-Junction,None,,,         ,Robert,Higgins,Cloudy,Not Collision with Motor Vehicle in Transport,no,no,no,no,no,False
102903163,METROPOLITAN NASHVILLE POLICE DEPT,20210098892,Davidson,Nashville,2/18/2021 5:16:00 PM,1,0,0,36.142000,-86.761650,OLD RADNOR CAR LINE RD,,,,0.00,Feet,,HART ST,,,,0.00,Y,T-Intersection,N,Intersection,None,,,         ,Andrew,Brazee,Clear,Not Collision with Motor Vehicle in Transport,no,no,no,no,no,False
102903164,METROPOLITAN NASHVILLE POLICE DEPT,20210098870,Davidson,Not in City Limit,2/18/2021 5:10:00 PM,2,0,0,36.006850,-86.631690,SMOKEY HILL RD,,,,0.00,,,OCTOBER WOODS DR,,,,0.00,Y,Four-Way, ,Intersection-Related,None,,,         ,Garrett,Latham,Cloudy,Front to Rear,no,no,no,no,no,False
102903183,METROPOLITAN NASHVILLE POLICE DEPT,20210098946,Davidson,Nashville,2/18/2021 5:45:00 PM,4,0,0,36.149060,-86.832340,39TH AVN,,,,105.00,Feet,South,NEVADA AV,,,,0.00,N,Not at Intersection, ,Non-Junction,None,,,         ,Kyle,Lund,Cloudy,Front to Rear,no,no,no,no,no,False
102903184,METROPOLITAN NASHVILLE POLICE DEPT,20210098848,Davidson,Nashville,2/18/2021 4:56:00 PM,1,0,0,36.199240,-86.829230,SUMMITT AV,,,,138.00,Feet,West,CURTIS ST,,,,0.00,N,Not at Intersection, ,Non-Junction,None,,,         ,Michael,Intrieri,Snow,Not Collision with Motor Vehicle in Transport,no,no,no,no,yes,False
102903185,METROPOLITAN NASHVILLE POLICE DEPT,20210098856,Davidson,Nashville,2/18/2021 5:07:00 PM,1,1,0,36.248190,-86.742630,I 65,,,,0.00,,,,,,,91.05,N,Not at Intersection,Y,Non-Junction,None,,,         ,Benjamin,Williams,Clear,Not Collision with Motor Vehicle in Transport,no,no,no,no,no,False
102903216,METROPOLITAN NASHVILLE POLICE DEPT,20210099003,Davidson,Nashville,2/18/2021 6:10:00 PM,2,1,0,36.211490,-86.797580,WHITES CREEK PKE,,,,0.00,,,E NOCTURNE DR,,,,0.00,Y,Four-Way,Y,Intersection,None,,,         ,Chase,Harriman,"Cloudy, Snow",Angle,no,no,no,no,no,False
102903218,METROPOLITAN NASHVILLE POLICE DEPT,20210099170,Davidson,Nashville,2/18/2021 12:00:00 AM,1,0,0,36.190820,-86.750150,W GREENWOOD AV,,,,40.00,Feet,West,LAURENT ST,,,,0.00,N,Not at Intersection,N,Non-Junction,None,,,         ,Justen,Ogle,Snow,Not Collision with Motor Vehicle in Transport,no,no,no,no,yes,False
102903242,METROPOLITAN NASHVILLE POLICE DEPT,20210099119,Davidson,Not in City Limit,2/18/2021 7:19:00 PM,1,0,0,36.278300,-86.702150,PIERCE RD,,,,199.00,Feet,South,SYLVIA DR,,,,0.00,N,Not at Intersection,N,Non-Junction,None,,,         ,Bradley,Campbell,Snow,Not Collision with Motor Vehicle in Transport,no,no,no,no,yes,False
102903251,METROPOLITAN NASHVILLE POLICE DEPT,20210099246,Davidson,Nashville,2/18/2021 8:40:00 PM,1,0,0,36.144070,-86.690090,I40 W EXT RAMP,,,,0.00,Feet,East,I 40,,,,0.00,N,Not at Intersection,N,Non-Junction,None,,,         ,Joseph,Simon,,Not Collision with Motor Vehicle in Transport,no,no,no,no,no,False
102903277,METROPOLITAN NASHVILLE POLICE DEPT,20210099193,Davidson,Nashville,2/18/2021 8:01:00 PM,1,1,0,36.140290,-86.840380,WESTLAWN DR,,,,312.00,Feet,North,SLOAN RD,,,,0.00,N,Not at Intersection,N,Non-Junction,None,,,         ,Kyle,Lund,Cloudy,Not Collision with Motor Vehicle in Transport,yes,no,no,no,yes,False
102903281,METROPOLITAN NASHVILLE POLICE DEPT,2021-0099075,Davidson,Nashville,2/18/2021 6:56:00 PM,1,0,0,36.101980,-86.740650,NOLENSVILLE PKE,,,,72.00,Feet,North,ANTIOCH PKE,,,,0.00,N,Not at Intersection,N,Non-Junction,None,,,         ,William,King,Cloudy,Not Collision with Motor Vehicle in Transport,no,no,no,no,yes,False
102903321,METROPOLITAN NASHVILLE POLICE DEPT,20210097076,Davidson,Nashville,2/17/2021 5:43:00 PM,2,1,0,36.232240,-86.787440,EWING DR,,,,674.00,Feet,North,EWING LN,,,,0.00,N,Not at Intersection,N,Non-Junction,None,,,         ,Gabriel,Centeno,"Sleet/Hail, Snow",Angle,no,no,no,no,yes,False
102903324,METROPOLITAN NASHVILLE POLICE DEPT,20210097407,Davidson,Nashville,2/17/2021 9:50:00 PM,1,0,0,36.109470,-86.752520,ARMORY DR,,,,348.00,Feet,East,FOSTER CREIGHTON DR,,,,0.00,N,Not at Intersection,N,Non-Junction,None,,,         ,Savannah,Starbuck,"Snow, Freezing Rain ",Not Collision with Motor Vehicle in Transport,no,no,no,no,no,False
102903339,METROPOLITAN NASHVILLE POLICE DEPT,20210099492,Davidson,Nashville,2/18/2021 11:00:00 PM,2,0,0,36.189600,-86.769110,STOCKELL ST,,,,146.00,Feet,South,EVANSTON AV,,,,0.00,N,Not at Intersection,N,Non-Junction,None,,,         ,Emmanuel,Berger,Clear,Front to Rear,no,no,no,no,yes,False
102903350,METROPOLITAN NASHVILLE POLICE DEPT,20210099355,Davidson,Nashville,2/18/2021 9:35:00 PM,2,0,0,36.071900,-86.723910,NOLENSVILLE PKE,,,,17.00,Feet,South,HIGGINS ST,,,,0.00,N,Not at Intersection,N,Non-Junction,None,,,         ,Brady,Reynolds,Clear,HeadOn,no,no,no,no,yes,False
102903407,METROPOLITAN NASHVILLE POLICE DEPT,20210100075,Davidson,Nashville,2/19/2021 4:56:00 AM,1,0,0,36.055450,-86.681270,PENNY BRINK DR,,,,0.00,,,JENNY MURFF DR,,,,0.00,Y,T-Intersection,N,Intersection-Related,None,,,         ,William,Williams,Clear,Not Collision with Motor Vehicle in Transport,no,no,no,no,yes,False
102903459,METROPOLITAN NASHVILLE POLICE DEPT,20210100239,Davidson,Nashville,2/19/2021 8:00:00 AM,1,0,0,36.199560,-86.593340,CHANDLER RD,,,,339.00,Feet,West,TULIP BLOSSOM DR,,,,0.00,N,Not at Intersection,N,Non-Junction,None,,,         ,Michael,Brooks,Snow,Not Collision with Motor Vehicle in Transport,no,no,no,no,no,False
102903479,THP District 3 - Nashville,321011260,Davidson,Nashville,2/17/2021 9:54:00 AM,1,0,0,36.169240,-86.688960,BRILEY PKWY S ENT RAMP,,,,0.00,,East,BRILEY PKWYS,,,,0.00,N,Not at Intersection,N,Non-Junction,None,,,         ,Matthew,Priest,"Cloudy, Snow",Not Collision with Motor Vehicle in Transport,no,no,no,no,no,False
102903485,METROPOLITAN NASHVILLE POLICE DEPT,20210100149,Davidson,Nashville,2/19/2021 3:13:00 AM,1,0,0,36.077540,-86.724790,WALLACE RD,,,,279.00,Feet,East,NOLENSVILLE PKE,,,,0.00,N,Not at Intersection,N,Non-Junction,None,,,         ,Ryan,Howard,Snow,Not Collision with Motor Vehicle in Transport,no,no,no,yes,yes,False
102903511,THP District 9 - Administrative,321011576,Davidson,Nashville,2/18/2021 2:47:00 PM,2,0,0,36.153890,-86.757200,I 40,,,,0.00,,,,,,,211.15,N,Not at Intersection, ,Non-Junction,None,,,         ,Adam,Simpkins,Cloudy,Not Collision with Motor Vehicle in Transport,no,no,no,no,no,False
102903519,METROPOLITAN NASHVILLE POLICE DEPT,20210100187,Davidson,Nashville,2/19/2021 7:15:00 AM,2,1,0,36.210900,-86.886370,ASHLAND CITY HWY,,,,2354.00,Feet,West,WWCR AV,,,,0.00,N,Not at Intersection,N,Non-Junction,None,,,         ,Jeanine,Sarno,Clear,Front to Rear,no,no,no,no,no,False
102903522,METROPOLITAN NASHVILLE POLICE DEPT,20210100301,Davidson,Nashville,2/19/2021 3:00:00 AM,1,0,0,36.216440,-86.811980,MOORMANS ARM RD,,,,378.00,Feet,East,VANDERHORST DR,,,,0.00,N,Not at Intersection,N,Non-Junction,None,,,         ,Alquavious,McDaniel,Unknown,Not Collision with Motor Vehicle in Transport,no,no,no,no,yes,False
102903524,METROPOLITAN NASHVILLE POLICE DEPT,20210100421,Davidson,Nashville,2/19/2021 10:12:00 AM,1,0,0,36.160860,-86.760230,I 24,,,,0.00,,,,,,,49.40,N,Not at Intersection, ,,None,,,         ,Matthew,Herod,,,no,no,no,no,no,False
102903539,METROPOLITAN NASHVILLE POLICE DEPT,20210100155,Davidson,Nashville,2/19/2021 6:35:00 AM,2,1,0,36.167010,-86.763730,SHELBY AV,,,,0.00,Feet,,S 4TH ST,,,,0.00,Y,T-Intersection,N,Intersection,None,,,         ,Greg,Lyons,Clear,Angle,no,no,no,no,no,False
102903548,METROPOLITAN NASHVILLE POLICE DEPT,20210100467,Davidson,Nashville,2/19/2021 10:50:00 AM,2,1,0,36.072810,-86.693230,EZELL RD,,,,162.00,Feet,South,LINBAR DR,,,,0.00,N,Not at Intersection,N,Non-Junction,None,,,         ,Darrin,Hardin,Cloudy,HeadOn,no,no,no,no,yes,False
102903554,METROPOLITAN NASHVILLE POLICE DEPT,20210100465,Davidson,Nashville,2/19/2021 9:25:00 AM,2,0,0,36.119850,-86.738410,PEACHTREE ST,,,,0.00,,,STERLING BOONE DR,,,,0.00,Y,Four-Way,N,Intersection,None,,,         ,Eric,Burford,Clear,Angle,no,no,no,no,no,False
102903566,METROPOLITAN NASHVILLE POLICE DEPT,20210100454,Davidson,Nashville,2/19/2021 10:35:00 AM,2,1,0,36.145160,-86.873330,AMERICAN RD,,,,126.00,Feet,South,MERCOMATIC DR,,,,0.00,N,Not at Intersection,N,Non-Junction,None,,,         ,Douglas,Atwood,Clear,Angle,no,no,no,no,no,False
102903577,METROPOLITAN NASHVILLE POLICE DEPT,20210100527,Davidson,Nashville,2/19/2021 11:31:00 AM,2,0,0,36.254790,-86.777230,BRICK CHURCH PKE,,,,639.00,Feet,North,WESTCHESTER DR,,,,0.00,N,Not at Intersection,N,Non-Junction,None,,,         ,Ronald,Bright,Clear,Angle,no,no,no,no,no,False
102903579,METROPOLITAN NASHVILLE POLICE DEPT,20210100503,Davidson,Nashville,2/19/2021 11:16:00 AM,2,0,0,36.048240,-86.732380,HUNTINGTON PKWY,,,,150.00,Feet,West,ASHLEY DR,,,,0.00,N,Not at Intersection,N,Non-Junction,None,,,         ,Earl,Davis,Clear,HeadOn,no,no,no,no,no,False
102903584,METROPOLITAN NASHVILLE POLICE DEPT,20210100594,Davidson,Nashville,2/19/2021 12:00:00 PM,1,0,0,36.099630,-86.711090,I 24,,,,0.00,,,,,,,54.60,N,Not at Intersection, ,,None,,,         ,James,Thomas,,,no,no,no,no,no,False
102903593,METROPOLITAN NASHVILLE POLICE DEPT,20210100577,Davidson,Nashville,2/19/2021 12:05:00 PM,1,1,0,36.082120,-86.727100,NOLENSVILLE PKE,,,,183.00,Feet,South,WELSHWOOD DR,,,,0.00,N,Not at Intersection,N,Non-Junction,None,,,         ,Gerald,Gomes,Clear,Not Collision with Motor Vehicle in Transport,yes,no,no,no,no,False
102903601,METROPOLITAN NASHVILLE POLICE DEPT,20210100544,Davidson,Nashville,2/19/2021 11:31:00 AM,2,0,0,36.082100,-86.761700,HARDING PL,,,,0.00,,,SIDCO DR,,,,0.00,Y,Four-Way,N,Intersection,None,,,         ,Earl,Davis,Clear,Angle,no,no,no,no,yes,False
102903610,METROPOLITAN NASHVILLE POLICE DEPT,20210100541,Davidson,Nashville,2/19/2021 11:40:00 AM,1,1,0,36.106300,-86.718930,I 24,,,,0.00,,,,,,,54.00,N,Not at Intersection,N,Non-Junction,None,,,         ,Neil,Wolfe,Clear,Not Collision with Motor Vehicle in Transport,no,no,no,no,no,False
102903672,METROPOLITAN NASHVILLE POLICE DEPT,20210100632,Davidson,Nashville,2/19/2021 12:42:00 PM,1,0,0,36.097420,-86.709040,I 24,,,,0.00,,,,,,,54.80,N,Not at Intersection,N,Non-Junction,None,,,         ,James,Thomas,Clear,Not Collision with Motor Vehicle in Transport,no,no,no,no,no,False
102903674,METROPOLITAN NASHVILLE POLICE DEPT,20210100633,Davidson,Nashville,2/19/2021 12:15:00 PM,2,0,0,36.150510,-86.865940,I 40,,,,0.00,,,,,,,203.45,N,Not at Intersection, ,Non-Junction,None,,,         ,Douglas,Atwood,Clear,Not Collision with Motor Vehicle in Transport,no,no,no,no,no,False
102903676,METROPOLITAN NASHVILLE POLICE DEPT,20210100683,Davidson,Nashville,2/19/2021 1:27:00 PM,2,1,0,36.150480,-86.770350,4TH AVS,,,,0.00,,,I40 E EXT RAMP,,,,0.00,Y,Four-Way,Y,Entrance/Exit Ramp Related,None,,,         ,Earl,Davis,Clear,Angle,no,no,no,no,no,False
102903679,METROPOLITAN NASHVILLE POLICE DEPT,20210100446,Davidson,Nashville,2/19/2021 10:28:00 AM,2,0,0,36.116270,-86.923850,CHARLOTTE PKE,,,,238.00,Feet,West,OLD HICKORY BLVD,,,,0.00,N,Not at Intersection,N,Non-Junction,None,,,         ,Jack,Crouch,Clear,"Sideswipe, Same Direction",no,no,no,no,yes,False
102903682,METROPOLITAN NASHVILLE POLICE DEPT,20210100640,Davidson,Nashville,2/19/2021 12:50:00 PM,2,0,0,36.195000,-86.775570,I 65,,,,0.00,,,,,,,86.50,N,Not at Intersection, ,,None,,,         ,Joshua,Baker,,,no,no,no,no,no,False
102903696,METROPOLITAN NASHVILLE POLICE DEPT,20210100628,Davidson,Nashville,2/19/2021 11:20:00 AM,3,0,0,36.145280,-86.832650,SENTINEL DR,,,,401.00,Feet,North,LOOKOUT DR,,,,0.00,N,Not at Intersection, ,Non-Junction,None,,,         ,Gerry,Hutcheson,Snow,Front to Rear,no,no,no,no,no,False
102903705,METROPOLITAN NASHVILLE POLICE DEPT,20210100555,Davidson,Nashville,2/19/2021 10:00:00 AM,2,0,0,36.179560,-86.815770,24TH AVN,,,,101.00,Feet,North,SANTI AV,,,,0.00,N,Not at Intersection,N,Non-Junction,None,,,         ,Jean,McCormack,Snow,HeadOn,no,no,no,no,yes,False
102903707,METROPOLITAN NASHVILLE POLICE DEPT,20210100743,Davidson,Nashville,2/19/2021 1:45:00 PM,2,0,0,36.144500,-86.742510,ELM HILL PKE,,,,239.00,Feet,West,LANNIE BOSWELL AV,,,,0.00,N,Not at Intersection,N,Non-Junction,None,,,         ,Eric,Cunningham,Clear,"Sideswipe, Same Direction",no,no,no,no,yes,False
102903709,METROPOLITAN NASHVILLE POLICE DEPT,20210100712,Davidson,Nashville,2/19/2021 1:36:00 PM,2,0,0,36.070110,-86.655830,BRIDGECREST DR,,,,126.00,Feet,West,MULBERRY HILL PL,,,,0.00,N,Not at Intersection, ,Non-Junction,None,,,         ,Tyler,Heckaman,Clear,"Sideswipe, Same Direction",no,no,no,no,no,False
102903715,METROPOLITAN NASHVILLE POLICE DEPT,20210100730,Davidson,Nashville,2/19/2021 1:45:00 PM,3,0,0,36.245020,-86.782240,BRILEY PARK BLVDN,,,,240.00,Feet,North,BRICK CHURCH LN,,,,0.00,N,Not at Intersection,N,Non-Junction,None,,,         ,Wesley,Mcclelland,Clear,Front to Rear,no,no,no,no,yes,False
102903766,METROPOLITAN NASHVILLE POLICE DEPT,20210100884,Davidson,Nashville,2/19/2021 2:30:00 PM,1,0,0,36.244960,-86.767830,CHESAPEAKE DR,,,,49.00,Feet,North,WOOD TRL,,,,0.00,N,Not at Intersection,N,Non-Junction,None,,,         ,Kyle,Eicholtz,Clear,Not Collision with Motor Vehicle in Transport,no,no,no,no,yes,False