master_record_number,agency,agency_tracking_number,county,city,collision_date,vehicles_involved,number_injured,number_dead,latitude,longitude,roadway_name,roadway_suffix,roadway_number,roadway_local_id,distance_from_reference,miles-feet_indicator,direction_from_reference,intersection_road_name,intersection_road_name_suffix,intersection_road_number,intersection_local_id,mile_marker,intersection_indicator,intersect_type,interchange_related_indicator,relation_to_junction,work_zone_type,construction_maintenance_zone,construction_maintenance_zone_location,fatal_case_number,officer_first_name,officer_last_name,weather_condition(s),manner_of_crash,pedestrian,bicycle,scooter,parking,hitrun,mou
102904576,METROPOLITAN NASHVILLE POLICE DEPT,20210102624,Davidson,Nashville,2/20/2021 3:17:00 PM,2,0,0,36.187920,-86.798480,DOMINICAN DR,,,,0.00,Feet,West,ROSA L PARKS BLVD,,,,0.00,N,Not at Intersection,N,Non-Junction,None,,,         ,Lucas,Thomas,Clear,Front to Rear,no,no,no,no,no,False
102904591,METROPOLITAN NASHVILLE POLICE DEPT,20210102663,Davidson,Not in City Limit,2/20/2021 3:45:00 PM,2,0,0,36.325070,-86.873360,I 24,,,,0.00,,,,,,,34.65,N,Not at Intersection, ,AccelDecelLane,None,,,         ,Michael,Suagua,Clear,"Sideswipe, Same Direction",no,no,no,no,no,False
102904599,METROPOLITAN NASHVILLE POLICE DEPT,20210102621,Davidson,Not in City Limit,2/20/2021 3:02:00 PM,2,0,0,36.272890,-86.689510,MYATT DR,,,,281.00,Feet,North,ANDERSON LN,,,,0.00,N,Not at Intersection, ,SharedUsePathOrTrail,None,,,         ,Forrest,Punke,Clear,Angle,no,no,no,no,yes,False
102904600,METROPOLITAN NASHVILLE POLICE DEPT,20210102680,Davidson,Nashville,2/20/2021 1:00:00 PM,2,0,0,36.103350,-86.816090,WARFIELD DR,,,,0.00,,,HILLSBORO PKE,,,,0.00,Y,OTHER,N,OtherLocation,None,,,         ,Matthew,Turppa,Clear,Other,no,no,no,yes,yes,False
102904618,METROPOLITAN NASHVILLE POLICE DEPT,20210102597,Davidson,Nashville,2/20/2021 2:20:00 PM,2,0,0,36.077150,-86.641450,US HWY 41,,,,24.00,Feet,West,LAKEVILLA DR,,,,0.00,N,Not at Intersection,N,Non-Junction,None,,,         ,Steven,Bowler,Clear,Angle,no,no,no,no,no,False
102904629,METROPOLITAN NASHVILLE POLICE DEPT,20210102748,Davidson,Nashville,2/20/2021 4:44:00 PM,2,0,0,36.205890,-86.768610,E TRINITY LN,,,,0.00,,,DICKERSON PKE,,,,0.00,Y,Four-Way, ,Intersection,None,,,         ,Cooper,HIll,Clear,Front to Rear,no,no,no,no,no,False
102904630,METROPOLITAN NASHVILLE POLICE DEPT,20210102729,Davidson,Nashville,2/20/2021 10:00:00 AM,1,0,0,36.182860,-86.687060,WINDEMERE DR,,,,1131.00,Feet,West,WINDEMERE CT,,,,0.00,N,Not at Intersection,N,"Driveway, Alley Access, etc",None,,,         ,Donovan,Coble,Clear,Not Collision with Motor Vehicle in Transport,no,no,no,no,yes,False
102904646,METROPOLITAN NASHVILLE POLICE DEPT,20210102764,Davidson,Nashville,2/20/2021 2:23:00 PM,2,0,0,36.145280,-86.811910,WEST END AV,,,,4.00,Feet,East,28TH AVS,,,,0.00,N,Not at Intersection, ,Non-Junction,None,,,         ,Travis,Pemberton,Clear,Angle,no,no,no,no,no,Campus
102904655,METROPOLITAN NASHVILLE POLICE DEPT,20210102573,Davidson,Not in City Limit,2/20/2021 2:20:00 PM,2,0,0,36.012150,-86.704060,HOLT RD,,,,158.00,Feet,West,NOLENSVILLE PKE,,,,0.00,N,Not at Intersection,N,Non-Junction,None,,,         ,Austin,Roemeling,Clear,Angle,no,no,no,no,yes,False
102904656,METROPOLITAN NASHVILLE POLICE DEPT,20210102804,Davidson,Nashville,2/20/2021 4:55:00 PM,2,0,0,36.139220,-86.880370,CHARLOTTE PKE,,,,81.00,Feet,East,HILLWOOD BLVD,,,,0.00,N,Not at Intersection,N,Non-Junction,None,,,         ,Ryan,Papp,Clear,"Sideswipe, Same Direction",no,no,no,no,no,False
102904659,METROPOLITAN NASHVILLE POLICE DEPT,20210102778,Davidson,Nashville,2/20/2021 5:00:00 PM,2,1,0,36.106210,-86.673020,US HWY 41,,,,0.00,Feet,,STATE HWY 255,,,,0.00,Y,Four-Way,N,Intersection,None,,,         ,Steven,Bowler,Clear,Angle,no,no,no,no,no,False
102904667,METROPOLITAN NASHVILLE POLICE DEPT,202100102713,Davidson,Nashville,2/20/2021 3:53:00 PM,2,0,0,36.192380,-86.616130,OLD HICKORY BLVD,,,,19.00,Feet,South,JUAREZ DR,,,,0.00,N,Not at Intersection, ,Non-Junction,None,,,         ,Crockett,Bruce,Clear,Angle,no,no,no,no,no,False
102904672,METROPOLITAN NASHVILLE POLICE DEPT,20210102660,Davidson,Not in City Limit,2/20/2021 3:17:00 PM,2,0,0,36.012050,-86.704320,HOLT RD,,,,241.00,Feet,West,NOLENSVILLE PKE,,,,0.00,N,Not at Intersection,N,Non-Junction,None,,,         ,Austin,Roemeling,Clear,Angle,no,no,no,no,yes,False
102904678,METROPOLITAN NASHVILLE POLICE DEPT,20210102772,Davidson,Not in City Limit,2/20/2021 5:00:00 PM,2,0,0,36.264210,-86.734820,OLD HICKORY BLVDW,,,,109.00,Feet,East,BOYDS HILLTOP DR,,,,0.00,N,Not at Intersection,N,Non-Junction,None,,,         ,Philip,Claibourne,Snow,"Sideswipe, Opposite Direction",no,no,no,no,yes,False
102904687,METROPOLITAN NASHVILLE POLICE DEPT,20210102752,Davidson,Goodlettsville,2/20/2021 4:40:00 PM,2,0,0,36.299490,-86.694040,SHEPHERD HILLS DR,,,,488.00,Feet,East,CUDE LN,,,,0.00,N,Not at Intersection,N,Non-Junction,None,,,         ,Thomas,Denenea,Clear,"Sideswipe, Opposite Direction",no,no,no,no,no,False
102904689,METROPOLITAN NASHVILLE POLICE DEPT,20210102766,Davidson,Not in City Limit,2/20/2021 4:58:00 PM,2,0,0,36.011990,-86.704550,HOLT RD,,,,313.00,Feet,West,NOLENSVILLE PKE,,,,0.00,N,Not at Intersection, ,Non-Junction,None,,,         ,Austin,Roemeling,Clear,"Sideswipe, Opposite Direction",no,no,no,no,no,False
102904690,METROPOLITAN NASHVILLE POLICE DEPT,20210102892,Davidson,Not in City Limit,2/20/2021 6:17:00 PM,2,1,0,36.264190,-86.691470,MCARTHUR DR,,,,11.00,Feet,North,STATE RT 45,,,,0.00,N,Not at Intersection,N,Non-Junction,None,,,         ,Joshua,Dodge,Clear,Angle,no,no,no,no,no,False
102904694,METROPOLITAN NASHVILLE POLICE DEPT,20210102828,Davidson,Nashville,2/20/2021 5:37:00 PM,2,1,0,36.140880,-86.883100,ANNEX AV,,,,410.00,Feet,East,PREMIER DR,,,,0.00,N,Not at Intersection,N,OtherLocation,None,,,         ,Terence,Mitchell,Clear,Angle,no,no,no,no,no,False
102904702,METROPOLITAN NASHVILLE POLICE DEPT,20210102908,Davidson,Nashville,2/20/2021 6:25:00 PM,1,0,0,36.236960,-86.759880,I 65,,,,0.00,,,,,,,89.80,N,Not at Intersection,Y,Entrance/Exit Ramp Related,None,,,         ,Justen,Ogle,Snow,Not Collision with Motor Vehicle in Transport,no,no,no,no,no,False
102904704,METROPOLITAN NASHVILLE POLICE DEPT,20210103035,Davidson,Nashville,2/20/2021 7:49:00 PM,2,0,0,36.202050,-86.758150,JONES AV,,,,65.00,Feet,South,CHEROKEE AV,,,,0.00,N,Not at Intersection,N,Non-Junction,None,,,         ,Steffani,Dahlstrom,Clear,Front to Rear,no,no,no,no,no,False
102904719,METROPOLITAN NASHVILLE POLICE DEPT,20210102933,Davidson,Nashville,2/20/2021 6:47:00 PM,2,0,0,36.223750,-86.725700,GALLATIN PKE,,,,0.00,,,MCMAHAN AV,,,,0.00,Y,T-Intersection,N,Intersection,None,,,         ,Cooper,HIll,Clear,Angle,no,no,no,no,no,False
102904726,METROPOLITAN NASHVILLE POLICE DEPT,20210102978,Davidson,Old Hickory,2/20/2021 7:16:00 PM,2,1,0,36.268090,-86.668430,BRIDGEWAY AV,,,,255.00,Feet,North,ROBINSON RD,,,,0.00,N,Not at Intersection,N,Non-Junction,None,,,         ,Destiny,Zunic,Clear,Angle,no,no,no,no,no,False
102904740,METROPOLITAN NASHVILLE POLICE DEPT,20210103086,Davidson,Antioch,2/20/2021 8:14:00 PM,2,0,0,36.049170,-86.598770,PIN HOOK RD,,,,366.00,Feet,East,HOBSON PKE,,,,0.00,N,Not at Intersection,N,Non-Junction,None,,,         ,Nadine,Klemenz,Clear,"Sideswipe, Opposite Direction",no,no,no,no,no,False
102904789,METROPOLITAN NASHVILLE POLICE DEPT,20210103158,Davidson,Nashville,2/20/2021 8:00:00 PM,1,0,0,36.052530,-86.682600,BENZING RD,,,,114.00,Feet,North,TUSCULUM RD,,,,0.00,N,Not at Intersection,N,Non-Junction,None,,,         ,Keith,Parlato,Clear,Not Collision with Motor Vehicle in Transport,no,no,no,no,yes,False
102904817,METROPOLITAN NASHVILLE POLICE DEPT,20210102938,Davidson,Nashville,2/20/2021 6:17:00 PM,2,0,0,36.125270,-86.741950,GLENROSE AV,,,,135.00,Feet,East,FOSTER AV,,,,0.00,N,Not at Intersection,N,Non-Junction,None,,,         ,Timothy,Ward,Clear,"Sideswipe, Opposite Direction",no,no,no,no,no,False
102904833,METROPOLITAN NASHVILLE POLICE DEPT,20210103293,Davidson,Nashville,2/20/2021 9:20:00 PM,2,0,0,36.148740,-86.796000,CHET ATKINS PL,,,,0.00,,,19TH AVS,,,,0.00,Y,Four-Way,N,Intersection,None,,,         ,Michael,Hodges,Clear,Angle,no,no,no,no,yes,False
102904834,METROPOLITAN NASHVILLE POLICE DEPT,20210103247,Davidson,Nashville,2/20/2021 9:59:00 PM,1,0,0,36.054920,-86.636610,ZELIDA AV,,,,15.00,Feet,West,HAMILTON CHURCH RD,,,,0.00,N,Not at Intersection,N,Non-Junction,None,,,         ,Garrett,Latham,Snow,Not Collision with Motor Vehicle in Transport,no,no,no,no,no,False
102904838,METROPOLITAN NASHVILLE POLICE DEPT,20210103274,Davidson,Nashville,2/20/2021 10:24:00 PM,2,0,0,36.150360,-86.857910,WHITE BRIDGE PKE,,,,76.00,Feet,North,CHARLOTTE PKE,,,,0.00,N,Not at Intersection,N,Non-Junction,None,,,         ,Terence,Mitchell,Clear,Front to Rear,no,no,no,no,yes,False
102904839,METROPOLITAN NASHVILLE POLICE DEPT,20210103245,Davidson,Nashville,2/20/2021 9:50:00 PM,2,0,0,36.234330,-86.802130,BRILEY PKWYW,,,,407.00,Feet,East,BRILEY PKWYE,,,,0.00,N,Not at Intersection, ,Non-Junction,None,,,         ,Malik,Burriss,Clear,HeadOn,no,no,no,no,no,False
102904840,METROPOLITAN NASHVILLE POLICE DEPT,2021-0102531,Davidson,Nashville,2/20/2021 12:00:00 AM,2,0,0,36.234200,-86.720280,BRILEY PKWYE,,,,0.00,,,BRILEY PKWY E ENT RAMP,,,,0.00,Y,OTHER, ,Non-Junction,Construction Zone,,,         ,Frank,Walker,Clear,Not Collision with Motor Vehicle in Transport,no,no,no,no,no,False
102904847,METROPOLITAN NASHVILLE POLICE DEPT,20210103256,Davidson,Nashville,2/20/2021 10:14:00 PM,2,2,0,36.069290,-86.689190,I 24,,,,0.00,,,,,,,57.00,N,Not at Intersection,N,Entrance/Exit Ramp Related,None,,,         ,Samuel,Fredericks,Clear,Angle,no,no,no,no,no,False
102904849,METROPOLITAN NASHVILLE POLICE DEPT,202110103273,Davidson,Nashville,2/20/2021 9:00:00 PM,2,0,0,36.133770,-86.699690,ARBOR CREEK BLVD,,,,194.00,Feet,South,ARBOR CREEK WAY,,,,0.00,N,Not at Intersection, ,Non-Junction,None,,,         ,Theodore,Flick,Clear,Angle,no,no,no,yes,yes,False
102904852,METROPOLITAN NASHVILLE POLICE DEPT,20210103258,Davidson,Nashville,2/20/2021 10:15:00 PM,2,0,0,36.163530,-86.762370,I 24,,,,0.00,,,,,,,49.20,N,Not at Intersection,N,Non-Junction,None,,,         ,Phillip,Burke,Clear,Front to Rear,no,no,no,no,no,False
102904853,METROPOLITAN NASHVILLE POLICE DEPT,20210103356,Davidson,Nashville,2/20/2021 10:54:00 PM,2,0,0,36.154720,-86.788130,I40 W EXT RAMP,,,,86.00,Feet,South,MCGAVOCK ST,,,,0.00,N,Not at Intersection, ,Non-Junction,None,,,         ,Seth,Quiles,Clear,Front to Rear,no,no,no,no,no,False
102904858,METROPOLITAN NASHVILLE POLICE DEPT,20210103416,Davidson,Nashville,2/21/2021 12:00:00 AM,1,0,0,36.116260,-86.777940,I440 W ENT RAMP,,,,0.00,Feet,East,I 440,,,,0.00,N,Not at Intersection,N,Non-Junction,None,,,         ,Henry,Perez,Clear,Not Collision with Motor Vehicle in Transport,no,no,no,no,no,False
102904859,METROPOLITAN NASHVILLE POLICE DEPT,20210103426,Davidson,Nashville,2/20/2021 10:10:00 PM,2,0,0,36.069530,-86.693400,HAYWOOD LN,,,,153.00,Feet,East,EZELL RD,,,,0.00,N,Not at Intersection, ,Non-Junction,None,,,         ,Dylan,Ramos,Clear,"Sideswipe, Same Direction",no,no,no,no,yes,False
102904861,METROPOLITAN NASHVILLE POLICE DEPT,20210103422,Davidson,Nashville,2/20/2021 11:43:00 PM,2,0,0,36.055020,-86.638410,ZELIDA AV,,,,548.00,Feet,West,HAMILTON CHURCH RD,,,,0.00,N,Not at Intersection,N,Non-Junction,None,,,         ,Kevin,Breeding,Snow,"Sideswipe, Opposite Direction",no,no,no,no,yes,False
102904863,METROPOLITAN NASHVILLE POLICE DEPT,20210103386,Davidson,Nashville,2/20/2021 11:34:00 PM,1,0,0,36.127070,-86.727790,I 440,,,,0.00,,,,,,,7.55,N,Not at Intersection,N,Entrance/Exit Ramp Related,None,,,         ,Autumn,Manning,Clear,Not Collision with Motor Vehicle in Transport,no,no,no,no,yes,False
102904876,METROPOLITAN NASHVILLE POLICE DEPT,20210103521,Davidson,Nashville,2/21/2021 12:30:00 AM,2,0,0,36.128820,-86.707880,PATRICIA DR,,,,628.00,Feet,North,THOMPSON PL,,,,0.00,N,Not at Intersection,N,"Driveway, Alley Access, etc",None,,,         ,Corey,Ethridge,Clear,Other,no,no,no,yes,yes,False
102904878,METROPOLITAN NASHVILLE POLICE DEPT,20210103599,Davidson,Nashville,2/21/2021 1:33:00 AM,1,0,0,36.189970,-86.606940,ANDREW JACKSON PKWY,,,,332.00,Feet,North,CHANDLER RD,,,,0.00,N,Not at Intersection,N,Non-Junction,None,,,         ,Andrew,Richey,Other,Not Collision with Motor Vehicle in Transport,no,no,no,no,no,False
102904888,METROPOLITAN NASHVILLE POLICE DEPT,20210103741,Davidson,Nashville,2/21/2021 2:45:00 AM,2,0,0,36.167650,-86.799190,14TH AVN,,,,16.00,Feet,South,ANDREW JACKSON COURTS PVTDR,,,,0.00,N,Not at Intersection,N,Non-Junction,None,,,         ,Lawrence,Whited,Clear,Rear to Rear,no,no,no,no,yes,False
102904889,METROPOLITAN NASHVILLE POLICE DEPT,20210103547,Davidson,Nashville,2/21/2021 12:00:00 AM,1,0,0,36.195320,-86.742990,GALLATIN AV,,,,125.00,Feet,North,CHESTER AV,,,,0.00,N,Not at Intersection,N,Non-Junction,None,,,         ,Cody,MIller,Clear,Not Collision with Motor Vehicle in Transport,no,no,no,no,yes,False
102904915,METROPOLITAN NASHVILLE POLICE DEPT,20210103861,Davidson,Nashville,2/21/2021 1:30:00 AM,2,0,0,36.199750,-86.809570,MAINSTREAM DR,,,,506.00,Feet,West,GREAT CIRCLE RD,,,,0.00,N,Not at Intersection,N,Non-Junction,None,,,         ,Joel,Bennett,,Rear to Rear,no,no,no,yes,yes,False
102904922,METROPOLITAN NASHVILLE POLICE DEPT,20210102492,Davidson,Nashville,2/20/2021 12:53:00 PM,2,0,0,36.125970,-86.846920,KENNER AVN,,,,138.00,Feet,West,HARDING PKE,,,,0.00,N,Not at Intersection, ,,None,,,         ,Darren,Key,,,no,no,no,no,no,False
102904956,TENNESSEE STATE UNIVERSITY ,21-TSU-06017,Davidson,Nashville,2/21/2021 1:30:00 AM,1,0,0,36.168302,-86.826896,WILSON HALL DRIVE,,,,0.00,,,WILSON HALL DRIVE,DR,,NONE,0.00,Y,T-Intersection, ,"Driveway, Alley Access, etc",None,,,         ,Horace,Green,"Snow, Other",Not Collision with Motor Vehicle in Transport,no,no,no,yes,no,False
102904987,Nashville Airport Police,2021-00522,Davidson,Nashville,2/20/2021 1:02:00 PM,2,0,0,36.132240,-86.665310,TERMINAL DR,,,,0.00,,,GARAGE 2,,,,0.00,Y,OTHER, ,OtherLocation,None,,,         ,Ethan,Denton,Clear,"Sideswipe, Opposite Direction",no,no,no,yes,no,False
102904998,METROPOLITAN NASHVILLE POLICE DEPT,20210103996,Davidson,Nashville,2/21/2021 8:00:00 AM,2,0,0,36.049080,-86.598020,PIN HOOK RD,,,,590.00,Feet,East,HOBSON PKE,,,,0.00,N,Not at Intersection, ,Non-Junction,None,,,         ,Lee,Davis,Clear,"Sideswipe, Same Direction",no,no,no,no,yes,False
102904999,METROPOLITAN NASHVILLE POLICE DEPT,20210103995,Davidson,Nashville,2/21/2021 8:02:00 AM,2,1,0,36.044860,-86.670430,BELL RD,,,,0.00,,,HICKORY PARK DR,,,,0.00,Y,T-Intersection,N,Intersection,None,,,         ,Stanley,Collins,Other,Angle,no,no,no,no,no,False
102905053,METROPOLITAN NASHVILLE POLICE DEPT,20210104122,Davidson,Nashville,2/14/2021 8:19:00 PM,1,0,0,36.119410,-86.749470,NOLENSVILLE PKE,,,,123.00,Feet,North,NEWSOME ST,,,,0.00,N,Not at Intersection,N,Non-Junction,None,,,         ,Cecelia,Brown,Clear,Not Collision with Motor Vehicle in Transport,no,no,no,yes,yes,False
102905055,METROPOLITAN NASHVILLE POLICE DEPT,20210104081,Davidson,Nashville,2/21/2021 12:00:00 AM,2,0,0,36.047490,-86.684540,BRENTRIDGE PL,,,,0.00,,,,,,,0.00,,,N,Non-Junction,None,,,         ,Joshua,Belk,Unknown,"Sideswipe, Same Direction",no,no,no,yes,yes,False
102905073,METROPOLITAN NASHVILLE POLICE DEPT,20210104182,Davidson,Nashville,2/21/2021 11:14:00 AM,2,0,0,36.168360,-86.665790,LEBANON PKE,,,,348.00,Feet,East,J B ESTILLE DR,,,,0.00,N,Not at Intersection,N,Non-Junction,None,,,         ,MIchael,Mihajlov,,"Sideswipe, Same Direction",no,no,no,no,yes,False
102905101,METROPOLITAN NASHVILLE POLICE DEPT,20210104130,Davidson,Nashville,2/21/2021 10:15:00 AM,1,0,0,36.167950,-86.809400,21ST AVN,,,,29.00,Feet,North,MEHARRY BLVD,,,,0.00,N,Not at Intersection, ,Non-Junction,None,,,         ,Jedidayah,Merriweather,Snow,Not Collision with Motor Vehicle in Transport,no,no,no,no,yes,False
102905102,METROPOLITAN NASHVILLE POLICE DEPT,20210104224,Davidson,Nashville,2/21/2021 11:59:00 AM,2,0,0,36.127330,-86.711910,MURFREESBORO PKE,,,,484.00,Feet,East,PHILFRE CT,,,,0.00,N,Not at Intersection,N,Non-Junction,None,,,         ,John,Chambers,Clear,Angle,no,no,no,yes,yes,False
102905145,METROPOLITAN NASHVILLE POLICE DEPT,20210104252,Davidson,Nashville,2/21/2021 12:42:00 PM,2,0,0,36.163830,-86.785310,ROSA L PARKS AV,,,,184.00,Feet,South,6TH AVN,,,,0.00,N,Not at Intersection, ,OtherLocation,None,,,         ,Harold,Wells,Clear,Front to Rear,no,no,no,no,no,False
102905155,METROPOLITAN NASHVILLE POLICE DEPT,20210104221,Davidson,Nashville,2/21/2021 3:00:00 AM,1,0,0,36.173450,-86.687710,BLUE HILLS CT,,,,503.00,Feet,North,REVERE PL,,,,0.00,N,Not at Intersection,N,Non-Junction,None,,,         ,Rex,Engelbert,Unknown,Not Collision with Motor Vehicle in Transport,no,no,no,yes,yes,False
102905181,METROPOLITAN NASHVILLE POLICE DEPT,20210104259,Davidson,Nashville,2/21/2021 12:50:00 PM,1,0,0,36.037510,-86.664260,MOUNTAINHIGH DR,,,,0.00,Feet,East,CHIMNEYTOP DR,,,,0.00,N,Not at Intersection,N,Non-Junction,None,,,         ,Tyler,Heckaman,Clear,Not Collision with Motor Vehicle in Transport,no,no,no,no,yes,False
102905184,METROPOLITAN NASHVILLE POLICE DEPT,2021-01014296,Davidson,Nashville,2/21/2021 1:56:00 PM,2,0,0,36.211940,-86.598620,ANDREW JACKSON PKWY,,,,385.00,Feet,North,COLUMBUS DR,,,,0.00,N,Not at Intersection, ,Non-Junction,None,,,         ,Calvin,Graham,Clear,Front to Rear,no,no,no,no,yes,False
102905188,METROPOLITAN NASHVILLE POLICE DEPT,20210104135,Davidson,Not in City Limit,2/21/2021 10:33:00 AM,1,1,0,36.311060,-86.877190,EATONS CREEK RD,,,,0.00,,,RAWLINGS RD,,,,0.00,Y,T-Intersection,N,Intersection,None,,,         ,Tyler,Adcock,Clear,Not Collision with Motor Vehicle in Transport,no,no,no,no,no,False
102905246,METROPOLITAN NASHVILLE POLICE DEPT,20210104368,Davidson,Nashville,2/21/2021 2:50:00 PM,2,0,0,36.089140,-86.627450,BELL RD,,,,0.00,Feet,,NASHBORO BLVD,,,,0.00,Y,T-Intersection,N,Intersection,None,,,         ,Joshua,Zambrano-Vera,Clear,Front to Rear,no,no,no,no,yes,False
102905282,METROPOLITAN NASHVILLE POLICE DEPT,20210104488,Davidson,Nashville,2/21/2021 4:24:00 PM,2,0,0,36.173270,-86.791400,ROSA L PARKS BLVD,,,,0.00,,,JEFFERSON ST,,,,0.00,Y,Four-Way, ,Intersection,None,,,         ,Gabriel,Vasquez,Clear,Angle,no,no,no,no,no,False
102905294,METROPOLITAN NASHVILLE POLICE DEPT,20210104462,Davidson,Nashville,2/21/2021 3:55:00 PM,2,0,0,36.149790,-86.795830,19TH AVS,,,,203.00,Feet,South,DIVISION ST,,,,0.00,N,Not at Intersection, ,,None,,,         ,Dakota,Davis,,,no,no,no,yes,no,False
102905296,METROPOLITAN NASHVILLE POLICE DEPT,20210104469,Davidson,Not in City Limit,2/21/2021 11:55:00 AM,2,0,0,36.076810,-86.940690,STACY DR,,,,622.00,Feet,East,CARRIAGE DR,,,,0.00,N,Not at Intersection,N,Non-Junction,None,,,         ,Adam,Reese,Clear,"Sideswipe, Opposite Direction",no,no,no,no,yes,False
102905299,METROPOLITAN NASHVILLE POLICE DEPT,2021-0104516,Davidson,Nashville,2/21/2021 4:37:00 PM,1,0,0,36.065320,-86.685420,I 24,,,,0.00,,,,,,,57.35,N,Not at Intersection, ,Non-Junction,None,,,         ,Wayne,Helm,Clear,Not Collision with Motor Vehicle in Transport,no,no,no,no,no,False
102905300,METROPOLITAN NASHVILLE POLICE DEPT,20210104481,Davidson,Nashville,2/18/2021 12:00:00 AM,2,0,0,36.179300,-86.804040,11TH AVN,,,,99.00,Feet,South,ARTHUR AV,,,,0.00,N,Not at Intersection,N,Non-Junction,None,,,         ,Lucas,Thomas,Unknown,Angle,no,no,no,no,yes,False
102905305,METROPOLITAN NASHVILLE POLICE DEPT,20210104428,Davidson,Nashville,2/21/2021 3:37:00 PM,2,0,0,36.059070,-86.716220,TUSCULUM RD,,,,0.00,,,NOLENSVILLE PKE,,,,0.00,Y,Four-Way,N,Intersection,None,,,         ,Austin,Roemeling,Clear,HeadOn,no,no,no,no,yes,False
102905310,METROPOLITAN NASHVILLE POLICE DEPT,20210104552,Davidson,Nashville,2/21/2021 5:08:00 PM,2,0,0,36.140050,-86.666390,DONELSON PKE,,,,0.00,,,I40 E EXT RAMP,,,,0.00,Y,T-Intersection, ,Non-Junction,None,,,         ,Brandon,Chapman,Clear,"Sideswipe, Same Direction",no,no,no,no,yes,False
102905320,METROPOLITAN NASHVILLE POLICE DEPT,20210104525,Davidson,Not in City Limit,2/21/2021 4:54:00 PM,2,0,0,36.035410,-86.968160,HIGHWAY 100,,,,0.00,,,PASQUO RD,,,,0.00,Y,T-Intersection,N,Intersection-Related,None,,,         ,Adam,Reese,Clear,Front to Rear,no,no,no,no,no,False
102905323,METROPOLITAN NASHVILLE POLICE DEPT,20210104492,Davidson,Nashville,2/21/2021 4:26:00 PM,1,1,0,36.101790,-86.740550,NOLENSVILLE PKE,,,,0.00,,,ANTIOCH PKE,,,,0.00,Y,T-Intersection,N,Intersection,None,,,         ,Steven,Powers,Cloudy,Not Collision with Motor Vehicle in Transport,yes,no,no,no,no,False
102905361,METROPOLITAN NASHVILLE POLICE DEPT,20210104536,Davidson,Nashville,2/21/2021 5:00:00 PM,2,0,0,36.149030,-86.746430,I 40,,,,0.00,,,,,,,211.85,N,Not at Intersection,N,Non-Junction,None,,,         ,Reagan,Heath,Clear,Front to Rear,no,no,no,no,yes,False
102905362,METROPOLITAN NASHVILLE POLICE DEPT,20210104460,Davidson,Not in City Limit,2/21/2021 4:40:00 PM,2,0,0,36.267930,-86.710770,CUMBERLAND AV,,,,0.00,,,GALLATIN PKEN,,,,0.00,Y,T-Intersection,Y,Intersection-Related,None,,,         ,Forrest,Punke,Clear,Front to Rear,no,no,no,no,no,False
102905363,METROPOLITAN NASHVILLE POLICE DEPT,20210104586,Davidson,Nashville,2/21/2021 12:00:00 AM,1,0,0,36.227990,-86.725280,GALLATIN PKE,,,,61.00,Feet,South,GWYNN DR,,,,0.00,N,Not at Intersection,N,Non-Junction,None,,,         ,Justen,Ogle,Other,Not Collision with Motor Vehicle in Transport,no,no,no,no,no,False
102905364,METROPOLITAN NASHVILLE POLICE DEPT,20210104608,Davidson,Nashville,2/21/2021 6:12:00 PM,2,0,0,36.148820,-86.666280,DONELSON PKE,,,,3.00,Feet,North,ELM HILL PKE,,,,0.00,N,Not at Intersection,N,Non-Junction,None,,,         ,Brandon,Chapman,Clear,HeadOn,no,no,no,no,no,False
102905389,METROPOLITAN NASHVILLE POLICE DEPT,20210104624,Davidson,Not in City Limit,2/21/2021 6:27:00 PM,3,0,0,36.282990,-86.730900,I 65,,,,0.00,,,,,,,93.60,N,Not at Intersection, ,,None,,,         ,Bradley,Campbell,,,no,no,no,no,no,False
102905391,METROPOLITAN NASHVILLE POLICE DEPT,20210104659,Davidson,Nashville,2/21/2021 6:33:00 PM,2,0,0,36.213570,-86.764520,DELLWAY VILLA RD,,,,0.00,Feet,East,DICKERSON PKE,,,,0.00,N,Not at Intersection, ,,None,,,         ,Tyler,Geiger,,,no,no,no,no,no,False
102905415,METROPOLITAN NASHVILLE POLICE DEPT,20210104503,Davidson,Nashville,2/21/2021 4:30:00 PM,2,0,0,36.081100,-86.758360,HARDING PL,,,,0.00,,,TROUSDALE DR,,,,0.00,Y,Four-Way, ,Intersection,None,,,         ,Brandon,Hughes,Clear,Angle,no,no,no,no,no,False
102905436,METROPOLITAN NASHVILLE POLICE DEPT,20210104671,Davidson,Not in City Limit,2/21/2021 7:13:00 PM,2,0,0,36.349430,-86.903660,HARPER RD,,,,1992.00,Feet,West,BAXTER RD,,,,0.00,N,Not at Intersection,N,Non-Junction,None,,,         ,Mary,Hall,,"Sideswipe, Opposite Direction",no,no,no,no,no,False
102905437,METROPOLITAN NASHVILLE POLICE DEPT,20210104653,Davidson,Nashville,2/21/2021 6:28:00 PM,2,0,0,36.155000,-86.627120,I40 E EXT RAMP,,,,0.00,,,I 40,,,,0.00,Y,Four-Way, ,Intersection,None,,,         ,William,Boler,Snow,Angle,no,no,no,no,no,False