master_record_number,agency,agency_tracking_number,county,city,collision_date,vehicles_involved,number_injured,number_dead,latitude,longitude,roadway_name,roadway_suffix,roadway_number,roadway_local_id,distance_from_reference,miles-feet_indicator,direction_from_reference,intersection_road_name,intersection_road_name_suffix,intersection_road_number,intersection_local_id,mile_marker,intersection_indicator,intersect_type,interchange_related_indicator,relation_to_junction,work_zone_type,construction_maintenance_zone,construction_maintenance_zone_location,fatal_case_number,officer_first_name,officer_last_name,weather_condition(s),manner_of_crash,pedestrian,bicycle,scooter,parking,hitrun,mou
102908699,METROPOLITAN NASHVILLE POLICE DEPT,20210113010,Davidson,Nashville,2/25/2021 12:00:00 AM,2,1,0,36.077150,-86.734090,OVERCREST DR,,,,0.00,,,HARDING PL,,,,0.00,Y,T-Intersection,N,Intersection,None,,,         ,Darci,Stechman,Clear,Angle,no,no,no,no,no,False
102908700,METROPOLITAN NASHVILLE POLICE DEPT,20210113165,Davidson,Nashville,2/25/2021 3:25:00 PM,2,0,0,36.149210,-86.763570,LAFAYETTE ST,,,,338.00,Feet,West,CHARLES E DAVIS BLVD,,,,0.00,N,Not at Intersection, ,Non-Junction,None,,,         ,Douglas,Mann,Clear,Angle,no,no,no,no,no,False
102908704,METROPOLITAN NASHVILLE POLICE DEPT,20210113179,Davidson,Nashville,2/25/2021 4:20:00 PM,2,1,0,36.161200,-86.792680,CHARLOTTE AV,,,,0.00,,,GEORGE L DAVIS BLVD,,,,0.00,Y,Four-Way,Y,Intersection,None,,,         ,Gabriel,Vasquez,Clear,Angle,no,no,no,no,no,False
102908706,METROPOLITAN NASHVILLE POLICE DEPT,20210113047,Davidson,Not in City Limit,2/25/2021 2:45:00 PM,1,1,0,36.324950,-86.921290,OLD CLARKSVILLE PKE,,,,499.00,Feet,West,JACOBS VALLEY RD,,,,0.00,N,Not at Intersection,N,Non-Junction,None,,,         ,Scarlett,Collins,Clear,Not Collision with Motor Vehicle in Transport,no,no,no,no,no,False
102908720,METROPOLITAN NASHVILLE POLICE DEPT,20210113215,Davidson,Not in City Limit,2/25/2021 4:36:00 PM,2,0,0,36.274440,-86.735540,I 65,,,,0.00,,,,,,,93.00,N,Not at Intersection, ,Non-Junction,None,,,         ,Christopher,Littles,Cloudy,Front to Rear,no,no,no,no,no,False
102908751,METROPOLITAN NASHVILLE POLICE DEPT,20210113128,Davidson,Nashville,2/25/2021 3:00:00 PM,2,0,0,36.153980,-86.758410,I 40,,,,0.00,,,,,,,211.10,N,Not at Intersection, ,Non-Junction,None,,,         ,Donovan,Coble,,Angle,no,no,no,no,no,False
102908752,METROPOLITAN NASHVILLE POLICE DEPT,20210113293,Davidson,Nashville,2/25/2021 4:40:00 PM,2,0,0,36.171980,-86.798930,I65 N ENT RAMP,,,,0.00,Feet,East,I 40,,,,0.00,N,Not at Intersection, ,,None,,,         ,Eric,McCoy,,,no,no,no,no,no,False
102908759,METROPOLITAN NASHVILLE POLICE DEPT,20210113252,Davidson,Nashville,2/25/2021 4:55:00 PM,2,0,0,36.184860,-86.759280,CLEVELAND ST,,,,0.00,,,ELLINGTON PKWY N ENT RAMP,,,,0.00,Y,Four-Way, ,,None,,,         ,Zachary,Aldrich,,,no,no,no,no,no,False
102908760,METROPOLITAN NASHVILLE POLICE DEPT,20210113159,Davidson,Nashville,2/25/2021 3:35:00 PM,2,0,0,36.135540,-86.797170,18TH AVS,,,,0.00,Feet,East,17TH AVS,,,,0.00,N,Not at Intersection,N,Non-Junction,None,,,         ,Goran,Manojlovic,Clear,Front to Rear,no,no,no,no,yes,False
102908771,METROPOLITAN NASHVILLE POLICE DEPT,20210113243,Davidson,Not in City Limit,2/25/2021 12:00:00 AM,2,0,0,36.270550,-86.689740,MYATT DR,,,,424.00,Feet,North,ROOSEVELT AV,,,,0.00,N,Not at Intersection, ,"Driveway, Alley Access, etc",None,,,         ,Thomas,Denenea,Clear,Angle,no,no,no,no,no,False
102908774,METROPOLITAN NASHVILLE POLICE DEPT,20210113099,Davidson,Nashville,2/25/2021 3:37:00 PM,4,1,0,36.235450,-86.758280,DICKERSON PKE,,,,129.00,Feet,North,HOMESTEAD RD,,,,0.00,N,Not at Intersection,N,Non-Junction,None,,,         ,Cooper,HIll,Clear,Front to Rear,no,no,no,no,yes,False
102908775,METROPOLITAN NASHVILLE POLICE DEPT,20210113319,Davidson,Nashville,2/25/2021 5:33:00 PM,2,1,0,36.160950,-86.797150,16TH AVN,,,,0.00,,,PEARL ST,,,,0.00,Y,Four-Way,N,Intersection-Related,None,,,         ,Anna,Clayton,Clear,Other,no,no,no,no,no,False
102908776,METROPOLITAN NASHVILLE POLICE DEPT,20210113267,Davidson,Nashville,2/25/2021 5:06:00 PM,2,0,0,36.098340,-86.710060,I 24,,,,0.00,,,,,,,54.70,N,Not at Intersection, ,,None,,,         ,Robert,Higgins,,,no,no,no,no,no,False
102908777,VANDERBILT UNIVERSITY POLICE,210113266,Davidson,Nashville,2/25/2021 4:35:00 PM,2,0,0,36.138700,-86.806180,CHILDRENS WAY,,,,0.00,,,,,,,0.00,,, ,Non-Junction,None,,,         ,Edwin,Melgar,Cloudy,"Sideswipe, Opposite Direction",no,no,no,yes,no,Campus
102908789,METROPOLITAN NASHVILLE POLICE DEPT,20210113042,Davidson,Nashville,2/25/2021 3:00:00 PM,2,0,0,36.154010,-86.758500,I 40,,,,0.00,,,,,,,211.10,N,Not at Intersection, ,Non-Junction,None,,,         ,Donovan,Coble,,Angle,no,no,no,no,no,False
102908794,METROPOLITAN NASHVILLE POLICE DEPT,20210113385,Davidson,Nashville,2/25/2021 5:25:00 PM,2,0,0,36.032560,-86.768700,CLOVERLAND DR,,,,0.00,,,CHURCH STE,,,,0.00,Y,Four-Way, ,Non-Junction,None,,,         ,Brady,Reynolds,Clear,Angle,no,no,no,no,no,False
102908797,METROPOLITAN NASHVILLE POLICE DEPT,20210113445,Davidson,Nashville,2/25/2021 6:23:00 PM,2,0,0,36.139630,-86.881200,ANNEX AV,,,,280.00,Feet,North,CHARLOTTE PKE,,,,0.00,N,Not at Intersection, ,Non-Junction,None,,,         ,Brandon,Pedigo,Cloudy,Angle,no,no,no,no,no,False
102908802,METROPOLITAN NASHVILLE POLICE DEPT,20210113132,Davidson,Nashville,2/25/2021 3:52:00 PM,2,1,0,36.143480,-86.687490,I 40,,,,0.00,,,,,,,215.45,N,Not at Intersection,N,Non-Junction,None,,,         ,William,Boler,,Angle,no,no,no,no,no,False
102908803,METROPOLITAN NASHVILLE POLICE DEPT,20210113115,Davidson,Nashville,2/25/2021 2:35:00 PM,2,0,0,36.188410,-86.624310,STONERS BEND DR,,,,1347.00,Feet,North,LEBANON PKE,,,,0.00,N,Not at Intersection,N,Non-Junction,None,,,         ,William,Boler,Clear,Angle,no,no,no,no,yes,False
102908804,METROPOLITAN NASHVILLE POLICE DEPT,20210113470,Davidson,Nashville,2/25/2021 5:55:00 PM,2,0,0,36.044480,-86.780660,I 65,,,,0.00,,,,,,,75.00,N,Not at Intersection,N,Non-Junction,None,,,         ,Cory,Stratton,Cloudy,Front to Rear,no,no,no,no,no,False
102908805,METROPOLITAN NASHVILLE POLICE DEPT,20210113324,Davidson,Antioch,2/25/2021 5:30:00 PM,2,0,0,36.028980,-86.591190,MURFREESBORO PKE,,,,312.00,Feet,North,LAVERGNE COUCHVILLE PKE,,,,0.00,N,Not at Intersection,N,Non-Junction,None,,,         ,Gabriel,Hamilton,Clear,Angle,no,no,no,no,yes,False
102908810,METROPOLITAN NASHVILLE POLICE DEPT,20210113072,Davidson,Nashville,2/25/2021 3:17:00 PM,3,0,0,36.182740,-86.774930,I 24,,,,0.00,,,,,,,47.40,N,Not at Intersection,N,Non-Junction,None,,,         ,Ryan,Allen,Clear,"Sideswipe, Same Direction",no,no,no,no,yes,False
102908829,METROPOLITAN NASHVILLE POLICE DEPT,20210113352,Davidson,Nashville,2/25/2021 4:27:00 PM,2,0,0,36.148360,-86.666300,DONELSON PKE,,,,160.00,Feet,South,ELM HILL PKE,,,,0.00,N,Not at Intersection,N,Non-Junction,None,,,         ,Douglas,Mann,Clear,Front to Rear,no,no,no,no,yes,False
102908835,METROPOLITAN NASHVILLE POLICE DEPT,20210113564,Davidson,Nashville,2/25/2021 7:14:00 PM,2,0,0,36.138500,-86.784560,SUMMIT AV,,,,119.00,Feet,West,10TH AVS,,,,0.00,N,Not at Intersection,N,Non-Junction,None,,,         ,Zachary,Plese,Clear,"Sideswipe, Same Direction",no,no,no,no,yes,False
102908841,METROPOLITAN NASHVILLE POLICE DEPT,20210113482,Davidson,Nashville,2/25/2021 6:40:00 PM,2,1,0,36.149030,-86.863430,CHARLOTTE PKE,,,,412.00,Feet,South,LELLYETT ST,,,,0.00,N,Not at Intersection,N,Non-Junction,None,,,         ,Jared,Dick,Clear,Angle,no,no,no,no,no,False
102908843,METROPOLITAN NASHVILLE POLICE DEPT,20210113164,Davidson,Nashville,2/25/2021 3:55:00 PM,2,0,0,36.169650,-86.587480,I 40,,,,0.00,,,,,,,221.55,N,Not at Intersection,N,Non-Junction,None,,,         ,Phillip,Burke,Clear,"Sideswipe, Same Direction",no,no,no,no,yes,False
102908848,METROPOLITAN NASHVILLE POLICE DEPT,20210113623,Davidson,Nashville,2/25/2021 7:00:00 PM,2,0,0,36.187750,-86.821160,CLARKSVILLE PKE,,,,148.00,Feet,East,ROSA L PARKS BLVD,,,,0.00,N,Not at Intersection,N,Non-Junction,None,,,         ,Daniel,Kallman,Clear,Front to Rear,no,no,no,no,yes,False
102908849,GOODLETTSVILLE POLICE DEPT,21-05447,Davidson,Goodlettsville,2/25/2021 7:06:00 PM,2,0,0,36.309580,-86.695710,CONFERENCE DR,,,,41.00,Feet,North,VIETNAM VETERANS BLVD SB EXT R,,,,0.00,N,Not at Intersection, ,Entrance/Exit Ramp Related,None,,,         ,Nicholas,Given,Clear,Angle,no,no,no,no,no,False
102908881,METROPOLITAN NASHVILLE POLICE DEPT,20210111297,Davidson,Nashville,2/24/2021 8:44:00 PM,2,3,0,36.149080,-86.863080,CHARLOTTE PKE,,,,391.00,Feet,South,LELLYETT ST,,,,0.00,N,Not at Intersection,N,Non-Junction,None,,,         ,Torian,Cox,Clear,Angle,no,no,no,no,no,False
102908882,METROPOLITAN NASHVILLE POLICE DEPT,20210113656,Davidson,Nashville,2/25/2021 7:58:00 PM,2,0,0,36.079520,-86.714490,WALLACE RD,,,,0.00,,,HUMBER DR,,,,0.00,Y,Four-Way,N,Intersection,None,,,         ,Eric,Laury,Clear,Angle,no,no,no,no,no,False
102908885,METROPOLITAN NASHVILLE POLICE DEPT,20210113329,Davidson,Nashville,2/25/2021 3:50:00 PM,2,1,0,36.170820,-86.601580,I40 W ENT RAMP,,,,0.00,Feet,,I 40,,,,0.00,Y,Four-Way,N,Entrance/Exit Ramp Related,None,,,         ,Rami,Rouhi,Clear,Angle,no,no,no,no,no,False
102908886,METROPOLITAN NASHVILLE POLICE DEPT,20210113518,Davidson,Nashville,2/25/2021 6:42:00 PM,2,0,0,36.036270,-86.725160,ELMSHADE LN,,,,557.00,Feet,West,MAPLESONG DR,,,,0.00,N,Not at Intersection, ,,None,,,         ,Steven,Powers,,,no,no,no,no,no,False
102908958,METROPOLITAN NASHVILLE POLICE DEPT,20210113374,Davidson,Nashville,2/25/2021 5:40:00 PM,2,0,0,36.153590,-86.857360,BRILEY PKWY S EXT RAMP,,,,0.00,,,I40 W EXT RAMP,,,,0.00,Y,OTHER, ,Entrance/Exit Ramp Related,None,,,         ,Torian,Cox,Clear,"Sideswipe, Same Direction",no,no,no,no,yes,False
102908992,METROPOLITAN NASHVILLE POLICE DEPT,20210113860,Davidson,Nashville,2/25/2021 9:51:00 PM,2,1,0,36.156010,-86.788850,BROADWAY,,,,0.00,,,I40 W ENT RAMP,,,,0.00,Y,OTHER,Y,Intersection,None,,,         ,Gabriel,Vasquez,Clear,Angle,no,no,no,no,no,False
102909006,METROPOLITAN NASHVILLE POLICE DEPT,20210113688,Davidson,Nashville,2/25/2021 8:05:00 PM,2,1,0,36.150480,-86.770350,4TH AVS,,,,0.00,,,I40 E EXT RAMP,,,,0.00,Y,Four-Way,N,Intersection-Related,None,,,         ,Beri,Scott,Clear,Angle,no,no,no,no,yes,False
102909008,METROPOLITAN NASHVILLE POLICE DEPT,20210113102,Davidson,Nashville,2/25/2021 3:40:00 PM,2,1,0,36.137600,-86.699890,BRILEY PKWY,,,,159.00,Feet,North,BRILEY PKWYN,,,,0.00,N,Not at Intersection,N,Non-Junction,None,,,         ,Dontaveous,Eubanks,Clear,Front to Rear,no,no,no,no,no,False
102909031,METROPOLITAN NASHVILLE POLICE DEPT,20210113777,Davidson,Nashville,2/25/2021 8:13:00 PM,2,0,0,36.126700,-86.711090,EAST THOMPSON LN,,,,0.00,,,MURFREESBORO PKE,,,,0.00,Y,Four-Way,N,Intersection,None,,,         ,Andrew,Brazee,Clear,"Sideswipe, Same Direction",no,no,no,no,no,False
102909042,METROPOLITAN NASHVILLE POLICE DEPT,20210113841,Davidson,Nashville,2/25/2021 9:29:00 PM,2,0,0,36.152130,-86.803150,ELLISTON PL,,,,185.00,Feet,West,21ST AVN,,,,0.00,N,Not at Intersection, ,Non-Junction,None,,,         ,Douglas,Sykes,Clear,"Sideswipe, Same Direction",no,no,no,no,no,Campus
102909047,METROPOLITAN NASHVILLE POLICE DEPT,20210113896,Davidson,Not in City Limit,2/25/2021 10:25:00 PM,2,1,0,36.263410,-86.737790,I 65,,,,0.00,,,,,,,92.20,N,Not at Intersection,N,Non-Junction,None,,,         ,Nicholas,Berry,Clear,Not Collision with Motor Vehicle in Transport,no,no,no,no,no,False
102909054,METROPOLITAN NASHVILLE POLICE DEPT,2021-0112367,Davidson,Nashville,2/25/2021 5:23:00 AM,1,0,0,36.080420,-86.758440,TROUSDALE DR,,,,251.00,Feet,South,HARDING PL,,,,0.00,N,Not at Intersection,N,Non-Junction,None,,,         ,Sierra,Walker,Clear,Not Collision with Motor Vehicle in Transport,no,no,no,no,no,False
102909058,METROPOLITAN NASHVILLE POLICE DEPT,20210113825,Davidson,Nashville,2/25/2021 9:34:00 PM,2,1,0,36.120280,-86.775080,FRANKLIN PKE,,,,72.00,Feet,North,GALE LN,,,,0.00,N,Not at Intersection,N,Non-Junction,None,,,         ,Nicholas,Carroll,Clear,Other,no,no,no,no,no,False
102909107,METROPOLITAN NASHVILLE POLICE DEPT,20210113790,Davidson,Nashville,2/25/2021 12:00:00 AM,1,0,0,36.189710,-86.627160,US HWY 70,,,,820.00,Feet,East,HICKORY HILL LN,,,,0.00,N,Not at Intersection,N,Non-Junction,None,,,         ,Graham,Binkley,Clear,Not Collision with Motor Vehicle in Transport,no,no,no,no,no,False
102909150,GOODLETTSVILLE POLICE DEPT,21-05255,Davidson,Goodlettsville,2/23/2021 5:10:00 PM,2,0,0,36.312420,-86.701370,I 65,,,,0.00,,,,,,,96.20,N,Not at Intersection, ,Non-Junction,None,,,         ,Brian,Hajdu,Clear,"Sideswipe, Same Direction",no,no,no,no,no,False
102909196,METROPOLITAN NASHVILLE POLICE DEPT,20210112976,Davidson,Nashville,2/25/2021 12:00:00 AM,2,1,0,36.134280,-86.779090,WEDGEWOOD AV,,,,0.00,,,8TH AVS,,,,0.00,Y,Four-Way,N,Intersection,None,,,         ,William,Caillouette,Clear,Front to Rear,no,no,no,no,no,False
102909266,METROPOLITAN NASHVILLE POLICE DEPT,20210113957,Davidson,Nashville,2/25/2021 11:00:00 PM,1,0,0,36.162900,-86.869760,VERNON CIR,,,,253.00,Feet,West,VERNON AV,,,,0.00,N,Not at Intersection,N,Non-Junction,None,,,         ,Jonathan,Phipps,Clear,Not Collision with Motor Vehicle in Transport,no,no,no,yes,yes,False
102909407,THP District 3 - Nashville,321012917,Davidson,Nashville,2/24/2021 9:24:00 AM,2,0,0,36.155650,-86.789720,I40 E ENT RAMP,,,,0.00,,,BROADWAY,,,,0.00,Y,T-Intersection,Y,Intersection,None,,,         ,De'Wunya,Topps,Clear,Angle,no,no,no,no,no,False
102909713,THP District 3 - Nashville,321013227,Davidson,Nashville,2/25/2021 1:55:00 PM,5,1,0,36.030660,-86.783580,I 65,,,,0.00,,,,,,,74.00,N,Not at Intersection,N,Non-Junction,None,,,         ,Reggie,Edge Jr,Clear,Front to Rear,no,no,no,no,no,False
102909760,METROPOLITAN NASHVILLE POLICE DEPT,20210113676,Davidson,Nashville,2/25/2021 8:13:00 PM,1,1,0,36.266450,-86.742780,OLD HICKORY BLVDW,,,,354.00,Feet,East,LINCOLN PK,,,,0.00,N,Not at Intersection,N,Non-Junction,None,,,         ,Cressie,Prill,Clear,Not Collision with Motor Vehicle in Transport,no,no,no,no,no,False
102910363,METROPOLITAN NASHVILLE POLICE DEPT,20210102753,Davidson,Nashville,2/20/2021 3:45:00 PM,2,0,0,36.166960,-86.627970,STONEWATER DR,,,,560.00,Feet,West,CEDAR COTTAGE DR,,,,0.00,N,Not at Intersection, ,,None,,,         ,Scott,Carter,,,no,no,no,no,no,False
102912610,THP District 3 - Nashville,321011314,Davidson,Nashville,2/17/2021 1:25:00 PM,1,0,0,36.171640,-86.688500,BRILEY PKWY N ENT RAMP,,,,0.00,,,BRILEY PKWYN,,,,0.00,Y,Y-Intersection,N,Non-Junction,None,,,         ,Randall retired,Cole retired,Cloudy,Not Collision with Motor Vehicle in Transport,no,no,no,no,no,False
102915630,METROPOLITAN NASHVILLE POLICE DEPT,20210110065,Davidson,Madison,2/24/2021 10:37:00 AM,1,0,0,36.275870,-86.735370,I 65,,,,0.00,,,,,,,93.05,N,Not at Intersection,N,Non-Junction,None,,,         ,Christopher,Augustin,Clear,Not Collision with Motor Vehicle in Transport,no,no,no,no,no,False
102922800,METROPOLITAN NASHVILLE POLICE DEPT,20210073865,Davidson,Nashville,2/6/2021 4:49:00 PM,2,0,0,36.080540,-86.717270,HARDING PL,,,,199.00,Feet,East,JONQUIL DR,,,,0.00,N,Not at Intersection,N,Non-Junction,None,,,         ,Thomas,Parsons,Clear,Front to Rear,no,no,no,no,no,False
102924623,METROPOLITAN NASHVILLE POLICE DEPT,20210081835,Davidson,Nashville,2/10/2021 12:51:00 PM,1,1,0,36.152800,-86.787180,I40 W EXT RAMP,,,,0.00,,,I 40,,,,0.00,Y,Y-Intersection,N,Entrance/Exit Ramp Related,None,,,         ,Byron,Carter,Clear,Not Collision with Motor Vehicle in Transport,no,no,no,no,no,False
102926146,METROPOLITAN NASHVILLE POLICE DEPT,20210102547,Davidson,Not in City Limit,2/20/2021 2:23:00 PM,2,1,0,36.264180,-86.735420,I65 N EXT RAMP,,,,0.00,,,OLD HICKORY BLVDW,,,,0.00,Y,Y-Intersection,N,Entrance/Exit Ramp Related,None,,,         ,Joshua,Murray,Clear,Front to Rear,no,no,no,no,no,False
102930632,METROPOLITAN NASHVILLE POLICE DEPT,20210166182,Davidson,Nashville,2/21/2021 1:00:00 PM,2,0,0,36.089320,-86.874210,CLYDELAN CT,,,,943.00,Feet,West,MAYBELLE LN,,,,0.00,N,Not at Intersection, ,Non-Junction,None,,,         ,George,Spencer,Unknown,Other,no,no,no,yes,yes,False
102942943,METROPOLITAN NASHVILLE POLICE DEPT,20210100451,Davidson,Goodlettsville,2/19/2021 10:30:00 AM,2,0,0,36.296910,-86.699160,MYATT DR,,,,0.00,,,GALLATIN PKEN,,,,0.00,Y,Four-Way, ,,None,,,         ,Chase,Carter,,,no,no,no,no,no,False
102909108,METROPOLITAN NASHVILLE POLICE DEPT,20210114158,Davidson,Nashville,2/26/2021 12:48:00 AM,2,0,0,36.185260,-86.798150,RAMP,,,,0.00,,,I 65,,,,0.00,Y,T-Intersection, ,Intersection-Related,None,,,         ,Jeremy,Arnold,Clear,Angle,no,no,no,no,no,False
102909109,METROPOLITAN NASHVILLE POLICE DEPT,20210114327,Davidson,Nashville,2/26/2021 2:10:00 AM,2,0,0,36.048990,-86.716280,HICKORYVIEW DR,,,,0.00,Feet,North,HICKORY PLZ,,,,0.00,N,Not at Intersection, ,Non-Junction,None,,,         ,Aaron,Brumley,Clear,Front to Rear,no,no,no,no,no,False
102909111,METROPOLITAN NASHVILLE POLICE DEPT,20210114298,Davidson,Nashville,2/26/2021 1:52:00 AM,1,0,0,36.164570,-86.776910,CHURCH ST,,,,0.00,Feet,West,2ND AVN,,,,0.00,N,Not at Intersection,N,Non-Junction,Maintenance Zone,Other,Activity Area,         ,Brenton,Adcox,Clear,Not Collision with Motor Vehicle in Transport,no,no,no,no,yes,False
102909113,METROPOLITAN NASHVILLE POLICE DEPT,20210114472,Davidson,Nashville,2/26/2021 3:49:00 AM,1,0,0,36.038800,-86.610620,HOBSON,PIKE,,,500.00,Feet,East,SADDLECREEK,WAY,,,0.00,N,Not at Intersection,N,Non-Junction,None,,,         ,Kevin,Breeding,Clear,Not Collision with Motor Vehicle in Transport,no,no,no,no,yes,False
102909130,METROPOLITAN NASHVILLE POLICE DEPT,20210114606,Davidson,Not in City Limit,2/26/2021 5:20:00 AM,1,0,0,36.103910,-86.949120,US HWY 70,,,,0.98,Miles,East,SULLIVAN HOLLOW RD,,,,0.00,N,Not at Intersection, ,,None,,,         ,Lynsey,Fish,,,no,no,no,no,no,False
102909199,METROPOLITAN NASHVILLE POLICE DEPT,20210114681,Davidson,Nashville,2/26/2021 6:45:00 AM,2,0,0,36.044870,-86.650280,CROSSINGS BLVD,,,,251.00,Feet,East,HICKORY HOLLOW PKWY,,,,0.00,N,Not at Intersection, ,Non-Junction,None,,,         ,Joe,Hooper,Cloudy,"Sideswipe, Same Direction",no,no,no,no,no,False
102909200,METROPOLITAN NASHVILLE POLICE DEPT,20210114623,Davidson,Antioch,2/26/2021 5:44:00 AM,2,2,0,36.029170,-86.591400,MURFREESBORO PKE,,,,387.00,Feet,South,HURRICANE CREEK BLVD,,,,0.00,N,Not at Intersection,N,Non-Junction,None,,,         ,Holly,Davis,Clear,Front to Rear,no,no,no,no,no,False
102909240,METROPOLITAN NASHVILLE POLICE DEPT,20210114786,Davidson,Not in City Limit,2/26/2021 7:51:00 AM,2,0,0,36.020850,-86.627970,I 24,,,,0.00,,,,,,,62.00,N,Not at Intersection,N,Non-Junction,None,,,         ,Joe,Hooper,Cloudy,"Sideswipe, Same Direction",no,no,no,no,no,False
102909243,METROPOLITAN NASHVILLE POLICE DEPT,20210114775,Davidson,Nashville,2/26/2021 7:45:00 AM,2,0,0,36.137540,-86.800430,WEDGEWOOD AV,,,,75.00,Feet,East,BLAKEMORE AV,,,,0.00,N,Not at Intersection, ,,None,,,         ,Earl,Davis,,,no,no,no,no,no,Campus
102909288,METROPOLITAN NASHVILLE POLICE DEPT,20210114870,Davidson,Nashville,2/26/2021 8:45:00 AM,2,0,0,36.140250,-86.882080,ANNEX AV,,,,621.00,Feet,West,CHARLOTTE PKE,,,,0.00,N,Not at Intersection, ,Non-Junction,None,,,         ,Wesley,Tilley,"Cloudy, Rain",Front to Rear,no,no,no,no,no,False
102909348,METROPOLITAN NASHVILLE POLICE DEPT,20210114976,Davidson,Nashville,2/26/2021 9:55:00 AM,2,0,0,36.109770,-86.744590,NOLENSVILLE PKE,,,,0.00,,,COLLIER AV,,,,0.00,Y,T-Intersection,N,Intersection,None,,,         ,Earl,Davis,"Cloudy, Rain",Angle,no,no,no,no,no,False
102909373,METROPOLITAN NASHVILLE POLICE DEPT,20210114956,Davidson,Nashville,2/26/2021 9:47:00 AM,2,0,0,36.103230,-86.666480,MURFREESBORO PKE,,,,0.00,,,FAIRCLOTH LN,,,,0.00,Y,T-Intersection,N,Intersection,None,,,         ,Michael,Dance,,Angle,no,no,no,no,no,False
102909374,METROPOLITAN NASHVILLE POLICE DEPT,20210114981,Davidson,Nashville,2/26/2021 12:00:00 AM,1,0,0,36.244930,-86.746900,I65 S EXT RAMP,,,,0.00,Feet,East,I 65,,,,0.00,N,Not at Intersection,Y,Entrance/Exit Ramp Related,None,,,         ,Chase,Carter,Rain,Unknown,no,no,no,no,yes,False
102909377,METROPOLITAN NASHVILLE POLICE DEPT,20210115070,Davidson,Nashville,2/26/2021 10:36:00 AM,2,0,0,36.174030,-86.605360,CENTRAL PKE ENT RAMP,,,,0.00,,,CENTRAL PKE,,,,0.00,Y,T-Intersection, ,Intersection-Related,None,,,         ,Michael,Brooks,,Front to Rear,no,no,no,no,no,False
102909380,METROPOLITAN NASHVILLE POLICE DEPT,20210114906,Davidson,Nashville,2/26/2021 9:10:00 AM,2,0,0,36.131890,-86.895530,I40 E ENT RAMP,,,,0.00,,,I 40,,,,0.00,Y,Four-Way,N,Entrance/Exit Ramp Related,None,,,         ,Charles,Boles,Rain,Angle,no,no,no,no,no,False
102909390,METROPOLITAN NASHVILLE POLICE DEPT,20210115050,Davidson,Nashville,2/26/2021 10:43:00 AM,2,1,0,36.143290,-86.737060,I 40,,,,0.00,,,,,,,212.70,N,Not at Intersection,N,Non-Junction,None,,,         ,Michael,Dance,,Front to Rear,no,no,no,no,no,False
102909402,METROPOLITAN NASHVILLE POLICE DEPT,20210115080,Davidson,Nashville,2/26/2021 11:07:00 AM,2,0,0,36.203850,-86.738360,GALLATIN PKE,,,,29.00,Feet,South,LELAND AV,,,,0.00,N,Not at Intersection,N,Non-Junction,None,,,         ,Jarret,Sonnenberg,,Front to Rear,no,no,no,no,yes,False
102909428,METROPOLITAN NASHVILLE POLICE DEPT,20210115069,Davidson,Nashville,2/26/2021 10:16:00 AM,2,0,0,36.206620,-86.777900,BRICK CHURCH PKE,,,,0.00,,,W TRINITY LN,,,,0.00,Y,Four-Way,N,Intersection,None,,,         ,Ronald,Bright,Rain,"Sideswipe, Opposite Direction",no,no,no,no,yes,False
102909450,METROPOLITAN NASHVILLE POLICE DEPT,20210115137,Davidson,Nashville,2/26/2021 11:38:00 AM,2,0,0,36.192880,-86.623830,JACKSONIAN DR,,,,0.00,,,LEBANON PKE,,,,0.00,Y,Four-Way,N,Intersection,None,,,         ,Michael,Brooks,"Cloudy, Rain",Angle,no,no,no,no,no,False
102909475,METROPOLITAN NASHVILLE POLICE DEPT,20210115212,Davidson,Nashville,2/26/2021 12:29:00 PM,2,0,0,36.083630,-86.689250,ANTIOCH PKE,,,,84.00,Feet,North,EZELL PKE,,,,0.00,N,Not at Intersection, ,Non-Junction,None,,,         ,Joe,Hooper,Cloudy,Front to Rear,no,no,no,no,no,False
102909511,METROPOLITAN NASHVILLE POLICE DEPT,20210115237,Davidson,Nashville,2/26/2021 12:25:00 PM,2,0,0,36.050560,-86.877310,OLD HICKORY BLVD,,,,185.00,Feet,West,CHICKERING RD,,,,0.00,N,Not at Intersection, ,Non-Junction,None,,,         ,Douglas,Atwood,Cloudy,Front to Rear,no,no,no,no,no,False
102909523,METROPOLITAN NASHVILLE POLICE DEPT,20210115226,Davidson,Nashville,2/26/2021 12:48:00 PM,2,1,0,36.045240,-86.700840,BELL RD,,,,248.00,Feet,East,BENZING RD,,,,0.00,N,Not at Intersection,N,Non-Junction,Construction Zone,Work On Shoulder Or Median,Advanced Warning Area,         ,Thomas,White,Rain,Front to Rear,no,no,no,no,no,False
102909524,METROPOLITAN NASHVILLE POLICE DEPT,20210115134,Davidson,Nashville,2/26/2021 11:41:00 AM,1,1,0,36.236920,-86.773350,CRISLYNNDALE DR,,,,17.00,Feet,East,MOOREWOOD DR,,,,0.00,N,Not at Intersection,N,Non-Junction,None,,,         ,Chase,Carter,Rain,Not Collision with Motor Vehicle in Transport,no,no,no,no,no,False
102909525,METROPOLITAN NASHVILLE POLICE DEPT,20210115277,Davidson,Nashville,2/26/2021 1:22:00 PM,2,1,0,36.193340,-86.752680,DOUGLAS AV,,,,0.00,,,ELLINGTON PKWYN,,,,0.00,Y,OTHER,Y,Entrance/Exit Ramp Related,None,,,         ,Megan,Lamon,,Front to Rear,no,no,no,no,yes,False