master_record_number,agency,agency_tracking_number,county,city,collision_date,vehicles_involved,number_injured,number_dead,latitude,longitude,roadway_name,roadway_suffix,roadway_number,roadway_local_id,distance_from_reference,miles-feet_indicator,direction_from_reference,intersection_road_name,intersection_road_name_suffix,intersection_road_number,intersection_local_id,mile_marker,intersection_indicator,intersect_type,interchange_related_indicator,relation_to_junction,work_zone_type,construction_maintenance_zone,construction_maintenance_zone_location,fatal_case_number,officer_first_name,officer_last_name,weather_condition(s),manner_of_crash,pedestrian,bicycle,scooter,parking,hitrun,mou
102910836,METROPOLITAN NASHVILLE POLICE DEPT,20210117987,Davidson,Nashville,2/27/2021 10:59:00 PM,1,0,0,36.198260,-86.703030,ROSEBANK AV,,,,47.00,Feet,West,ROSEBANK AV MAINTENANCE CNCTR,,,,0.00,N,Not at Intersection,N,Non-Junction,None,,,         ,Emmanuel,Berger,,Not Collision with Motor Vehicle in Transport,no,no,no,no,no,False
102910843,METROPOLITAN NASHVILLE POLICE DEPT,20210118350,Davidson,Nashville,2/28/2021 2:23:00 AM,2,0,0,36.151870,-86.679130,ELM HILL PKE,,,,546.00,Feet,East,AIRWAYS CIR,,,,0.00,N,Not at Intersection, ,Non-Junction,None,,,         ,Bryson,Wilkins,Cloudy,Rear to Side,no,no,no,yes,no,False
102910846,METROPOLITAN NASHVILLE POLICE DEPT,20210118203,Davidson,Nashville,2/28/2021 1:04:00 AM,1,0,0,36.210760,-86.731930,GREENFIELD AV,,,,350.00,Feet,East,GALLATIN PKE,,,,0.00,N,Not at Intersection,N,Non-Junction,None,,,         ,Emmanuel,Berger,,Not Collision with Motor Vehicle in Transport,no,no,no,no,no,False
102910859,METROPOLITAN NASHVILLE POLICE DEPT,20210118417,Davidson,Nashville,2/28/2021 12:00:00 AM,1,1,0,36.141370,-86.885690,I 40,,,,0.00,,,,,,,202.15,N,Not at Intersection,N,Non-Junction,None,,,         ,Lynsey,Fish,Cloudy,Not Collision with Motor Vehicle in Transport,no,no,no,no,no,False
102910867,METROPOLITAN NASHVILLE POLICE DEPT,20210118382,Davidson,Nashville,2/28/2021 2:09:00 AM,3,0,0,36.090290,-86.658290,EVERGREEN RIDGE PT,,,,112.00,Feet,West,GRACE CREST PT,,,,0.00,N,Not at Intersection,N,Non-Junction,None,,,         ,Jose,Oliveros,Clear,Angle,no,no,no,no,yes,False
102910868,METROPOLITAN NASHVILLE POLICE DEPT,20210118031,Davidson,Nashville,2/27/2021 10:25:00 PM,2,0,0,36.157520,-86.852260,ILLINOIS AV,,,,188.00,Feet,East,54TH AVN,,,,0.00,N,Not at Intersection,N,Non-Junction,None,,,         ,Theodore,Meskers,Rain,"Sideswipe, Opposite Direction",no,no,no,no,yes,False
102910889,METROPOLITAN NASHVILLE POLICE DEPT,20210118019,Davidson,Nashville,2/27/2021 11:00:00 PM,2,0,0,36.154630,-86.779160,LAFAYETTE ST,,,,0.00,,,8TH AVS,,,,0.00,Y,Roundabout, ,Intersection,None,,,         ,Nathaniel,Jones,Clear,Angle,no,no,no,no,no,False
102910893,METROPOLITAN NASHVILLE POLICE DEPT,20210118489,Davidson,Nashville,2/28/2021 4:25:00 AM,2,0,0,36.126610,-86.727810,I 24,,,,0.00,,,,,,,51.40,N,Not at Intersection,N,Non-Junction,None,,,         ,Samuel,Fredericks,,Front to Rear,no,no,no,no,yes,False
102910897,METROPOLITAN NASHVILLE POLICE DEPT,20210118530,Davidson,Nashville,2/28/2021 5:12:00 AM,2,2,0,36.154050,-86.758530,I40 E ENT RAMP,,,,0.00,,,I 40,,,,0.00,Y,Y-Intersection,Y,Entrance/Exit Ramp Related,None,,,         ,Dallas,Johnson,,HeadOn,no,no,no,no,no,False
102910962,METROPOLITAN NASHVILLE POLICE DEPT,20210118611,Davidson,Nashville,2/28/2021 7:01:00 AM,1,0,0,36.054870,-86.695400,TUSCULUM RD,,,,420.00,Feet,East,OLD TUSCULUM RD,,,,0.00,N,Not at Intersection,N,Non-Junction,None,,,         ,Marcus,Darden,Clear,Not Collision with Motor Vehicle in Transport,no,no,no,no,no,False
102910970,METROPOLITAN NASHVILLE POLICE DEPT,20210118668,Davidson,Nashville,2/28/2021 2:00:00 AM,2,0,0,36.070960,-86.648860,PEBBLE CREEK DR,,,,253.00,Feet,West,SPRINGMORE CT,,,,0.00,N,Not at Intersection,N,Non-Junction,None,,,         ,Darrin,Hardin,Cloudy,"Sideswipe, Same Direction",no,no,no,no,yes,False
102910973,METROPOLITAN NASHVILLE POLICE DEPT,20210118686,Davidson,Nashville,2/28/2021 8:25:00 AM,1,0,0,36.169280,-86.580220,I 40,,,,0.00,,,,,,,222.00,N,Not at Intersection,N,Non-Junction,None,,,         ,Lynsie,Smith,Cloudy,Not Collision with Motor Vehicle in Transport,no,no,no,no,no,False
102910988,GOODLETTSVILLE POLICE DEPT,21-05629,Davidson,Goodlettsville,2/27/2021 4:00:00 PM,2,0,0,36.306230,-86.694000,CONFERENCE DR,,,,247.00,Feet,South,RIVERGATE MALL PVTDR,,,,0.00,N,Not at Intersection,N,Non-Junction,None,,,         ,Brian,Hajdu,Cloudy,"Sideswipe, Same Direction",no,no,no,no,yes,False
102911016,METROPOLITAN NASHVILLE POLICE DEPT,20210118768,Davidson,Nashville,2/28/2021 12:00:00 AM,1,0,0,36.063110,-86.626630,MURFREESBORO PKE,,,,819.00,Feet,South,HAMILTON CHURCH RD,,,,0.00,N,Not at Intersection,N,Non-Junction,None,,,         ,Lee,Davis,Unknown,Not Collision with Motor Vehicle in Transport,no,no,no,no,yes,False
102911043,METROPOLITAN NASHVILLE POLICE DEPT,20210118789,Davidson,Nashville,2/28/2021 12:00:00 AM,3,0,0,36.199820,-86.757120,ONEIDA AV,,,,432.00,Feet,East,JONES AV,,,,0.00,N,Not at Intersection,N,Non-Junction,None,,,         ,Brandon,Evans,,Angle,no,no,no,no,no,False
102911066,METROPOLITAN NASHVILLE POLICE DEPT,20210118806,Davidson,Nashville,2/28/2021 11:12:00 AM,3,2,0,36.233430,-86.758610,DICKERSON PKE,,,,104.00,Feet,North,MAPLEWOOD TRC,,,,0.00,N,Not at Intersection,N,Non-Junction,None,,,         ,Jarret,Sonnenberg,,Front to Rear,no,no,no,no,no,False
102911075,METROPOLITAN NASHVILLE POLICE DEPT,20210118794,Davidson,Nashville,2/28/2021 10:53:00 AM,2,0,0,36.235080,-86.670390,NEELYS BEND RD,,,,0.00,Feet,,NAWAKWA TRL,,,,0.00,Y,T-Intersection,N,Intersection,None,,,         ,Joshua,Murray,Cloudy,"Sideswipe, Opposite Direction",no,no,no,no,no,False
102911076,METROPOLITAN NASHVILLE POLICE DEPT,2021-0118829,Davidson,Nashville,2/28/2021 9:35:00 AM,2,0,0,36.193600,-86.687180,BRILEY PKWYN,,,,420.00,Feet,North,BRILEY PKWYS,,,,0.00,N,Not at Intersection, ,Non-Junction,None,,,         ,Calvin,Graham,Cloudy,"Sideswipe, Same Direction",no,no,no,no,no,False
102911113,METROPOLITAN NASHVILLE POLICE DEPT,20210118866,Davidson,Nashville,2/28/2021 10:35:00 AM,2,0,0,36.044770,-86.661530,CANE RIDGE RD,,,,0.00,Feet,,BELL RD,,,,0.00,Y,Four-Way, ,Intersection,None,,,         ,Nicholas,Carter,Cloudy,Front to Rear,no,no,no,no,yes,False
102911197,METROPOLITAN NASHVILLE POLICE DEPT,20210118863,Davidson,Nashville,2/28/2021 12:00:00 AM,1,0,0,36.205710,-86.776560,I 65,,,,0.00,,,,,,,87.25,N,Not at Intersection,N,Non-Junction,None,,,         ,William,Coy,Unknown,Not Collision with Motor Vehicle in Transport,no,no,no,no,yes,False
102911198,METROPOLITAN NASHVILLE POLICE DEPT,20210118828,Davidson,Nashville,2/28/2021 11:45:00 AM,2,0,0,36.168610,-86.764660,S 4TH ST,,,,268.00,Feet,South,FATHERLAND ST,,,,0.00,N,Not at Intersection, ,,None,,,         ,Faye,Denson,,,no,no,no,no,no,False
102911228,METROPOLITAN NASHVILLE POLICE DEPT,20210118885,Davidson,Nashville,2/28/2021 11:47:00 AM,2,2,0,36.202820,-86.776660,I 65,,,,0.00,,,,,,,87.05,N,Not at Intersection,N,Non-Junction,None,,,         ,Jarret,Sonnenberg,Clear,Front to Rear,no,no,no,no,no,False
102911232,METROPOLITAN NASHVILLE POLICE DEPT,20210118916,Davidson,Nashville,2/28/2021 1:05:00 PM,2,0,0,36.154900,-86.626870,STEWARTS FERRY PKE,,,,80.00,Feet,East,I40 E ENT RAMP,,,,0.00,N,Not at Intersection, ,Non-Junction,None,,,         ,MIchael,Mihajlov,Cloudy,Front to Rear,no,no,no,no,no,False
102911234,METROPOLITAN NASHVILLE POLICE DEPT,2021-0118888,Davidson,Nashville,2/28/2021 1:01:00 PM,1,0,0,36.141080,-86.721670,I40 W EXT RAMP,,,,0.00,Feet,East,I 40,,,,0.00,N,Not at Intersection,N,Non-Junction,None,,,         ,Calvin,Graham,Cloudy,Not Collision with Motor Vehicle in Transport,no,no,no,no,no,False
102911235,METROPOLITAN NASHVILLE POLICE DEPT,20210118870,Davidson,Nashville,2/28/2021 12:31:00 PM,2,0,0,36.159740,-86.821470,I 40,,,,0.00,,,,,,,206.10,N,Not at Intersection,N,Non-Junction,None,,,         ,Jedidayah,Merriweather,Cloudy,Not Collision with Motor Vehicle in Transport,no,no,no,no,no,False
102911237,VANDERBILT UNIVERSITY POLICE,20210118918,Davidson,Nashville,2/28/2021 1:15:00 PM,2,0,0,36.140730,-86.807580,25TH AVS,,,,0.00,,,,,,,0.00,,, ,Non-Junction,None,,,         ,Christopher,Dion,,Rear to Side,no,no,no,yes,no,Campus
102911245,METROPOLITAN NASHVILLE POLICE DEPT,20210118780,Davidson,Nashville,2/28/2021 10:32:00 AM,3,3,0,36.142490,-86.875210,CHARLOTTE PKE,,,,234.00,Feet,West,WILCLAY DR,,,,0.00,N,Not at Intersection,N,OtherLocation,None,,,         ,Michael,Pyle,Cloudy,Angle,no,no,no,no,no,False
102911268,METROPOLITAN NASHVILLE POLICE DEPT,20210118920,Davidson,Nashville,2/28/2021 1:45:00 PM,1,1,0,36.114960,-86.887860,BROOK HOLLOW RD,,,,26.00,Feet,South,WEST MEADE DR,,,,0.00,N,Not at Intersection,N,Non-Junction,None,,,         ,Gerry,Hutcheson,Cloudy,Not Collision with Motor Vehicle in Transport,no,no,no,no,no,False
102911298,METROPOLITAN NASHVILLE POLICE DEPT,20210118928,Davidson,Not in City Limit,2/28/2021 1:50:00 PM,2,0,0,36.078020,-86.949070,HIGHWAY 70S,,,,0.00,,,BELLEVUE CTR PVTDR,,,,0.00,Y,Four-Way, ,Intersection,None,,,         ,Bradley,Pope,Cloudy,Angle,no,no,no,no,no,False
102911307,METROPOLITAN NASHVILLE POLICE DEPT,20210119015,Davidson,Nashville,2/28/2021 12:00:00 AM,1,0,0,36.116460,-86.730390,ENNIS RD,,,,80.00,Feet,East,WHITSETT RD,,,,0.00,N,Not at Intersection,N,Non-Junction,None,,,         ,Taylor,Blackwelder,Unknown,Unknown,no,no,no,no,yes,False
102911318,METROPOLITAN NASHVILLE POLICE DEPT,20210118948,Davidson,Nashville,2/28/2021 2:05:00 PM,2,0,0,36.165280,-86.818160,I 40,,,,0.00,,,,,,,206.55,N,Not at Intersection,N,Non-Junction,None,,,         ,James,Hill,Cloudy,Angle,no,no,no,no,yes,False
102911332,METROPOLITAN NASHVILLE POLICE DEPT,20210118980,Davidson,Not in City Limit,2/28/2021 2:05:00 PM,2,0,0,36.044160,-86.957810,HIGHWAY 100,,,,341.00,Feet,East,LEARNING LN,,,,0.00,N,Not at Intersection,N,Non-Junction,None,,,         ,Ryan,Papp,Clear,Angle,no,no,no,yes,no,False
102911374,METROPOLITAN NASHVILLE POLICE DEPT,20210118991,Davidson,Nashville,2/28/2021 1:20:00 PM,2,0,0,36.040900,-86.779380,STONE BROOK DR,,,,0.00,,,OLD HICKORY BLVD,,,,0.00,Y,Four-Way, ,Intersection,None,,,         ,Tyler,Shanks,Clear,Front to Rear,no,no,no,no,no,False
102911379,METROPOLITAN NASHVILLE POLICE DEPT,20210118990,Davidson,Nashville,2/28/2021 12:55:00 PM,2,0,0,36.045520,-86.658590,BELL RD,,,,45.00,Feet,West,I24 W EXT RAMP,,,,0.00,N,Not at Intersection,N,Entrance/Exit Ramp Related,None,,,         ,Savannah,Starbuck,Cloudy,"Sideswipe, Same Direction",no,no,no,no,yes,False
102911402,METROPOLITAN NASHVILLE POLICE DEPT,20210119125,Davidson,Nashville,2/28/2021 4:25:00 PM,2,1,0,36.188830,-86.773160,DICKERSON PKE,,,,0.00,Feet,,WHITES CREEK PKE,,,,0.00,Y,Y-Intersection,N,Intersection,None,,,         ,Justen,Ogle,Rain,Front to Rear,no,no,no,no,no,False
102911432,METROPOLITAN NASHVILLE POLICE DEPT,20210119214,Davidson,Not in City Limit,2/28/2021 5:15:00 PM,1,0,0,36.264150,-86.727050,OLD HICKORY BLVDW,,,,34.00,Feet,East,E MARTHONA RD,,,,0.00,N,Not at Intersection,N,Non-Junction,None,,,         ,Austin,Bowles,Cloudy,Not Collision with Motor Vehicle in Transport,no,no,no,no,no,False
102911439,METROPOLITAN NASHVILLE POLICE DEPT,20210119105,Davidson,Nashville,2/28/2021 4:16:00 PM,2,1,0,36.173590,-86.602150,CENTRAL PKE,,,,0.00,,,OLD HICKORY BLVD,,,,0.00,Y,Four-Way,N,Intersection,None,,,         ,Crockett,Bruce,,Front to Rear,no,no,no,no,no,False
102911442,METROPOLITAN NASHVILLE POLICE DEPT,20210119245,Davidson,Nashville,2/28/2021 5:57:00 PM,1,0,0,36.043550,-86.692640,BELL RD,,,,238.00,Feet,East,BROOK VIEW ESTATES DR,,,,0.00,N,Not at Intersection,N,Non-Junction,None,,,         ,Garrett,Latham,Clear,Not Collision with Motor Vehicle in Transport,no,no,no,no,yes,False
102911449,METROPOLITAN NASHVILLE POLICE DEPT,20210119230,Davidson,Nashville,2/28/2021 5:35:00 PM,1,1,0,36.141210,-86.739520,MURFREESBORO PKE,,,,329.00,Feet,East,FOSTER AV,,,,0.00,N,Not at Intersection,N,Non-Junction,None,,,         ,Timothy,Ward,Cloudy,Not Collision with Motor Vehicle in Transport,no,no,no,yes,yes,False
102911454,METROPOLITAN NASHVILLE POLICE DEPT,20210119301,Davidson,Nashville,2/28/2021 6:34:00 PM,2,0,0,36.172940,-86.791190,ROSA L PARKS BLVD,,,,134.00,Feet,South,JEFFERSON ST,,,,0.00,N,Not at Intersection, ,Non-Junction,None,,,         ,Gabriel,Vasquez,Rain,Angle,no,no,no,no,no,False
102911484,METROPOLITAN NASHVILLE POLICE DEPT,20210119256,Davidson,Nashville,2/28/2021 5:55:00 PM,2,0,0,36.155650,-86.789720,I40 E ENT RAMP,,,,0.00,Feet,East,BROADWAY,,,,0.00,N,Not at Intersection, ,Non-Junction,None,,,         ,Matthew,Hogan,Rain,"Sideswipe, Same Direction",no,no,no,no,yes,False
102911505,METROPOLITAN NASHVILLE POLICE DEPT,20210119412,Davidson,Nashville,2/28/2021 7:50:00 PM,1,0,0,36.146600,-86.742960,I 40,,,,0.00,,,,,,,212.10,N,Not at Intersection,N,Non-Junction,None,,,         ,Reagan,Heath,,Not Collision with Motor Vehicle in Transport,no,no,no,no,no,False
102911540,METROPOLITAN NASHVILLE POLICE DEPT,20210119414,Davidson,Nashville,2/28/2021 7:59:00 PM,2,0,0,36.153350,-86.764670,I 40,,,,0.00,,,,,,,210.70,N,Not at Intersection, ,Non-Junction,None,,,         ,Travis,Pemberton,Rain,"Sideswipe, Same Direction",no,no,no,no,yes,False
102911541,METROPOLITAN NASHVILLE POLICE DEPT,20210119420,Davidson,Nashville,2/28/2021 8:04:00 PM,2,0,0,36.143960,-86.722580,ELM HILL PKE,,,,2.00,Feet,West,SPENCE LN,,,,0.00,N,Not at Intersection,N,Non-Junction,None,,,         ,Brandon,Chapman,,"Sideswipe, Same Direction",no,no,no,no,yes,False
102911564,METROPOLITAN NASHVILLE POLICE DEPT,20210119488,Davidson,Nashville,2/28/2021 8:25:00 PM,2,0,0,36.052850,-86.674660,TUSCULUM RD,,,,0.00,Feet,West,SHACKLETT LANE CT,,,,0.00,N,Not at Intersection, ,Non-Junction,None,,,         ,Wayne,Helm,Rain,"Sideswipe, Same Direction",no,no,no,no,yes,False
102911566,METROPOLITAN NASHVILLE POLICE DEPT,20210119340,Davidson,Nashville,2/28/2021 6:50:00 PM,1,0,0,36.239580,-86.744700,BRILEY PKWYE,,,,167.00,Feet,West,BRILEY PKWY E EXT RAMP,,,,0.00,N,Not at Intersection, ,,None,,,         ,Ciara,Doherty,,,no,no,no,no,no,False
102911568,METROPOLITAN NASHVILLE POLICE DEPT,20210119484,Davidson,Nashville,2/28/2021 8:45:00 PM,2,1,0,36.147430,-86.743940,I 40,,,,0.00,,,,,,,212.00,N,Not at Intersection,N,Non-Junction,None,,,         ,Reagan,Heath,,"Sideswipe, Same Direction",no,no,no,no,no,False
102911570,METROPOLITAN NASHVILLE POLICE DEPT,20210119463,Davidson,Nashville,2/28/2021 8:23:00 PM,2,0,0,36.167600,-86.762220,S 5TH ST,,,,0.00,,,SHELBY AV,,,,0.00,Y,Four-Way,N,Non-Junction,None,,,         ,Tyler,Geiger,Rain,Front to Rear,no,no,no,no,yes,False
102911584,METROPOLITAN NASHVILLE POLICE DEPT,20210119358,Davidson,Nashville,2/28/2021 7:05:00 PM,1,0,0,36.053030,-86.711040,BREWER DR,,,,170.00,Feet,West,BYRNE DR,,,,0.00,N,Not at Intersection,N,Non-Junction,None,,,         ,Steven,Bowler,Rain,Not Collision with Motor Vehicle in Transport,no,no,no,no,no,False
102911586,METROPOLITAN NASHVILLE POLICE DEPT,20210119091,Davidson,Not in City Limit,2/28/2021 4:01:00 PM,2,0,0,36.079830,-86.953950,HIGHWAY 70S,,,,160.00,Feet,West,COLEY DAVIS RD,,,,0.00,N,Not at Intersection, ,Non-Junction,None,,,         ,Jeremy,Huffine,Cloudy,Angle,no,no,no,no,no,False
102911607,METROPOLITAN NASHVILLE POLICE DEPT,20210119057,Davidson,Nashville,2/28/2021 3:35:00 PM,3,2,0,36.134230,-86.776370,I65 S ENT RAMP,,,,0.00,,,I65 S EXT RAMP,,,,0.00,Y,Four-Way,N,Intersection-Related,None,,,         ,William,Hamblen,Cloudy,Front to Rear,no,no,no,no,no,False
102911629,METROPOLITAN NASHVILLE POLICE DEPT,20210119541,Davidson,Nashville,2/28/2021 9:58:00 PM,1,0,0,36.148640,-86.640440,I 40,,,,0.00,,,,,,,218.20,N,Not at Intersection,N,Non-Junction,None,,,         ,Rami,Rouhi,,Not Collision with Motor Vehicle in Transport,no,no,no,no,yes,False
102911630,METROPOLITAN NASHVILLE POLICE DEPT,20210119460,Davidson,Nashville,2/28/2021 7:59:00 PM,2,0,0,36.150500,-86.770360,4TH AVS,,,,8.00,Feet,North,I40 E EXT RAMP,,,,0.00,N,Not at Intersection,N,Entrance/Exit Ramp Related,None,,,         ,Travis,Pemberton,Rain,Angle,no,no,no,no,yes,False
102911634,METROPOLITAN NASHVILLE POLICE DEPT,20210119525,Davidson,Nashville,2/28/2021 9:35:00 PM,1,0,0,36.147240,-86.743650,I 40,,,,0.00,,,,,,,212.00,N,Not at Intersection,N,Non-Junction,None,,,         ,Reagan,Heath,,Not Collision with Motor Vehicle in Transport,no,no,no,no,yes,False
102911640,METROPOLITAN NASHVILLE POLICE DEPT,20210119526,Davidson,Nashville,2/28/2021 12:00:00 AM,2,0,0,36.230040,-86.762830,EWING DR,,,,535.00,Feet,South,RICH ACRES DR,,,,0.00,N,Not at Intersection,N,Non-Junction,None,,,         ,Ciara,Doherty,Rain,Angle,no,no,no,no,yes,False
102911643,METROPOLITAN NASHVILLE POLICE DEPT,20210119511,Davidson,Nashville,2/28/2021 9:27:00 PM,2,3,0,36.134740,-86.784080,WEDGEWOOD AV,,,,0.00,,,HILLSIDE AV,,,,0.00,Y,T-Intersection,N,Intersection,None,,,         ,Brandon,Hughes,Rain,Angle,no,no,no,no,yes,False
102911646,METROPOLITAN NASHVILLE POLICE DEPT,20210119553,Davidson,Nashville,2/28/2021 12:00:00 AM,2,1,0,36.143610,-86.877410,WILCLAY DR,,,,355.00,Feet,South,COUGAR DR,,,,0.00,N,Not at Intersection,N,Non-Junction,None,,,         ,Joseph,Jakes,Rain,Not Collision with Motor Vehicle in Transport,yes,no,no,yes,yes,False
102911648,METROPOLITAN NASHVILLE POLICE DEPT,20210119520,Davidson,Nashville,2/28/2021 9:33:00 PM,1,1,0,36.152700,-86.765640,I 40,,,,0.00,,,,,,,210.65,N,Not at Intersection,N,Non-Junction,None,,,         ,Austin,Roemeling,Rain,Not Collision with Motor Vehicle in Transport,no,no,no,no,no,False
102911649,METROPOLITAN NASHVILLE POLICE DEPT,20210119532,Davidson,Nashville,2/28/2021 12:00:00 AM,1,0,0,36.169210,-86.681150,LEBANON PKE,,,,374.00,Feet,East,FAIRWAY DR,,,,0.00,N,Not at Intersection,N,Non-Junction,None,,,         ,Keenan,McCann,Rain,Not Collision with Motor Vehicle in Transport,no,no,no,no,no,False
102911659,METROPOLITAN NASHVILLE POLICE DEPT,20210119599,Davidson,Nashville,2/28/2021 11:05:00 PM,2,1,0,36.121820,-86.704830,MURFREESBORO PKE,,,,0.00,Feet,East,KERMIT DR,,,,0.00,N,Not at Intersection,N,Non-Junction,None,,,         ,Mario,Diaz,Rain,Front to Rear,no,no,no,no,yes,False
102911660,METROPOLITAN NASHVILLE POLICE DEPT,20210119550,Davidson,Nashville,2/28/2021 10:08:00 PM,2,3,0,36.236880,-86.773430,MOOREWOOD DR,,,,19.00,Feet,South,CRISLYNNDALE DR,,,,0.00,N,Not at Intersection,N,Non-Junction,None,,,         ,Joshua,Dodge,Rain,"Sideswipe, Opposite Direction",no,no,no,no,no,False
102911664,METROPOLITAN NASHVILLE POLICE DEPT,20210119627,Davidson,Goodlettsville,2/28/2021 10:46:00 PM,1,0,0,36.298410,-86.697930,GALLATIN PKEN,,,,572.00,Feet,East,RIVERGATE PKWY,,,,0.00,N,Not at Intersection, ,Non-Junction,None,,,         ,Melina,Tamborella,Rain,Not Collision with Motor Vehicle in Transport,no,no,no,no,no,False
102911667,METROPOLITAN NASHVILLE POLICE DEPT,20210119567,Davidson,Nashville,2/28/2021 10:40:00 PM,1,1,0,36.121930,-86.761990,I 440,,,,0.00,,,,,,,5.65,N,Not at Intersection,N,Non-Junction,None,,,         ,Kelsey,Hicks,Rain,Not Collision with Motor Vehicle in Transport,no,no,no,no,no,False
102911669,METROPOLITAN NASHVILLE POLICE DEPT,20210119557,Davidson,Nashville,2/28/2021 12:00:00 AM,1,0,0,36.169350,-86.766450,I 24,,,,0.00,,,,,,,48.75,N,Not at Intersection,N,Non-Junction,None,,,         ,Emmanuel,Berger,Rain,Not Collision with Motor Vehicle in Transport,no,no,no,no,yes,False
102911674,METROPOLITAN NASHVILLE POLICE DEPT,20210119615,Davidson,Nashville,2/28/2021 11:15:00 PM,1,0,0,36.102620,-86.713890,I 24,,,,0.00,,,,,,,54.35,N,Not at Intersection,N,Non-Junction,None,,,         ,Jonathan,Handley,Rain,Not Collision with Motor Vehicle in Transport,no,no,no,no,no,False
102911687,METROPOLITAN NASHVILLE POLICE DEPT,20210119565,Davidson,Not in City Limit,2/28/2021 10:35:00 PM,2,3,0,36.275500,-86.689490,MYATT DR,,,,194.00,Feet,South,MYATT CENTER LN,,,,0.00,N,Not at Intersection,N,Non-Junction,None,,,         ,John,Hoesli,Rain,"Sideswipe, Opposite Direction",no,no,no,no,no,False
102911695,METROPOLITAN NASHVILLE POLICE DEPT,20210119677,Davidson,Nashville,3/1/2021 12:15:00 AM,1,0,0,36.156850,-86.789910,I 40,,,,0.00,,,,,,,209.05,N,Not at Intersection,N,Non-Junction,None,,,         ,Kelly,Turcios,Rain,Not Collision with Motor Vehicle in Transport,no,no,no,no,no,False
102911699,METROPOLITAN NASHVILLE POLICE DEPT,20210119681,Davidson,Nashville,3/1/2021 12:00:00 AM,2,0,0,36.046020,-86.657930,COLLINS PARK DR,,,,0.00,Feet,,BELL RD,,,,0.00,Y,Four-Way,N,Intersection,None,,,         ,Dylan,Ramos,,Angle,no,no,no,no,no,False
102911703,METROPOLITAN NASHVILLE POLICE DEPT,20210119772,Davidson,Nashville,3/1/2021 1:15:00 AM,1,1,0,36.110260,-86.722340,I24 E ENT RAMP,,,,0.00,Feet,East,I 24,,,,0.00,N,Not at Intersection,N,Non-Junction,None,,,         ,Jonathan,Handley,Rain,Not Collision with Motor Vehicle in Transport,no,no,no,no,no,False
102911714,METROPOLITAN NASHVILLE POLICE DEPT,20210119864,Davidson,Nashville,3/1/2021 12:03:00 AM,1,0,0,36.180640,-86.796220,GARFIELD ST,,,,40.00,Feet,East,ROSA L PARKS BLVD,,,,0.00,N,Not at Intersection,N,Non-Junction,None,,,         ,Dakota,Vermillion,,Not Collision with Motor Vehicle in Transport,no,no,no,no,yes,False
102911716,METROPOLITAN NASHVILLE POLICE DEPT,20210119846,Davidson,Nashville,2/28/2021 12:00:00 AM,1,0,0,36.178530,-86.824470,ED TEMPLE BLVD,,,,885.00,Feet,South,BUCHANAN ST,,,,0.00,N,Not at Intersection,N,Non-Junction,None,,,         ,Jacob,Ross,Rain,Unknown,no,no,no,no,yes,False
102911725,METROPOLITAN NASHVILLE POLICE DEPT,20210119701,Davidson,Nashville,2/28/2021 12:00:00 AM,2,0,0,36.205280,-86.605770,RACHELS TRL,,,,114.00,Feet,East,ANDREW JACKSON PKWY,,,,0.00,N,Not at Intersection,N,Non-Junction,None,,,         ,Timothy,Kearney,,Rear to Side,no,no,no,no,yes,False
102911736,METROPOLITAN NASHVILLE POLICE DEPT,20210119711,Davidson,Nashville,2/28/2021 11:06:00 PM,1,0,0,36.037380,-86.657810,CANE RIDGE RD,,,,613.00,Feet,North,PRESTON RD,,,,0.00,N,Not at Intersection,N,Non-Junction,None,,,         ,Holly,Davis,Rain,Not Collision with Motor Vehicle in Transport,no,no,no,no,no,False
102911740,METROPOLITAN NASHVILLE POLICE DEPT,20210119912,Davidson,Nashville,3/1/2021 3:06:00 AM,2,1,0,36.114460,-86.724550,I 24,,,,0.00,,,,,,,53.30,N,Not at Intersection,N,Non-Junction,None,,,         ,Douglas,Meringer,Rain,"Sideswipe, Same Direction",no,no,no,no,yes,False
102911780,METROPOLITAN NASHVILLE POLICE DEPT,20210120027,Davidson,Nashville,3/1/2021 4:45:00 AM,1,0,0,36.228130,-86.846360,BRILEY PKWYW,,,,1050.00,Feet,East,DRAKES BRANCH RD,,,,0.00,N,Not at Intersection,N,Non-Junction,None,,,         ,Brian,DeMarce,,Not Collision with Motor Vehicle in Transport,no,no,no,no,no,False
102911792,METROPOLITAN NASHVILLE POLICE DEPT,20210120076,Davidson,Nashville,3/1/2021 5:50:00 AM,2,0,0,36.180550,-86.796320,ROSA L PARKS BLVD,,,,17.00,Feet,South,GARFIELD ST,,,,0.00,N,Not at Intersection, ,,None,,,         ,Bobby,Samuels,,,no,no,no,no,no,False