master_record_number,agency,agency_tracking_number,county,city,collision_date,vehicles_involved,number_injured,number_dead,latitude,longitude,roadway_name,roadway_suffix,roadway_number,roadway_local_id,distance_from_reference,miles-feet_indicator,direction_from_reference,intersection_road_name,intersection_road_name_suffix,intersection_road_number,intersection_local_id,mile_marker,intersection_indicator,intersect_type,interchange_related_indicator,relation_to_junction,work_zone_type,construction_maintenance_zone,construction_maintenance_zone_location,fatal_case_number,officer_first_name,officer_last_name,weather_condition(s),manner_of_crash,pedestrian,bicycle,scooter,parking,hitrun,mou
102915427,METROPOLITAN NASHVILLE POLICE DEPT,20210129396,Davidson,Nashville,3/5/2021 12:03:00 AM,1,1,0,36.100380,-86.625730,BELL RD,,,,1862.00,Feet,North,KOTTAS PL,,,,0.00,N,Not at Intersection,N,Non-Junction,None,,,         ,Bridget,Griepentrog,Clear,Not Collision with Motor Vehicle in Transport,no,no,no,no,no,False
102915429,METROPOLITAN NASHVILLE POLICE DEPT,20210129795,Davidson,Nashville,3/5/2021 3:00:00 AM,2,0,0,36.134410,-86.895120,I 40,,,,0.00,,,,,,,201.40,N,Not at Intersection,N,Non-Junction,None,,,         ,David,Moser,Clear,"Sideswipe, Same Direction",no,no,no,no,no,False
102915434,METROPOLITAN NASHVILLE POLICE DEPT,20210129962,Davidson,Nashville,3/5/2021 5:45:00 AM,2,0,0,36.173260,-86.602070,OLD HICKORY BLVD,,,,121.00,Feet,South,CENTRAL PKE,,,,0.00,N,Not at Intersection, ,Non-Junction,None,,,         ,Torry,Hill,Clear,"Sideswipe, Same Direction",no,no,no,no,no,False
102915452,VANDERBILT UNIVERSITY POLICE,20210147175,Davidson,Nashville,3/4/2021 1:52:00 PM,1,0,0,36.143760,-86.813830,WEST END AV,,,,0.00,,,,,,,0.00,,, ,Non-Junction,None,,,         ,O'Darra,Beauvais,Clear,Not Collision with Motor Vehicle in Transport,no,no,no,yes,no,Campus
102915462,METROPOLITAN NASHVILLE POLICE DEPT,20210130019,Davidson,Nashville,3/5/2021 7:00:00 AM,1,0,0,36.150700,-86.858210,OBRIEN AV,,,,108.00,Feet,West,WHITE BRIDGE PKE,,,,0.00,N,Not at Intersection,N,Non-Junction,None,,,         ,George,Spencer,Clear,Not Collision with Motor Vehicle in Transport,no,no,no,no,yes,False
102915505,METROPOLITAN NASHVILLE POLICE DEPT,20210130143,Davidson,Nashville,3/5/2021 8:00:00 AM,2,0,0,36.191950,-86.781910,I 65,,,,0.00,,,,,,,86.20,N,Not at Intersection, ,,None,,,         ,Alquavious,McDaniel,,,no,no,no,no,no,False
102915507,METROPOLITAN NASHVILLE POLICE DEPT,20210130178,Davidson,Nashville,3/5/2021 8:42:00 AM,2,0,0,36.112560,-86.747520,GRANDVIEW AV,,,,0.00,,,MCCLAIN AV,,,,0.00,Y,Four-Way,N,Intersection,None,,,         ,Earl,Davis,Clear,Not Collision with Motor Vehicle in Transport,no,no,no,no,yes,False
102915508,METROPOLITAN NASHVILLE POLICE DEPT,20210130125,Davidson,Not in City Limit,3/5/2021 8:10:00 AM,2,0,0,36.331640,-86.901530,I 24,,,,0.00,,,,,,,33.00,N,Not at Intersection, ,Non-Junction,None,,,         ,James,Wray,Clear,Front to Rear,no,no,no,no,no,False
102915517,METROPOLITAN NASHVILLE POLICE DEPT,20210130200,Davidson,Nashville,3/5/2021 8:56:00 AM,2,0,0,36.152790,-86.753700,DECATUR AV,,,,87.00,Feet,North,I40 W EXT RAMP,,,,0.00,N,Not at Intersection, ,Entrance/Exit Ramp Related,None,,,         ,Michael,Dance,,Front to Rear,no,no,no,no,no,False
102915567,METROPOLITAN NASHVILLE POLICE DEPT,20210130050,Davidson,Not in City Limit,3/5/2021 6:23:00 AM,2,1,0,36.325390,-86.878570,I 24,,,,0.00,,,,,,,34.40,N,Not at Intersection,N,Non-Junction,None,,,         ,Jeanine,Sarno,Clear,Front to Rear,no,no,no,no,no,False
102915568,METROPOLITAN NASHVILLE POLICE DEPT,20210129996,Davidson,Not in City Limit,3/5/2021 6:30:00 AM,2,0,0,36.324850,-86.874660,I 24,,,,0.00,,,,,,,34.60,N,Not at Intersection, ,Non-Junction,None,,,         ,Jeanine,Sarno,Clear,"Sideswipe, Same Direction",no,no,no,no,no,False
102915570,METROPOLITAN NASHVILLE POLICE DEPT,20210130088,Davidson,Nashville,3/5/2021 7:40:00 AM,2,1,0,36.049980,-86.649500,MT VIEW RD,,,,0.00,,,BELL RD,,,,0.00,Y,Four-Way,N,Intersection,None,,,         ,Lee,Davis,Clear,Angle,no,no,no,no,no,False
102915588,Nashville Airport Police,2021-00666,Davidson,Nashville,3/5/2021 12:00:00 AM,2,0,0,36.139840,-86.666190,-- UNKNOWN RAMP/ROAD --,,,,0.00,,,RAMP,,,,0.00,Y,OTHER,Y,Entrance/Exit Ramp Related,None,,,         ,Patrick,Nicholson,Clear,Angle,no,no,no,no,yes,False
102915593,METROPOLITAN NASHVILLE POLICE DEPT,20210130450,Davidson,Nashville,3/5/2021 12:00:00 AM,1,0,0,36.105100,-86.774540,MCCONNELL ST,,,,75.00,Feet,South,CALDWELL LN,,,,0.00,N,Not at Intersection,N,OtherLocation,None,,,         ,Earl,Davis,Unknown,Not Collision with Motor Vehicle in Transport,no,no,no,yes,yes,False
102915597,METROPOLITAN NASHVILLE POLICE DEPT,20210130188,Davidson,Nashville,3/5/2021 8:45:00 AM,2,0,0,36.088020,-86.692680,ANTIOCH PKE,,,,254.00,Feet,North,HARDING PL,,,,0.00,N,Not at Intersection, ,Non-Junction,None,,,         ,James,Thomas,Clear,Angle,no,no,no,no,no,False
102915604,METROPOLITAN NASHVILLE POLICE DEPT,20210130377,Davidson,Madison,3/5/2021 10:43:00 AM,2,0,0,36.263600,-86.711730,GALLATIN PKEN,,,,80.00,Feet,South,OLD TIME VILLAGE PVTDR,,,,0.00,N,Not at Intersection, ,Non-Junction,None,,,         ,Chase,Carter,Clear,Angle,no,no,no,no,yes,False
102915619,METROPOLITAN NASHVILLE POLICE DEPT,20210130469,Davidson,Nashville,3/5/2021 11:02:00 AM,2,0,0,36.068330,-86.718870,HAYWOOD LN,,,,85.00,Feet,East,NOLENSVILLE PKE,,,,0.00,N,Not at Intersection, ,Non-Junction,None,,,         ,Joe,Hooper,Clear,Front to Rear,no,no,no,no,no,False
102915622,METROPOLITAN NASHVILLE POLICE DEPT,20210130432,Davidson,Nashville,3/5/2021 11:04:00 AM,2,0,0,36.146720,-86.743760,FESSLERS LN,,,,0.00,,,I40 E EXT RAMP,,,,0.00,Y,T-Intersection, ,Intersection,None,,,         ,Michael,Dance,Clear,Angle,no,no,no,no,no,False
102915623,METROPOLITAN NASHVILLE POLICE DEPT,20210130362,Davidson,Nashville,3/5/2021 9:00:00 AM,2,0,0,36.074430,-86.745970,BLACKMAN RD,,,,0.00,Feet,East,DANBY DR,,,,0.00,N,Not at Intersection, ,,None,,,         ,Tony,Folad,,,no,no,no,no,no,False
102915628,METROPOLITAN NASHVILLE POLICE DEPT,20210130382,Davidson,Nashville,3/5/2021 10:43:00 AM,2,0,0,36.150930,-86.625270,BELL RD,,,,479.00,Feet,South,BLACKWOOD DR,,,,0.00,N,Not at Intersection, ,Non-Junction,None,,,         ,Michael,Brooks,Cloudy,"Sideswipe, Same Direction",no,no,no,no,no,False
102915681,METROPOLITAN NASHVILLE POLICE DEPT,20210130166,Davidson,Nashville,3/5/2021 8:20:00 AM,2,0,0,36.064790,-86.628480,HAMILTON CHURCH RD,,,,0.00,Feet,,MURFREESBORO PKE,,,,0.00,Y,Four-Way,Y,Intersection,None,,,         ,Joshua,Belk,Cloudy,Front to Rear,no,no,no,no,no,False
102915780,METROPOLITAN NASHVILLE POLICE DEPT,20210130562,Davidson,Nashville,3/5/2021 12:27:00 PM,2,0,0,36.066560,-86.636650,MORRIS GENTRY BLVD,,,,0.00,,,BELL RD,,,,0.00,Y,T-Intersection,N,Intersection,None,,,         ,Joe,Hooper,Cloudy,Angle,no,no,no,no,no,False
102915807,METROPOLITAN NASHVILLE POLICE DEPT,20210130554,Davidson,Nashville,3/5/2021 12:25:00 PM,2,0,0,36.149840,-86.784500,I 40,,,,0.00,,,,,,,209.55,N,Not at Intersection,N,Unknown,Unknown,Unknown,Unknown,         ,Russell,Freeman,Unknown,Unknown,no,no,no,no,yes,False
102915809,GOODLETTSVILLE POLICE DEPT,21-06220,Davidson,Goodlettsville,3/5/2021 11:20:00 AM,2,1,0,36.315490,-86.713510,RIVERGATE PKWY,,,,0.00,,,S MAIN ST,,,,0.00,Y,Four-Way,N,Intersection-Related,None,,,         ,William,Hunter,Clear,Front to Rear,no,no,no,no,no,False
102915812,METROPOLITAN NASHVILLE POLICE DEPT,20210130524,Davidson,Madison,3/5/2021 12:03:00 PM,2,0,0,36.280010,-86.733310,I 65,,,,0.00,,,,,,,93.35,N,Not at Intersection, ,Non-Junction,None,,,         ,Cyretha,Frazier,Cloudy,Not Collision with Motor Vehicle in Transport,no,no,no,no,no,False
102915813,METROPOLITAN NASHVILLE POLICE DEPT,20210130566,Davidson,Nashville,3/5/2021 12:34:00 PM,3,1,0,36.118500,-86.767920,I 440,,,,0.00,,,,,,,5.25,N,Not at Intersection,Y,Non-Junction,None,,,         ,Earl,Davis,Cloudy,Angle,no,no,no,no,no,False
102915837,METROPOLITAN NASHVILLE POLICE DEPT,2021-0130580,Davidson,Nashville,3/5/2021 12:45:00 PM,2,1,0,36.201060,-86.776800,I 65,,,,0.00,,,,,,,86.95,N,Not at Intersection,N,Non-Junction,None,,,         ,Royce,McLester,Clear,"Sideswipe, Same Direction",no,no,no,no,no,False
102915920,METROPOLITAN NASHVILLE POLICE DEPT,20210130658,Davidson,Nashville,3/5/2021 1:20:00 PM,2,0,0,36.165290,-86.800710,HERMAN ST,,,,158.00,Feet,East,BLANK ST,,,,0.00,N,Not at Intersection, ,Non-Junction,None,,,         ,Isaac,Wood,Cloudy,Angle,no,no,no,no,no,False
102915925,METROPOLITAN NASHVILLE POLICE DEPT,20210130650,Davidson,Nashville,3/5/2021 1:19:00 PM,2,0,0,36.194350,-86.832320,CLARKSVILLE PKE,,,,336.00,Feet,East,W SUMMITT AV,,,,0.00,N,Not at Intersection,N,Non-Junction,None,,,         ,Tyler,Adcock,Cloudy,"Sideswipe, Same Direction",no,no,no,no,no,False
102915929,BERRY HILL POLICE DEPT,21-0627,Davidson,Berry Hill,3/4/2021 6:59:00 PM,2,0,0,36.121370,-86.775450,FRANKLIN PKE,,,,0.00,,,KIRKWOOD AV,,,,0.00,Y,Four-Way,N,Intersection,None,,,         ,Yamil,Jimenez,Clear,HeadOn,no,no,no,no,no,False
102915944,METROPOLITAN NASHVILLE POLICE DEPT,20210130784,Davidson,Nashville,3/5/2021 2:00:00 PM,2,0,0,36.252620,-86.686000,LARKIN SPRINGS RD,,,,1119.00,Feet,North,NEELYS BEND RD,,,,0.00,N,Not at Intersection, ,Non-Junction,None,,,         ,Christopher,Littles,Cloudy,Angle,no,no,no,no,no,False
102915991,METROPOLITAN NASHVILLE POLICE DEPT,20210130682,Davidson,Not in City Limit,3/5/2021 1:45:00 PM,2,1,0,36.279670,-86.780660,OLD HICKORY BLVD,,,,857.00,Feet,East,BRICK CHURCH PKE,,,,0.00,N,Not at Intersection,N,Non-Junction,None,,,         ,Chase,Carter,Clear,"Sideswipe, Same Direction",no,no,no,no,yes,False
102916033,WILLIAMSON CO SHERIFFS OFFICE,215524,Davidson,Nashville,3/5/2021 3:42:00 PM,2,0,0,36.027440,-86.906720,SNEED RDW,,,,1259.00,Feet,South,WILLOWBROOKE CIR,,,,0.00,N,Not at Intersection, ,Non-Junction,None,,,         ,Debbie,Rogers,Cloudy,Front to Rear,no,no,no,no,no,False
102916037,METROPOLITAN NASHVILLE POLICE DEPT,20210130752,Davidson,Nashville,3/5/2021 2:40:00 PM,2,1,0,36.182110,-86.775020,I 24,,,,0.00,,,,,,,47.45,N,Not at Intersection,Y,Entrance/Exit Ramp Related,None,,,         ,Trevor,Taylor,Cloudy,"Sideswipe, Same Direction",no,no,no,no,no,False
102916096,METROPOLITAN NASHVILLE POLICE DEPT,20210130897,Davidson,Nashville,3/5/2021 3:58:00 PM,2,0,0,36.088460,-86.702040,I 24,,,,0.00,,,,,,,55.55,N,Not at Intersection,N,Non-Junction,None,,,         ,Andrew,Brazee,Cloudy,Front to Rear,no,no,no,no,no,False
102916100,METROPOLITAN NASHVILLE POLICE DEPT,20210130960,Davidson,Nashville,3/5/2021 3:44:00 PM,2,0,0,36.153600,-86.748540,HERMITAGE AV,,,,119.00,Feet,West,CAULEY AV,,,,0.00,N,Not at Intersection, ,Non-Junction,None,,,         ,Rami,Rouhi,Clear,Angle,no,no,no,no,no,False
102916129,METROPOLITAN NASHVILLE POLICE DEPT,20210130913,Davidson,Nashville,3/5/2021 1:41:00 PM,2,0,0,36.243790,-86.752660,SKYLINE MEMORIAL CT,,,,1169.00,Feet,East,DICKERSON PKE,,,,0.00,N,Not at Intersection,N,Non-Junction,None,,,         ,Christopher,Littles,Cloudy,"Sideswipe, Same Direction",no,no,no,yes,yes,False
102916130,METROPOLITAN NASHVILLE POLICE DEPT,20210131039,Davidson,Not in City Limit,3/5/2021 5:04:00 PM,2,0,0,36.264210,-86.734230,OLD HICKORY BLVDW,,,,108.00,Feet,West,HEAD DR,,,,0.00,N,Not at Intersection, ,,None,,,         ,Christopher,Littles,,,no,no,no,no,no,False
102916169,METROPOLITAN NASHVILLE POLICE DEPT,20210131070,Davidson,Nashville,3/5/2021 4:51:00 PM,2,0,0,36.108030,-86.768950,I 65,,,,0.00,,,,,,,79.60,N,Not at Intersection, ,Non-Junction,None,,,         ,Austin,Roemeling,Cloudy,Front to Rear,no,no,no,no,no,False
102916172,METROPOLITAN NASHVILLE POLICE DEPT,20210130929,Davidson,Nashville,3/5/2021 3:00:00 PM,2,0,0,36.152620,-86.788320,MUSIC CIRE,,,,279.00,Feet,South,I40 E ENT RAMP,,,,0.00,N,Not at Intersection, ,Non-Junction,None,,,         ,John,Kelley,Cloudy,Rear to Rear,no,no,no,yes,yes,False
102916175,METROPOLITAN NASHVILLE POLICE DEPT,20210130874,Davidson,Nashville,3/5/2021 3:50:00 PM,2,0,0,36.172840,-86.765340,S 5TH ST,,,,0.00,,,SPRING ST,,,,0.00,Y,Four-Way,N,Intersection-Related,None,,,         ,Esther,Poysti,Cloudy,Angle,no,no,no,no,yes,False
102916177,METROPOLITAN NASHVILLE POLICE DEPT,20210131074,Davidson,Nashville,3/5/2021 2:47:00 PM,2,0,0,36.112220,-86.767050,POWELL AV,,,,0.00,,,THOMPSON LN,,,,0.00,Y,Four-Way, ,Non-Junction,None,,,         ,Brady,Reynolds,Clear,Front to Rear,no,no,no,no,no,False
102916184,METROPOLITAN NASHVILLE POLICE DEPT,20210131142,Davidson,Nashville,3/5/2021 5:45:00 PM,2,0,0,36.152790,-86.857630,BRILEY PKWY,,,,75.00,Feet,South,I40 W EXT RAMP,,,,0.00,N,Not at Intersection, ,Non-Junction,None,,,         ,Kyle,Lund,Cloudy,Front to Rear,no,no,no,no,no,False
102916194,METROPOLITAN NASHVILLE POLICE DEPT,20210131165,Davidson,Not in City Limit,3/5/2021 6:13:00 PM,2,3,0,36.263460,-86.684270,STATE RT 45,,,,0.00,,,LARKIN SPRINGS RD,,,,0.00,Y,T-Intersection,N,Intersection,None,,,         ,Christopher,Littles,Cloudy,Front to Rear,no,no,no,no,no,False
102916200,METROPOLITAN NASHVILLE POLICE DEPT,20210130907,Davidson,Nashville,3/5/2021 4:03:00 PM,2,0,0,36.044830,-86.662660,BELL RD,,,,0.00,,,BELL RD,,,,0.00,,Not at Intersection, ,Non-Junction,None,,,         ,Joseph,Hurst,Clear,Angle,no,no,no,no,no,False
102916202,METROPOLITAN NASHVILLE POLICE DEPT,20210131181,Davidson,Nashville,3/5/2021 6:20:00 PM,2,0,0,36.134210,-86.894960,I40 E ENT RAMP,,,,0.00,Feet,East,I 40,,,,0.00,N,Not at Intersection,N,Non-Junction,None,,,         ,Brandon,Pedigo,Clear,Front to Rear,no,no,no,no,no,False
102916215,METROPOLITAN NASHVILLE POLICE DEPT,20210131185,Davidson,Nashville,3/5/2021 12:00:00 AM,2,0,0,36.140140,-86.879230,RUSSLEO DR,,,,0.00,,,CHARLOTTE PKE,,,,0.00,Y,T-Intersection, ,Intersection,None,,,         ,Maria,Reynolds,Clear,Angle,no,no,no,no,no,False
102916222,METROPOLITAN NASHVILLE POLICE DEPT,20210131252,Davidson,Nashville,3/5/2021 6:41:00 PM,2,0,0,36.072320,-86.636610,MURFREESBORO PKE,,,,207.00,Feet,North,BELL RD,,,,0.00,N,Not at Intersection, ,,None,,,         ,Nathaniel,Myers,,,no,no,no,no,no,False
102916242,METROPOLITAN NASHVILLE POLICE DEPT,20210131173,Davidson,Nashville,3/5/2021 6:16:00 PM,2,0,0,36.115200,-86.724910,I 24,,,,0.00,,,,,,,53.25,N,Not at Intersection, ,Non-Junction,None,,,         ,Joseph,Hurst,Clear,Front to Rear,no,no,no,no,no,False
102916243,METROPOLITAN NASHVILLE POLICE DEPT,20210131103,Davidson,Nashville,3/5/2021 12:00:00 AM,2,1,0,36.126620,-86.728330,I 24,,,,0.00,,,,,,,51.40,N,Not at Intersection,N,Non-Junction,None,,,         ,Maccio,Hightower,Clear,Front to Rear,no,no,no,no,no,False
102916252,METROPOLITAN NASHVILLE POLICE DEPT,20210131262,Davidson,Nashville,3/5/2021 6:40:00 PM,2,0,0,36.044530,-86.650880,CROSSINGS BLVD,,,,34.00,Feet,East,HICKORY HOLLOW PKWY,,,,0.00,N,Not at Intersection, ,Non-Junction,None,,,         ,Nadine,Klemenz,Clear,"Sideswipe, Same Direction",no,no,no,no,no,False
102916253,METROPOLITAN NASHVILLE POLICE DEPT,20210131045,Davidson,Nashville,3/5/2021 5:10:00 PM,2,3,0,36.208280,-86.788960,W TRINITY LN,,,,27.00,Feet,West,OLD MATTHEWS RD,,,,0.00,N,Not at Intersection,N,Non-Junction,None,,,         ,Craig,Paschetti,Cloudy,HeadOn,no,no,no,no,no,False
102916267,METROPOLITAN NASHVILLE POLICE DEPT,20210131244,Davidson,Nashville,3/5/2021 7:04:00 PM,3,3,0,36.172820,-86.765370,US HWY 31,,,,0.00,,,US HWY 31W,,,,0.00,Y,Four-Way,N,Intersection,None,,,         ,Kevin,Clausius,Clear,Angle,no,no,no,no,no,False
102916272,METROPOLITAN NASHVILLE POLICE DEPT,20210131368,Davidson,Nashville,3/5/2021 8:00:00 PM,1,0,0,36.077180,-86.733920,HARDING PL,,,,50.00,Feet,East,OVERCREST DR,,,,0.00,N,Not at Intersection, ,Non-Junction,None,,,         ,Brady,Reynolds,Clear,Not Collision with Motor Vehicle in Transport,no,no,no,no,no,False
102916273,METROPOLITAN NASHVILLE POLICE DEPT,20210131228,Davidson,Nashville,3/5/2021 6:58:00 PM,2,0,0,36.194130,-86.772400,DICKERSON PKE,,,,99.00,Feet,South,DOUGLAS AV,,,,0.00,N,Not at Intersection,N,Non-Junction,None,,,         ,Cooper,HIll,Clear,"Sideswipe, Same Direction",no,no,no,no,no,False
102916274,METROPOLITAN NASHVILLE POLICE DEPT,20210131283,Davidson,Nashville,3/5/2021 7:20:00 PM,2,0,0,36.152230,-86.859580,WHITE BRIDGE PKE EXT RAMP,,,,0.00,,,I 40,,,,0.00,Y,OTHER,Y,Entrance/Exit Ramp Related,None,,,         ,Kyle,Lund,Cloudy,"Sideswipe, Same Direction",no,no,no,no,yes,False
102916276,METROPOLITAN NASHVILLE POLICE DEPT,20210130924,Davidson,Nashville,3/5/2021 3:35:00 PM,2,0,0,36.040260,-86.816400,OLD HICKORY BLVD,,,,0.00,Feet,,GRANNY WHITE PKE,,,,0.00,Y,Four-Way, ,Intersection-Related,None,,,         ,Tyler,Shanks,Clear,Angle,no,no,no,no,no,False
102916286,VANDERBILT UNIVERSITY POLICE,20210131307,Davidson,Nashville,3/5/2021 6:11:00 PM,1,0,0,36.145220,-86.808730,KENSINGTON PL,,,,328.00,Feet,East,NATCHEZ TRC,,,,0.00,N,Not at Intersection, ,,None,,,         ,Frank,Marsua,,,no,no,no,yes,no,Campus
102916324,METROPOLITAN NASHVILLE POLICE DEPT,20210131209,Davidson,Nashville,3/5/2021 6:38:00 PM,2,0,0,36.096160,-86.655620,MURFREESBORO PKE,,,,0.00,,,SMITH SPRINGS RD,,,,0.00,Y,Y-Intersection,N,Intersection,None,,,         ,Phillip,Burke,Clear,Front to Rear,no,no,no,no,yes,False
102916327,METROPOLITAN NASHVILLE POLICE DEPT,20210131272,Davidson,Nashville,3/5/2021 5:33:00 PM,3,0,0,36.116010,-86.789020,I 440,,,,0.00,,,,,,,4.00,N,Not at Intersection,N,Non-Junction,None,,,         ,Matthew,Hogan,Clear,Front to Rear,no,no,no,no,no,False
102916355,METROPOLITAN NASHVILLE POLICE DEPT,20210130727,Davidson,Nashville,3/5/2021 2:27:00 PM,2,0,0,36.109270,-86.721550,I 24,,,,0.00,,,,,,,53.75,N,Not at Intersection,N,Non-Junction,None,,,         ,Robert,Higgins,Clear,Front to Rear,no,no,no,no,no,False
102916356,METROPOLITAN NASHVILLE POLICE DEPT,20210131202,Davidson,Nashville,3/5/2021 6:34:00 PM,2,2,0,36.132490,-86.727170,I 24,,,,0.00,,,,,,,52.00,N,Not at Intersection,N,Non-Junction,None,,,         ,Robert,Higgins,Clear,Front to Rear,no,no,no,no,no,False
102916357,METROPOLITAN NASHVILLE POLICE DEPT,20210131380,Davidson,Nashville,3/5/2021 8:20:00 PM,2,3,0,36.120830,-86.703590,MURFREESBORO PKE,,,,0.00,,,GLENGARRY DR,,,,0.00,Y,Four-Way,N,Intersection,None,,,         ,Robert,Higgins,Clear,HeadOn,no,no,no,no,no,False
102916364,METROPOLITAN NASHVILLE POLICE DEPT,20210130926,Davidson,Nashville,3/5/2021 3:50:00 PM,2,0,0,36.206700,-86.779150,W TRINITY LN,,,,212.00,Feet,West,HAMPTON ST,,,,0.00,N,Not at Intersection,N,Non-Junction,None,,,         ,Rachel,Susee,Clear,Angle,no,no,no,no,no,False
102916375,METROPOLITAN NASHVILLE POLICE DEPT,20210131287,Davidson,Nashville,3/5/2021 4:37:00 PM,2,0,0,36.087340,-86.607442,SMITH SPRINGS,RD,,,0.00,,,,,,,0.00,,,N,Non-Junction,None,,,         ,Dontaveous,Eubanks,Clear,Angle,no,no,no,yes,yes,False
102916388,METROPOLITAN NASHVILLE POLICE DEPT,20210131577,Davidson,Nashville,3/5/2021 12:00:00 AM,2,0,0,36.152620,-86.625070,STEWARTS FERRY PKE,,,,141.00,Feet,North,BELL RD,,,,0.00,N,Not at Intersection, ,Non-Junction,None,,,         ,Adam,Gartner,Clear,Angle,no,no,no,no,yes,False
102916401,METROPOLITAN NASHVILLE POLICE DEPT,20210131375,Davidson,Nashville,3/5/2021 8:05:00 PM,2,0,0,36.198670,-86.776040,I 65,,,,0.00,,,,,,,86.80,N,Not at Intersection,Y,Entrance/Exit Ramp Related,None,,,         ,Scarlett,Collins,Clear,"Sideswipe, Same Direction",no,no,no,no,yes,False
102916402,METROPOLITAN NASHVILLE POLICE DEPT,20210131505,Davidson,Nashville,3/5/2021 8:14:00 PM,2,0,0,36.207480,-86.784610,W TRINITY LN,,,,200.00,Feet,West,MONTICELLO DR,,,,0.00,N,Not at Intersection,N,Non-Junction,None,,,         ,Scarlett,Collins,Clear,"Sideswipe, Opposite Direction",no,no,no,yes,yes,False
102916407,THP District 3 - Nashville,321014278,Davidson,Antioch,3/2/2021 2:21:00 PM,1,0,1,36.045630,-86.609530,MURFREESBORO PKE,,,,186.00,Feet,North,MOUNTAIN SPRINGS RD,,,,0.00,N,Not at Intersection,N,Non-Junction,None,,,         ,Dakotah,Jacob,Clear,Not Collision with Motor Vehicle in Transport,yes,no,no,no,no,False
102916463,METROPOLITAN NASHVILLE POLICE DEPT,20210131593,Davidson,Nashville,3/5/2021 9:50:00 PM,2,0,0,36.251950,-86.707830,DENSON AV,,,,306.00,Feet,South,MADISON BLVD,,,,0.00,N,Not at Intersection,N,Non-Junction,None,,,         ,Dylan,Bradley,Clear,Front to Rear,no,no,no,no,yes,False
102916469,METROPOLITAN NASHVILLE POLICE DEPT,20210131565,Davidson,Nashville,3/5/2021 10:00:00 PM,2,1,0,36.238810,-86.723860,GALLATIN PKES,,,,0.00,,,GALLATIN PKE,,,,0.00,Y,T-Intersection,Y,Intersection,None,,,         ,Derek,Sibley,Clear,Front to Rear,no,no,no,no,no,False
102916472,METROPOLITAN NASHVILLE POLICE DEPT,20210131710,Davidson,Nashville,3/5/2021 11:27:00 PM,1,0,0,36.161890,-86.775170,BROADWAY,,,,0.00,Feet,,2ND AVN,,,,0.00,Y,Four-Way,Y,Intersection,None,,,         ,Nicolas,Pernell,Clear,Not Collision with Motor Vehicle in Transport,no,no,no,no,yes,False
102916493,METROPOLITAN NASHVILLE POLICE DEPT,20210131708,Davidson,Hermitage,3/5/2021 11:20:00 PM,2,0,0,36.263310,-86.662010,ROBINSON RD,,,,13.00,Feet,South,INDUSTRIAL DR,,,,0.00,N,Not at Intersection,N,Non-Junction,None,,,         ,Nelson,Hemingway,Clear,Angle,no,no,no,no,no,False
102916521,METROPOLITAN NASHVILLE POLICE DEPT,20210131882,Davidson,Nashville,3/6/2021 2:30:00 AM,2,0,0,36.141510,-86.670800,I 40,,,,0.00,,,,,,,215.00,N,Not at Intersection, ,Non-Junction,None,,,         ,Nelson,Hemingway,Clear,Front to Rear,no,no,no,no,no,False
102916530,METROPOLITAN NASHVILLE POLICE DEPT,20210131930,Davidson,Nashville,3/6/2021 2:44:00 AM,2,0,0,36.206100,-86.771400,W TRINITY LN,,,,87.00,Feet,West,LUCAS LN,,,,0.00,N,Not at Intersection,N,Non-Junction,None,,,         ,Spencer,Arroyo,Clear,Front to Rear,no,no,no,yes,yes,False
102916531,METROPOLITAN NASHVILLE POLICE DEPT,20210131918,Davidson,Nashville,3/6/2021 12:00:00 AM,1,1,0,36.220090,-86.727190,GALLATIN PKE,,,,188.00,Feet,North,ARDEE AV,,,,0.00,N,Not at Intersection,N,Non-Junction,None,,,         ,Cody,MIller,Clear,Not Collision with Motor Vehicle in Transport,no,no,no,no,yes,False
102916533,METROPOLITAN NASHVILLE POLICE DEPT,20210131614,Davidson,Nashville,3/5/2021 10:47:00 PM,2,2,0,36.143000,-86.822780,I 440,,,,0.00,,,,,,,1.00,N,Not at Intersection,N,Non-Junction,None,,,         ,David,Moser,Clear,HeadOn,no,no,no,no,no,False
102916534,METROPOLITAN NASHVILLE POLICE DEPT,20210131892,Davidson,Nashville,3/6/2021 2:22:00 AM,2,0,0,36.141150,-86.662620,I 40,,,,0.00,,,,,,,218.00,N,Not at Intersection,N,Non-Junction,None,,,         ,Richard,Luellen,Clear,Front to Rear,no,no,no,no,no,False
102916542,METROPOLITAN NASHVILLE POLICE DEPT,20210131667,Davidson,Nashville,3/5/2021 11:22:00 PM,2,0,0,36.151800,-86.771250,LAFAYETTE ST,,,,0.00,,,4TH AVS,,,,0.00,Y,Four-Way,N,Intersection,None,,,         ,Nathaniel,Jones,Clear,Angle,no,no,no,no,yes,False
102916555,METROPOLITAN NASHVILLE POLICE DEPT,20210132022,Davidson,Nashville,3/6/2021 5:40:00 AM,1,1,0,36.141880,-86.733750,I 40,,,,0.00,,,,,,,212.90,N,Not at Intersection,N,Non-Junction,None,,,         ,Nelson,Hemingway,,Not Collision with Motor Vehicle in Transport,no,no,no,no,no,False