master_record_number,agency,agency_tracking_number,county,city,collision_date,vehicles_involved,number_injured,number_dead,latitude,longitude,roadway_name,roadway_suffix,roadway_number,roadway_local_id,distance_from_reference,miles-feet_indicator,direction_from_reference,intersection_road_name,intersection_road_name_suffix,intersection_road_number,intersection_local_id,mile_marker,intersection_indicator,intersect_type,interchange_related_indicator,relation_to_junction,work_zone_type,construction_maintenance_zone,construction_maintenance_zone_location,fatal_case_number,officer_first_name,officer_last_name,weather_condition(s),manner_of_crash,pedestrian,bicycle,scooter,parking,hitrun,mou
102916579,METROPOLITAN NASHVILLE POLICE DEPT,20210132063,Davidson,Nashville,3/6/2021 6:45:00 AM,2,0,0,36.168680,-86.600420,OLD HICKORY BLVD,,,,55.00,Feet,North,MILLS RD,,,,0.00,N,Not at Intersection, ,,None,,,         ,Rex,Engelbert,,,no,no,no,no,no,False
102916604,METROPOLITAN NASHVILLE POLICE DEPT,20210132087,Davidson,Nashville,3/6/2021 5:30:00 AM,2,0,0,36.153740,-86.787850,I 40,,,,0.00,,,,,,,209.30,N,Not at Intersection,N,Non-Junction,None,,,         ,Marvin,Williams,,"Sideswipe, Same Direction",no,no,no,no,yes,False
102916616,METROPOLITAN NASHVILLE POLICE DEPT,20210132055,Davidson,Nashville,3/6/2021 6:45:00 AM,1,0,0,36.056430,-86.850470,CROMWELL DR,,,,56.00,Feet,South,GARDENDALE DR,,,,0.00,N,Not at Intersection,N,Non-Junction,None,,,         ,Tony,Folad,Unknown,Not Collision with Motor Vehicle in Transport,no,no,no,yes,yes,False
102916663,METROPOLITAN NASHVILLE POLICE DEPT,20210132235,Davidson,Nashville,3/6/2021 9:50:00 AM,2,1,0,36.060070,-86.679970,I 24,,,,0.00,,,,,,,57.85,N,Not at Intersection,N,Non-Junction,None,,,         ,Gerald,Gomes,Clear,Front to Rear,no,no,no,no,no,False
102916665,METROPOLITAN NASHVILLE POLICE DEPT,20210132056,Davidson,Nashville,3/6/2021 6:27:00 AM,1,0,0,36.189430,-86.607100,ANDREW JACKSON PKWY,,,,261.00,Feet,West,CHANDLER RD,,,,0.00,N,Not at Intersection,N,Non-Junction,None,,,         ,Ryan,Sherry,,Unknown,no,no,no,yes,yes,False
102916666,METROPOLITAN NASHVILLE POLICE DEPT,20210132237,Davidson,Nashville,3/6/2021 9:53:00 AM,2,1,0,36.086470,-86.696010,S PERIMETER PARK DR,,,,144.00,Feet,South,HARDING PL,,,,0.00,N,Not at Intersection,N,Non-Junction,None,,,         ,Tyler,Heckaman,Clear,Angle,no,no,no,no,no,False
102916667,METROPOLITAN NASHVILLE POLICE DEPT,20210132207,Davidson,Nashville,3/6/2021 9:25:00 AM,2,0,0,36.198060,-86.775900,I 65,,,,0.00,,,,,,,86.75,N,Not at Intersection,N,Non-Junction,None,,,         ,Joshua,Baker,Clear,"Sideswipe, Same Direction",no,no,no,no,no,False
102916701,METROPOLITAN NASHVILLE POLICE DEPT,20210132190,Davidson,Nashville,3/6/2021 9:19:00 AM,2,0,0,36.192710,-86.744370,DOUGLAS AV,,,,0.00,,,GALLATIN AV,,,,0.00,Y,Four-Way,N,Intersection,None,,,         ,William,Clemons,,Angle,no,no,no,no,no,False
102916717,METROPOLITAN NASHVILLE POLICE DEPT,20210132281,Davidson,Nashville,3/6/2021 10:48:00 AM,1,0,0,36.142380,-86.709420,I 40,,,,0.00,,,,,,,214.25,N,Not at Intersection,N,Non-Junction,None,,,         ,MIchael,Mihajlov,,Not Collision with Motor Vehicle in Transport,no,no,no,no,no,False
102916768,METROPOLITAN NASHVILLE POLICE DEPT,20210132326,Davidson,Not in City Limit,3/6/2021 11:52:00 AM,2,0,0,36.265390,-86.791350,I 24,,,,0.00,,,,,,,41.45,N,Not at Intersection, ,,None,,,         ,Alquavious,McDaniel,,,no,no,no,no,no,False
102916780,METROPOLITAN NASHVILLE POLICE DEPT,20210132393,Davidson,Nashville,3/6/2021 12:35:00 PM,2,0,0,36.083520,-86.727520,NOLENSVILLE PKE,,,,44.00,Feet,North,WELCH RD,,,,0.00,N,Not at Intersection, ,Non-Junction,None,,,         ,Neil,Wolfe,Clear,Angle,no,no,no,no,no,False
102916790,METROPOLITAN NASHVILLE POLICE DEPT,20210132385,Davidson,Nashville,3/6/2021 12:33:00 PM,1,1,0,36.208070,-86.717110,STRATFORD AV,,,,55.00,Feet,North,MCGAVOCK PKE,,,,0.00,N,Not at Intersection,N,Non-Junction,None,,,         ,Jarret,Sonnenberg,,Not Collision with Motor Vehicle in Transport,no,no,no,no,no,False
102916798,METROPOLITAN NASHVILLE POLICE DEPT,20210132361,Davidson,Not in City Limit,3/6/2021 11:50:00 AM,2,0,0,36.265370,-86.791340,I 24,,,,0.00,,,,,,,41.50,N,Not at Intersection, ,Non-Junction,None,,,         ,Royce,McLester,Clear,Front to Rear,no,no,no,no,no,False
102916810,METROPOLITAN NASHVILLE POLICE DEPT,20210131257,Davidson,Not in City Limit,3/5/2021 12:00:00 AM,2,0,0,36.262620,-86.684380,E OLD HICKORY BLVD,,,,0.00,,,LARKIN SPRINGS RD,,,,0.00,Y,Four-Way, ,Intersection,None,,,         ,Amanda,Topping,Clear,Angle,no,no,no,no,no,False
102916811,METROPOLITAN NASHVILLE POLICE DEPT,20210132406,Davidson,Nashville,3/6/2021 12:55:00 PM,2,0,0,36.045630,-86.706430,HICKORY VALLEY CONDOS PVTDR,,,,4.00,Feet,North,OLD HICKORY BLVD,,,,0.00,N,Not at Intersection, ,Non-Junction,None,,,         ,Sarah,Cartwright,Clear,"Sideswipe, Same Direction",no,no,no,no,no,False
102916828,METROPOLITAN NASHVILLE POLICE DEPT,20210132401,Davidson,Nashville,3/6/2021 12:44:00 PM,2,0,0,36.082610,-86.727250,NOLENSVILLE PKE,,,,0.00,Feet,,WELSHWOOD DR,,,,0.00,Y,Four-Way,N,Intersection-Related,None,,,         ,Sandra,Fly,Clear,Front to Rear,no,no,no,no,no,False
102916829,METROPOLITAN NASHVILLE POLICE DEPT,20210132398,Davidson,Nashville,3/6/2021 12:40:00 PM,2,1,0,36.043140,-86.689720,BELL RD,,,,1091.00,Feet,East,BENZING RD,,,,0.00,N,Not at Intersection,N,Non-Junction,None,,,         ,Joshua,Belk,Clear,Front to Rear,no,no,no,no,no,False
102916832,METROPOLITAN NASHVILLE POLICE DEPT,20210132234,Davidson,Nashville,3/6/2021 12:00:00 AM,1,0,0,36.201240,-86.786070,SEMINARY ST,,,,0.00,,,HAYNES MEADE CIR,,,,0.00,Y,T-Intersection,N,Unknown,None,,,         ,James,Wray,Unknown,Unknown,no,no,no,no,yes,False
102916850,METROPOLITAN NASHVILLE POLICE DEPT,20210132295,Davidson,Nashville,3/6/2021 10:45:00 AM,3,3,0,36.041570,-86.652270,I24 W ENT RAMP,,,,0.00,Feet,East,I 24,,,,0.00,N,Not at Intersection,N,Non-Junction,None,,,         ,James,Thomas,Clear,Front to Rear,no,no,no,no,no,False
102916859,METROPOLITAN NASHVILLE POLICE DEPT,20210132366,Davidson,Nashville,3/6/2021 12:22:00 PM,2,0,0,36.049280,-86.651730,HICKORY HOLLOW LN,,,,0.00,,,BELL RD,,,,0.00,Y,Four-Way, ,Intersection,None,,,         ,Tyler,Heckaman,Clear,"Sideswipe, Same Direction",no,no,no,no,no,False
102916898,METROPOLITAN NASHVILLE POLICE DEPT,20210132492,Davidson,Nashville,3/6/2021 12:45:00 PM,2,0,0,36.185060,-86.636390,JACKSON DOWNS BLVD,,,,93.00,Feet,South,LEBANON PKE,,,,0.00,N,Not at Intersection, ,Non-Junction,None,,,         ,Christopher,Beery,Clear,Front to Rear,no,no,no,no,no,False
102916908,METROPOLITAN NASHVILLE POLICE DEPT,20210130933,Davidson,Nashville,3/5/2021 4:22:00 PM,2,0,0,36.107360,-86.719990,I 24,,,,0.00,,,,,,,53.90,N,Not at Intersection, ,Entrance/Exit Ramp Related,None,,,         ,Keith,Parlato,Cloudy,"Sideswipe, Same Direction",no,no,no,no,no,False
102916917,METROPOLITAN NASHVILLE POLICE DEPT,20210132520,Davidson,Not in City Limit,3/6/2021 2:41:00 PM,2,0,0,36.308510,-86.681500,RIVERCHASE BLVD,,,,36.00,Feet,South,GALLATIN PKEN,,,,0.00,N,Not at Intersection, ,Non-Junction,None,,,         ,Joshua,Dodge,Clear,Front to Rear,no,no,no,no,no,False
102916950,METROPOLITAN NASHVILLE POLICE DEPT,20210132625,Davidson,Nashville,3/6/2021 4:21:00 PM,2,0,0,36.149660,-86.860000,CHARLOTTE PKE,,,,21.00,Feet,West,OCEOLA AV,,,,0.00,N,Not at Intersection, ,,None,,,         ,Jared,Dick,,,no,no,no,no,no,False
102916967,METROPOLITAN NASHVILLE POLICE DEPT,20210132585,Davidson,Nashville,3/6/2021 12:00:00 AM,2,1,0,36.150320,-86.857920,WHITE BRIDGE PKE,,,,64.00,Feet,North,CHARLOTTE PKE,,,,0.00,N,Not at Intersection,N,Non-Junction,None,,,         ,Kyle,Lund,Clear,Front to Rear,no,no,no,no,no,False
102916989,METROPOLITAN NASHVILLE POLICE DEPT,20210132537,Davidson,Nashville,3/6/2021 12:00:00 AM,2,0,0,36.077190,-86.920250,OLD HICKORY BLVD,,,,167.00,Feet,North,BELLE FOREST CIR,,,,0.00,N,Not at Intersection,N,Non-Junction,None,,,         ,Maria,Reynolds,Clear,Angle,no,no,no,no,no,False
102916991,METROPOLITAN NASHVILLE POLICE DEPT,20210132482,Davidson,Nashville,3/6/2021 12:00:00 AM,4,0,0,36.161250,-86.760680,I 24,,,,0.00,,,,,,,49.40,N,Not at Intersection, ,Non-Junction,None,,,         ,Joel,Cottrill,Clear,Front to Rear,no,no,no,no,yes,False
102916992,METROPOLITAN NASHVILLE POLICE DEPT,20210132574,Davidson,Nashville,3/6/2021 3:39:00 PM,1,0,0,36.246170,-86.726430,WELLINGTON DR,,,,232.00,Feet,West,FREDA VILLA,,,,0.00,N,Not at Intersection,N,Non-Junction,None,,,         ,Brandon,Lopez,Clear,Not Collision with Motor Vehicle in Transport,no,no,no,no,no,False
102917018,METROPOLITAN NASHVILLE POLICE DEPT,20210132628,Davidson,Nashville,3/6/2021 4:23:00 PM,2,0,0,36.153520,-86.756320,I 40,,,,0.00,,,,,,,211.20,N,Not at Intersection, ,Non-Junction,None,,,         ,Brandon,Chapman,Clear,"Sideswipe, Same Direction",no,no,no,no,no,False
102917025,METROPOLITAN NASHVILLE POLICE DEPT,20210132541,Davidson,Nashville,3/6/2021 1:30:00 PM,3,0,0,36.080750,-86.726700,NOLENSVILLE PKE,,,,430.00,Feet,North,HARDING PL,,,,0.00,N,Not at Intersection,N,Non-Junction,None,,,         ,Tyler,Shanks,Clear,Angle,no,no,no,no,yes,False
102917035,METROPOLITAN NASHVILLE POLICE DEPT,20210132651,Davidson,Nashville,3/6/2021 4:24:00 PM,3,0,0,36.154640,-86.759350,I 40,,,,0.00,,,,,,,211.00,N,Not at Intersection, ,Non-Junction,None,,,         ,William,Boler,Clear,Angle,no,no,no,no,no,False
102917036,METROPOLITAN NASHVILLE POLICE DEPT,20210132594,Davidson,Nashville,3/6/2021 3:50:00 PM,2,1,0,36.061330,-86.910290,HIGHWAY 100,,,,191.00,Feet,East,WARNER NATURE CTR PVTDR,,,,0.00,N,Not at Intersection,N,OtherLocation,None,,,         ,Matthew,Turppa,Clear,Angle,no,no,no,no,no,False
102917037,BERRY HILL POLICE DEPT,21-0650,Davidson,Berry Hill,3/6/2021 3:54:00 PM,2,0,0,36.112570,-86.765350,THOMPSON LN,,,,0.00,,,,,,,0.00,,, ,,None,,,         ,Roy,Morris,,,no,no,no,yes,no,False
102917039,METROPOLITAN NASHVILLE POLICE DEPT,20210132525,Davidson,Nashville,3/6/2021 2:45:00 PM,2,0,0,36.026230,-86.695400,BARNES BEND DR,,,,49.00,Feet,West,BARNES RD,,,,0.00,N,Not at Intersection, ,,None,,,         ,Luis,Pena,,,no,no,no,no,no,False
102917040,METROPOLITAN NASHVILLE POLICE DEPT,20210132748,Davidson,Nashville,3/6/2021 5:45:00 PM,1,1,0,36.146440,-86.755320,MURFREESBORO PKE,,,,150.00,Feet,East,LAFAYETTE ST,,,,0.00,N,Not at Intersection,N,Non-Junction,None,,,         ,Christopher,Beery,Clear,Not Collision with Motor Vehicle in Transport,no,no,no,no,no,False
102917051,METROPOLITAN NASHVILLE POLICE DEPT,20210132623,Davidson,Nashville,3/6/2021 4:21:00 PM,1,1,0,36.169910,-86.782990,4TH AVN,,,,322.00,Feet,South,CRIDDLE ST,,,,0.00,N,Not at Intersection,N,Non-Junction,None,,,         ,Michael,Foster,Clear,Not Collision with Motor Vehicle in Transport,no,no,no,no,no,False
102917053,METROPOLITAN NASHVILLE POLICE DEPT,20210132671,Davidson,Nashville,3/6/2021 4:27:00 PM,2,0,0,36.045100,-86.659880,I24 E EXT RAMP,,,,0.00,Feet,East,I 24,,,,0.00,N,Not at Intersection, ,Non-Junction,None,,,         ,Eric,Laury,Clear,Angle,no,no,no,no,no,False
102917080,METROPOLITAN NASHVILLE POLICE DEPT,20210132612,Davidson,Nashville,3/6/2021 3:56:00 PM,2,0,0,36.176360,-86.759440,N 8TH ST,,,,0.00,,,RAMSEY ST,,,,0.00,Y,Four-Way,N,Intersection,None,,,         ,Zachary,Aldrich,Clear,Angle,no,no,no,no,no,False
102917082,METROPOLITAN NASHVILLE POLICE DEPT,20210132737,Davidson,Nashville,3/6/2021 5:40:00 PM,2,1,0,36.215120,-86.602850,LEBANON PKE,,,,806.00,Feet,East,SHUTE LN,,,,0.00,N,Not at Intersection,N,Non-Junction,None,,,         ,Rami,Rouhi,Clear,"Sideswipe, Opposite Direction",no,no,no,yes,no,False
102917089,METROPOLITAN NASHVILLE POLICE DEPT,20210132763,Davidson,Nashville,3/6/2021 5:55:00 PM,2,0,0,36.087550,-86.691920,HARDING PL,,,,98.00,Feet,East,ANTIOCH PKE,,,,0.00,N,Not at Intersection, ,,None,,,         ,Timothy,Ward,,,no,no,no,no,no,False
102917090,METROPOLITAN NASHVILLE POLICE DEPT,20210132657,Davidson,Nashville,3/6/2021 2:03:00 PM,2,0,0,36.117030,-86.810410,HILLSBORO PKE,,,,345.00,Feet,South,GOLF CLUB LN,,,,0.00,N,Not at Intersection,N,Non-Junction,None,,,         ,Adam,Reese,Clear,Front to Rear,no,no,no,no,yes,False
102917093,METROPOLITAN NASHVILLE POLICE DEPT,20210132590,Davidson,Nashville,3/6/2021 3:43:00 PM,2,0,0,36.045430,-86.703620,OLD HICKORY BLVD,,,,2.00,Feet,West,EULALA DR,,,,0.00,N,Not at Intersection,N,Non-Junction,None,,,         ,Cameron,VanLierop,Clear,Front to Rear,no,no,no,no,no,False
102917098,METROPOLITAN NASHVILLE POLICE DEPT,20210132864,Davidson,Nashville,3/6/2021 6:48:00 PM,2,1,0,36.069590,-86.693910,HAYWOOD LN,,,,0.00,,,EZELL RD,,,,0.00,Y,Four-Way,N,Intersection,None,,,         ,Gary,Anderson,Clear,Front to Rear,no,no,no,no,yes,False
102917111,METROPOLITAN NASHVILLE POLICE DEPT,20210132855,Davidson,Nashville,3/6/2021 6:39:00 PM,2,0,0,36.101400,-86.740350,NOLENSVILLE PKE,,,,0.00,,,MCCLELLAN AV,,,,0.00,Y,T-Intersection,N,Non-Junction,None,,,         ,Dillon,Gann,Clear,"Sideswipe, Same Direction",no,no,no,no,yes,False
102917112,METROPOLITAN NASHVILLE POLICE DEPT,20210132852,Davidson,Nashville,3/6/2021 6:43:00 PM,2,0,0,36.047310,-86.662680,I 24,,,,0.00,,,,,,,59.15,N,Not at Intersection,N,Non-Junction,None,,,         ,Taylor,Blackwelder,Clear,Front to Rear,no,no,no,no,no,False
102917120,METROPOLITAN NASHVILLE POLICE DEPT,20210132873,Davidson,Nashville,3/6/2021 6:50:00 PM,2,0,0,36.044830,-86.662740,BELL RD,,,,359.00,Feet,West,CANE RIDGE RD,,,,0.00,N,Not at Intersection,N,Non-Junction,None,,,         ,Eric,Laury,Clear,Angle,no,no,no,no,no,False
102917130,METROPOLITAN NASHVILLE POLICE DEPT,20210132945,Davidson,Nashville,3/6/2021 6:55:00 PM,2,0,0,36.142030,-86.675630,I 40,,,,0.00,,,,,,,215.00,N,Not at Intersection,N,Non-Junction,None,,,         ,Christopher,Beery,Clear,"Sideswipe, Same Direction",no,no,no,no,no,False
102917156,METROPOLITAN NASHVILLE POLICE DEPT,20210132683,Davidson,Not in City Limit,3/6/2021 5:00:00 PM,2,0,0,36.076790,-87.026240,I 40,,,,0.00,,,,,,,192.20,N,Not at Intersection, ,Non-Junction,None,,,         ,Michael,Sipos,Clear,"Sideswipe, Same Direction",no,no,no,no,no,False
102917157,METROPOLITAN NASHVILLE POLICE DEPT,20210132832,Davidson,Nashville,3/6/2021 6:36:00 PM,2,0,0,36.134290,-86.779090,8TH AVS,,,,3.00,Feet,North,WEDGEWOOD AV,,,,0.00,N,Not at Intersection,N,Non-Junction,None,,,         ,Matthew,Hogan,Clear,Front to Rear,no,no,no,no,no,False
102917160,METROPOLITAN NASHVILLE POLICE DEPT,20210132858,Davidson,Nashville,3/6/2021 6:45:00 PM,3,1,0,36.208340,-86.839640,CLARKSVILLE PKE,,,,3.00,Feet,North,W HAMILTON RD,,,,0.00,N,Not at Intersection,N,Non-Junction,Construction Zone,Work On Shoulder Or Median,Unknown,         ,Maryanne,Bartello,Clear,Front to Rear,no,no,no,no,yes,False
102917163,METROPOLITAN NASHVILLE POLICE DEPT,20210131478,Davidson,Nashville,3/5/2021 9:15:00 PM,2,0,0,36.157960,-86.791550,US HWY 70,,,,0.00,,,CHURCH ST,,,,0.00,Y,Four-Way,N,Intersection,None,,,         ,Cory,Stratton,Clear,Angle,no,no,no,no,yes,False
102917164,METROPOLITAN NASHVILLE POLICE DEPT,20210132988,Davidson,Nashville,3/6/2021 8:16:00 PM,2,0,0,36.058840,-86.678400,I 24,,,,0.00,,,,,,,58.00,N,Not at Intersection, ,Non-Junction,None,,,         ,Joseph,Hurst,Clear,Angle,no,no,no,no,no,False
102917166,METROPOLITAN NASHVILLE POLICE DEPT,20210132969,Davidson,Nashville,3/6/2021 5:38:00 PM,2,0,0,36.158070,-86.788780,12TH AVN,,,,100.00,Feet,North,GRUNDY ST,,,,0.00,N,Not at Intersection,N,Non-Junction,None,,,         ,Eric,Jackson,Clear,"Sideswipe, Same Direction",no,no,no,no,yes,False
102917173,METROPOLITAN NASHVILLE POLICE DEPT,20210132458,Davidson,Nashville,3/6/2021 1:45:00 PM,2,0,0,36.161340,-86.597130,BELL RD,,,,0.00,,,OLD HICKORY BLVD,,,,0.00,Y,T-Intersection,N,Intersection-Related,None,,,         ,Brian,Dugre,Clear,Front to Rear,no,no,no,no,no,False
102917209,METROPOLITAN NASHVILLE POLICE DEPT,20210132906,Davidson,Not in City Limit,3/6/2021 7:12:00 PM,2,0,0,36.282060,-86.707580,GALLATIN PKEN,,,,59.00,Feet,South,WELWORTH ST,,,,0.00,N,Not at Intersection,N,Non-Junction,None,,,         ,Austin,Bowles,Clear,Other,no,no,no,no,no,False
102917224,METROPOLITAN NASHVILLE POLICE DEPT,20210133074,Davidson,Nashville,3/6/2021 9:06:00 PM,1,0,0,36.145430,-86.776970,I 65,,,,0.00,,,,,,,82.20,N,Not at Intersection,N,Non-Junction,None,,,         ,Matthew,Hogan,Clear,Unknown,no,no,no,no,no,False
102917227,METROPOLITAN NASHVILLE POLICE DEPT,20210133101,Davidson,Nashville,3/6/2021 9:21:00 PM,3,1,0,36.135060,-86.771430,STEWART PL,,,,457.00,Feet,South,WEDGEWOOD AV,,,,0.00,N,Not at Intersection,N,Non-Junction,None,,,         ,Edin,Plancic,Clear,Other,no,no,no,no,no,False
102917243,METROPOLITAN NASHVILLE POLICE DEPT,20210133176,Davidson,Antioch,3/6/2021 10:08:00 PM,2,0,0,36.045250,-86.609100,MURFREESBORO PKE,,,,0.00,Feet,East,MOUNTAIN SPRINGS RD,,,,0.00,N,Not at Intersection,N,Non-Junction,None,,,         ,Nadine,Klemenz,Clear,HeadOn,no,no,no,no,yes,False
102917251,TENNESSEE STATE UNIVERSITY ,TSU-21-07865,Davidson,Nashville,3/6/2021 5:17:00 PM,2,0,0,36.169690,-86.820460,W HEIMAN ST,,,,246.00,Feet,East,ED TEMPLE BLVD,,,,0.00,N,Not at Intersection, ,Unknown,None,,,         ,Inice,Wagner,Clear,Rear to Side,no,no,no,yes,no,False
102917254,METROPOLITAN NASHVILLE POLICE DEPT,20210133033,Davidson,Nashville,3/6/2021 8:40:00 PM,1,2,0,36.130490,-86.778550,8TH AVS,,,,0.00,,,PRENTICE AV,,,,0.00,Y,T-Intersection,N,Intersection-Related,None,,,         ,Cory,Stratton,Clear,Not Collision with Motor Vehicle in Transport,no,no,no,no,no,False
102917256,METROPOLITAN NASHVILLE POLICE DEPT,20210133156,Davidson,Not in City Limit,3/6/2021 9:44:00 PM,2,0,0,36.285440,-86.741590,FONNIC DR,,,,643.00,Feet,North,CUNNIFF PKWY,,,,0.00,N,Not at Intersection,N,Non-Junction,None,,,         ,Brandon,Lopez,Clear,Front to Rear,yes,no,no,no,no,False
102917257,METROPOLITAN NASHVILLE POLICE DEPT,20210133223,Davidson,Nashville,3/6/2021 9:55:00 PM,2,0,0,36.088500,-86.611700,SMITH SPRINGS RD,,,,586.00,Feet,West,OLD SMITH SPRINGS RD,,,,0.00,N,Not at Intersection,N,Non-Junction,None,,,         ,Samuel,Fredericks,Clear,"Sideswipe, Opposite Direction",no,no,no,no,yes,False
102917283,METROPOLITAN NASHVILLE POLICE DEPT,20210133395,Davidson,Nashville,3/6/2021 11:39:00 PM,2,0,0,36.170390,-86.805120,I 40,,,,0.00,,,,,,,207.40,N,Not at Intersection,N,Non-Junction,None,,,         ,Dakota,Vermillion,Clear,Front to Rear,no,no,no,no,yes,False
102917284,METROPOLITAN NASHVILLE POLICE DEPT,20210133316,Davidson,Nashville,3/6/2021 11:32:00 PM,2,1,0,36.082750,-86.688520,ANTIOCH PKE,,,,299.00,Feet,South,EZELL PKE,,,,0.00,N,Not at Intersection,N,Non-Junction,None,,,         ,Tavin,Emlund,Clear,Angle,no,no,no,no,no,False
102917299,METROPOLITAN NASHVILLE POLICE DEPT,20210133312,Davidson,Nashville,3/6/2021 11:29:00 PM,2,0,0,36.121740,-86.750600,I440 E EXT RAMP,,,,0.00,,,I 440,,,,0.00,Y,T-Intersection, ,Intersection,None,,,         ,Brian,Quigley,Clear,Angle,no,no,no,no,no,False
102917306,METROPOLITAN NASHVILLE POLICE DEPT,20210133491,Davidson,Not in City Limit,3/7/2021 1:10:00 AM,1,0,0,36.277600,-86.792680,OLD HICKORY BLVD,,,,1039.00,Feet,West,HICKORY HILLS CT,,,,0.00,N,Not at Intersection, ,Non-Junction,None,,,         ,Justan,Vance,Clear,Not Collision with Motor Vehicle in Transport,no,no,no,no,no,False
102917311,METROPOLITAN NASHVILLE POLICE DEPT,20210133470,Davidson,Nashville,3/7/2021 12:34:00 AM,2,1,0,36.158780,-86.774150,3RD AVS,,,,0.00,,,DEMONBREUN ST,,,,0.00,Y,Four-Way,N,Intersection-Related,None,,,         ,Nathaniel,Jones,Clear,Front to Rear,no,no,no,no,no,False
102917315,METROPOLITAN NASHVILLE POLICE DEPT,20210133521,Davidson,Nashville,3/7/2021 1:32:00 AM,1,1,0,36.039790,-86.727890,OLD HICKORY BLVD,,,,217.00,Feet,West,WINDYPINE DR,,,,0.00,N,Not at Intersection,N,Non-Junction,None,,,         ,James,Wells Jr.,Clear,Not Collision with Motor Vehicle in Transport,no,no,no,no,no,False
102917325,METROPOLITAN NASHVILLE POLICE DEPT,20210133540,Davidson,Nashville,3/7/2021 1:30:00 AM,2,0,0,36.071870,-86.636180,MURFREESBORO PKE,,,,0.00,,,BELL RD,,,,0.00,Y,Four-Way,N,Non-Junction,None,,,         ,Samuel,Fredericks,Clear,"Sideswipe, Same Direction",no,no,no,no,yes,False
102917355,METROPOLITAN NASHVILLE POLICE DEPT,20210133349,Davidson,Nashville,3/6/2021 11:24:00 PM,2,0,0,36.083940,-86.656480,PICCADILLY ROW,,,,76.00,Feet,West,WHITE MOUNTAIN LN,,,,0.00,N,Not at Intersection, ,Non-Junction,None,,,         ,Jose,Oliveros,Clear,Not Collision with Motor Vehicle in Transport,no,no,no,yes,yes,False
102917356,METROPOLITAN NASHVILLE POLICE DEPT,20210133538,Davidson,Nashville,3/7/2021 1:41:00 AM,1,0,0,36.013450,-86.621010,I24 E EXT RAMP,,,,0.00,,,I 24,,,,0.00,Y,Four-Way,Y,Entrance/Exit Ramp Related,None,,,         ,McKenzie,Harper,Clear,Not Collision with Motor Vehicle in Transport,no,no,no,no,no,False
102917357,METROPOLITAN NASHVILLE POLICE DEPT,20210133707,Davidson,Nashville,3/7/2021 12:00:00 AM,1,0,0,36.050690,-86.614850,MURFREESBORO,PIKE,,,0.00,Miles,North,PIN HOOK RD,,,,0.00,N,Not at Intersection,N,Non-Junction,None,,,         ,McKenzie,Harper,Clear,Not Collision with Motor Vehicle in Transport,no,no,no,no,no,False
102917374,METROPOLITAN NASHVILLE POLICE DEPT,20210133606,Davidson,Nashville,3/7/2021 2:38:00 AM,1,1,0,36.114720,-86.631380,BELL RD,,,,1029.00,Feet,North,COUCHVILLE PKE,,,,0.00,N,Not at Intersection,N,Non-Junction,None,,,         ,Roger,Luther,,Not Collision with Motor Vehicle in Transport,no,no,no,no,no,False
102917403,METROPOLITAN NASHVILLE POLICE DEPT,20210133655,Davidson,Nashville,3/7/2021 3:20:00 AM,1,1,0,36.228860,-86.590110,SAUNDERSVILLE RD,,,,346.00,Feet,West,TETON DR,,,,0.00,N,Not at Intersection,N,Non-Junction,None,,,         ,Nelson,Hemingway,Clear,Not Collision with Motor Vehicle in Transport,no,no,no,no,no,False
102917413,BELLE MEADE POLICE DEPT,21-0049,Davidson,Belle Meade,3/6/2021 10:35:00 AM,2,0,0,36.108860,-86.865460,HARDING PKE,,,,3.22,Miles,South,JACKSON BLVD,,,,0.00,N,Not at Intersection, ,,None,,,         ,Wes,Bowker,,,no,no,no,no,no,False
102917492,METROPOLITAN NASHVILLE POLICE DEPT,20210133828,Davidson,Nashville,3/7/2021 3:00:00 AM,2,0,0,36.072430,-86.710200,FAULKNER DR,,,,441.00,Feet,West,LEOPOLE RD,,,,0.00,N,Not at Intersection,N,Non-Junction,None,,,         ,Ryan,Howard,Clear,Not Collision with Motor Vehicle in Transport,no,no,no,no,yes,False
102917498,METROPOLITAN NASHVILLE POLICE DEPT,20210133974,Davidson,Nashville,3/7/2021 9:40:00 AM,2,0,0,36.151980,-86.848200,CHARLOTTE AV,,,,111.00,Feet,East,51ST AVN,,,,0.00,N,Not at Intersection, ,Non-Junction,None,,,         ,Michael,Pyle,Clear,"Sideswipe, Same Direction",no,no,no,no,no,False
102917499,METROPOLITAN NASHVILLE POLICE DEPT,20210132369,Davidson,Nashville,3/6/2021 12:00:00 AM,2,0,0,36.134420,-86.888790,CHARLOTTE PKE,,,,238.00,Feet,West,W HILLWOOD DR,,,,0.00,N,Not at Intersection,N,Non-Junction,None,,,         ,Jack,Crouch,Clear,Rear to Rear,no,no,no,yes,yes,False
102917519,METROPOLITAN NASHVILLE POLICE DEPT,20210132056,Davidson,Nashville,3/6/2021 6:27:00 AM,1,0,0,36.189430,-86.607100,ANDREW JACKSON PKWY,,,,261.00,Feet,West,CHANDLER RD,,,,0.00,N,Not at Intersection,N,Non-Junction,None,,,         ,Ryan,Sherry,Unknown,Unknown,no,no,no,yes,yes,False