master_record_number,agency,agency_tracking_number,county,city,collision_date,vehicles_involved,number_injured,number_dead,latitude,longitude,roadway_name,roadway_suffix,roadway_number,roadway_local_id,distance_from_reference,miles-feet_indicator,direction_from_reference,intersection_road_name,intersection_road_name_suffix,intersection_road_number,intersection_local_id,mile_marker,intersection_indicator,intersect_type,interchange_related_indicator,relation_to_junction,work_zone_type,construction_maintenance_zone,construction_maintenance_zone_location,fatal_case_number,officer_first_name,officer_last_name,weather_condition(s),manner_of_crash,pedestrian,bicycle,scooter,parking,hitrun,mou
102918448,METROPOLITAN NASHVILLE POLICE DEPT,20210135949,Davidson,Nashville,3/8/2021 1:33:00 PM,2,0,0,36.112050,-86.630250,BELL RD,,,,0.00,,,COUCHVILLE PKE,,,,0.00,Y,T-Intersection, ,,None,,,         ,Michael,Brooks,,,no,no,no,no,no,False
102918467,METROPOLITAN NASHVILLE POLICE DEPT,20210135956,Davidson,Nashville,3/8/2021 1:36:00 PM,2,0,0,36.043940,-86.661590,CANE RIDGE RD,,,,150.00,Feet,South,TARGET DR,,,,0.00,N,Not at Intersection, ,Non-Junction,None,,,         ,Joe,Hooper,Clear,Front to Rear,no,no,no,no,no,False
102918476,METROPOLITAN NASHVILLE POLICE DEPT,20210135951,Davidson,Nashville,3/8/2021 1:33:00 PM,2,0,0,36.154510,-86.758820,I 40,,,,0.00,,,,,,,211.05,N,Not at Intersection, ,Non-Junction,None,,,         ,Michael,Dance,Clear,Front to Rear,no,no,no,no,no,False
102918477,METROPOLITAN NASHVILLE POLICE DEPT,20210135939,Davidson,Nashville,3/8/2021 1:25:00 PM,2,0,0,36.154910,-86.627200,I40 E EXT RAMP,,,,0.00,Feet,East,I 40,,,,0.00,N,Not at Intersection, ,Entrance/Exit Ramp Related,None,,,         ,Ian,Hammond,Clear,Front to Rear,no,no,no,no,no,False
102918499,GOODLETTSVILLE POLICE DEPT,21-06542,Davidson,Goodlettsville,3/8/2021 1:36:00 PM,2,0,0,36.296140,-86.715510,I 65,,,,0.00,,,,,,,94.80,N,Not at Intersection, ,Non-Junction,None,,,         ,Hannah,Poole,Clear,"Sideswipe, Same Direction",no,no,no,no,no,False
102918535,METROPOLITAN NASHVILLE POLICE DEPT,20210134656,Davidson,Nashville,3/7/2021 10:01:00 PM,2,2,0,36.066670,-86.717940,NORTHCREST DR,,,,0.00,,,NOLENSVILLE PKE,,,,0.00,Y,Four-Way,N,Intersection,None,,,         ,Tyler,Shanks,Clear,Front to Rear,no,no,no,no,no,False
102918585,METROPOLITAN NASHVILLE POLICE DEPT,20210136049,Davidson,Nashville,3/8/2021 2:40:00 PM,2,0,0,36.161200,-86.792680,CHARLOTTE AV,,,,0.00,,,GEORGE L DAVIS BLVD,,,,0.00,Y,Four-Way, ,Intersection,None,,,         ,Russell,Freeman,Clear,Angle,no,no,no,no,no,False
102918612,METROPOLITAN NASHVILLE POLICE DEPT,20210136079,Davidson,Not in City Limit,3/8/2021 2:22:00 PM,2,0,0,36.277390,-86.769860,OLD HICKORY BLVD,,,,0.00,Feet,North,GOODMORNING DR,,,,0.00,N,Not at Intersection, ,Non-Junction,None,,,         ,Austin,Bowles,Clear,Not Collision with Motor Vehicle in Transport,no,no,no,no,no,False
102918644,METROPOLITAN NASHVILLE POLICE DEPT,20210136176,Davidson,Nashville,3/8/2021 3:10:00 PM,2,0,0,36.108680,-86.812130,GLEN ECHO RD,,,,0.00,,,HILLSBORO PKE,,,,0.00,Y,OTHER, ,Intersection,None,,,         ,Douglas,Sykes,Clear,Angle,no,no,no,no,no,False
102918647,METROPOLITAN NASHVILLE POLICE DEPT,20210136161,Davidson,Nashville,3/8/2021 3:20:00 PM,2,1,0,36.174250,-86.758500,WOODLAND ST,,,,41.00,Feet,East,S 8TH ST,,,,0.00,N,Not at Intersection,N,Non-Junction,None,,,         ,Kevin,Clausius,,Angle,no,no,no,no,no,False
102918648,METROPOLITAN NASHVILLE POLICE DEPT,20210136214,Davidson,Nashville,3/8/2021 3:31:00 PM,2,0,0,36.148740,-86.665970,ELM HILL PKE,,,,94.00,Feet,East,DONELSON PKE,,,,0.00,N,Not at Intersection, ,Non-Junction,None,,,         ,Brandon,Chapman,Clear,"Sideswipe, Opposite Direction",no,no,no,no,no,False
102918653,METROPOLITAN NASHVILLE POLICE DEPT,20210136100,Davidson,Nashville,3/8/2021 12:00:00 AM,2,1,0,36.116110,-86.696640,MURFREESBORO PKE,,,,240.00,Feet,East,MCGAVOCK PKE,,,,0.00,N,Not at Intersection,N,Non-Junction,None,,,         ,Beri,Scott,Clear,Angle,no,no,no,no,no,False
102918654,METROPOLITAN NASHVILLE POLICE DEPT,20210136137,Davidson,Nashville,3/8/2021 3:15:00 PM,2,0,0,36.133460,-86.785150,ACKLEN AV,,,,0.00,,,10TH AVS,,,,0.00,Y,T-Intersection,Y,Intersection,None,,,         ,John,Kelley,Clear,Angle,no,no,no,no,no,False
102918657,METROPOLITAN NASHVILLE POLICE DEPT,20210136168,Davidson,Nashville,3/8/2021 3:25:00 PM,1,0,0,36.199210,-86.762760,GATEWOOD AV,,,,147.00,Feet,West,LISCHEY AV,,,,0.00,N,Not at Intersection,N,Non-Junction,None,,,         ,Esther,Poysti,Clear,Not Collision with Motor Vehicle in Transport,no,no,no,no,no,False
102918663,METROPOLITAN NASHVILLE POLICE DEPT,20210136086,Davidson,Nashville,3/8/2021 1:55:00 PM,2,0,0,36.194760,-86.832970,CLARKSVILLE PKE,,,,93.00,Feet,East,W SUMMITT AV,,,,0.00,N,Not at Intersection, ,,Construction Zone,,,         ,Scarlett,Collins,,,no,no,no,no,no,False
102918664,METROPOLITAN NASHVILLE POLICE DEPT,20210136202,Davidson,Nashville,3/8/2021 3:25:00 PM,2,0,0,36.207420,-86.839290,W HAMILTON AV,,,,162.00,Feet,East,CLARKSVILLE PKE,,,,0.00,N,Not at Intersection,N,Non-Junction,None,,,         ,Scarlett,Collins,Clear,Front to Rear,no,no,no,yes,yes,False
102918667,METROPOLITAN NASHVILLE POLICE DEPT,20210135989,Davidson,Nashville,3/8/2021 1:55:00 PM,2,0,0,36.211400,-86.817540,STOKERS LN,,,,0.00,,,BUENA VISTA PKE,,,,0.00,Y,Four-Way,Y,Intersection,None,,,         ,Craig,Paschetti,Clear,Angle,no,no,no,no,no,False
102918668,METROPOLITAN NASHVILLE POLICE DEPT,20210136184,Davidson,Nashville,3/8/2021 4:00:00 PM,2,0,0,36.170180,-86.806270,I 40,,,,0.00,,,,,,,207.30,N,Not at Intersection, ,Non-Junction,None,,,         ,Lucas,Thomas,Clear,Front to Rear,no,no,no,no,no,False
102918683,METROPOLITAN NASHVILLE POLICE DEPT,20210136241,Davidson,Nashville,3/8/2021 1:59:00 PM,2,0,0,36.169190,-86.681340,LEBANON PKE,,,,318.00,Feet,East,FAIRWAY DR,,,,0.00,N,Not at Intersection,N,Non-Junction,None,,,         ,Christopher,Beery,Clear,Front to Rear,no,no,no,no,no,False
102918714,METROPOLITAN NASHVILLE POLICE DEPT,20210136095,Davidson,Not in City Limit,3/8/2021 2:45:00 PM,2,2,0,36.091600,-86.986990,NEWSOM STATION RD,,,,0.00,,,BUFFALO RD,,,,0.00,Y,Four-Way,N,Intersection,None,,,         ,Matthew,Turppa,Clear,Front to Rear,no,no,no,no,no,False
102918716,METROPOLITAN NASHVILLE POLICE DEPT,20210136204,Davidson,Antioch,3/8/2021 3:45:00 PM,2,1,0,36.028770,-86.590950,MURFREESBORO PKE,,,,209.00,Feet,North,LAVERGNE COUCHVILLE PKE,,,,0.00,N,Not at Intersection,N,Non-Junction,None,,,         ,Gabriel,Hamilton,Clear,Front to Rear,no,no,no,no,no,False
102918717,METROPOLITAN NASHVILLE POLICE DEPT,20210136387,Davidson,Nashville,3/8/2021 5:30:00 PM,2,0,0,36.144040,-86.738440,I 40,,,,0.00,,,,,,,212.40,N,Not at Intersection, ,,None,,,         ,Reagan,Heath,,,no,no,no,no,no,False
102918728,METROPOLITAN NASHVILLE POLICE DEPT,20210136134,Davidson,Nashville,3/8/2021 3:10:00 PM,2,0,0,36.130420,-86.802210,BLAIR BLVD,,,,64.00,Feet,West,21ST AVS,,,,0.00,N,Not at Intersection, ,Non-Junction,None,,,         ,Dakota,Davis,Clear,Rear to Side,no,no,no,no,no,False
102918735,METROPOLITAN NASHVILLE POLICE DEPT,20210136400,Davidson,Not in City Limit,3/8/2021 5:49:00 PM,2,0,0,36.262310,-86.738010,I 65,,,,0.00,,,,,,,92.10,N,Not at Intersection, ,Non-Junction,None,,,         ,Joshua,Dodge,Clear,Front to Rear,no,no,no,no,no,False
102918738,METROPOLITAN NASHVILLE POLICE DEPT,20210136312,Davidson,Nashville,3/8/2021 4:18:00 PM,4,0,0,36.140520,-86.817810,WEST END AV,,,,170.00,Feet,South,ACKLEN PARK DR,,,,0.00,N,Not at Intersection,N,Non-Junction,None,,,         ,Travis,Pemberton,Clear,Front to Rear,no,no,no,no,no,False
102918742,METROPOLITAN NASHVILLE POLICE DEPT,20210136450,Davidson,Nashville,3/8/2021 5:13:00 PM,2,0,0,36.129490,-86.903320,CHARLOTTE PKE,,,,1.00,Feet,West,DAVIDSON DR,,,,0.00,N,Not at Intersection, ,Non-Junction,None,,,         ,Ryan,Papp,Clear,"Sideswipe, Same Direction",no,no,no,no,no,False
102918747,METROPOLITAN NASHVILLE POLICE DEPT,20210136243,Davidson,Nashville,3/8/2021 2:37:00 PM,2,0,0,36.153930,-86.842300,46TH AVN,,,,39.00,Feet,West,BRILEY PKWY N ENT RAMP,,,,0.00,N,Not at Intersection, ,Non-Junction,None,,,         ,Torian,Cox,Clear,"Sideswipe, Same Direction",no,no,no,no,no,False
102918749,METROPOLITAN NASHVILLE POLICE DEPT,20210134375,Davidson,Nashville,3/7/2021 4:02:00 PM,2,0,0,36.161490,-86.760730,I 24,,,,0.00,,,,,,,49.40,N,Not at Intersection, ,Non-Junction,None,,,         ,David,Snowden,Clear,Angle,no,no,no,no,yes,False
102918756,METROPOLITAN NASHVILLE POLICE DEPT,20210136360,Davidson,Nashville,3/8/2021 5:27:00 PM,2,1,0,36.041240,-86.778420,OLD HICKORY BLVD,,,,310.00,Feet,East,STONE BROOK DR,,,,0.00,N,Not at Intersection,N,Non-Junction,None,,,         ,Beri,Scott,Clear,Angle,no,no,no,no,yes,False
102918766,METROPOLITAN NASHVILLE POLICE DEPT,20210136505,Davidson,Nashville,3/8/2021 12:00:00 AM,2,0,0,36.139800,-86.881420,ANNEX AV,,,,368.00,Feet,North,CHARLOTTE PKE,,,,0.00,N,Not at Intersection, ,Non-Junction,None,,,         ,Maria,Reynolds,Clear,Unknown,no,no,no,yes,yes,False
102918776,METROPOLITAN NASHVILLE POLICE DEPT,20210136462,Davidson,Nashville,3/8/2021 5:00:00 PM,2,0,0,36.149670,-86.859930,OCEOLA AV,,,,0.00,,,CHARLOTTE PKE,,,,0.00,Y,Four-Way, ,Intersection-Related,None,,,         ,Torian,Cox,Clear,Angle,no,no,no,no,no,False
102918781,METROPOLITAN NASHVILLE POLICE DEPT,20210136300,Davidson,Nashville,3/8/2021 4:05:00 PM,2,0,0,36.081880,-86.761100,HARDING PL,,,,195.00,Feet,East,SIDCO DR,,,,0.00,N,Not at Intersection, ,Non-Junction,None,,,         ,Austin,Roemeling,Clear,Front to Rear,no,no,no,no,no,False
102918789,METROPOLITAN NASHVILLE POLICE DEPT,20210136469,Davidson,Nashville,3/8/2021 6:30:00 PM,2,1,0,36.157980,-86.772640,2ND AVS,,,,0.00,,,KOREAN VETERANS BLVD,,,,0.00,Y,Four-Way,N,Intersection,None,,,         ,Brent,Morris,Clear,Angle,no,no,no,no,no,False
102918791,METROPOLITAN NASHVILLE POLICE DEPT,20210136559,Davidson,Nashville,3/8/2021 7:50:00 PM,2,1,0,36.139050,-86.733010,MURFREESBORO PKE,,,,0.00,,,ARLINGTON AV,,,,0.00,Y,T-Intersection,Y,Intersection,None,,,         ,Reagan,Heath,,Angle,no,no,no,no,yes,False
102918795,METROPOLITAN NASHVILLE POLICE DEPT,20210136500,Davidson,Nashville,3/8/2021 7:04:00 PM,2,2,0,36.247740,-86.743270,I 65,,,,0.00,,,,,,,91.00,N,Not at Intersection,N,Non-Junction,None,,,         ,Joshua,Dodge,Clear,Front to Rear,no,no,no,no,no,False
102918799,METROPOLITAN NASHVILLE POLICE DEPT,20210136372,Davidson,Nashville,3/8/2021 5:00:00 PM,2,0,0,36.218930,-86.793790,OLD MATTHEWS RD,,,,161.00,Feet,South,MACLAURIN CT,,,,0.00,N,Not at Intersection, ,,None,,,         ,Craig,Paschetti,,,no,no,no,no,no,False
102918815,METROPOLITAN NASHVILLE POLICE DEPT,20210136455,Davidson,Nashville,3/8/2021 6:34:00 PM,2,0,0,36.064790,-86.628480,HAMILTON CHURCH RD,,,,0.00,,,MURFREESBORO PKE,,,,0.00,Y,Four-Way, ,Intersection,None,,,         ,Robert,Higgins,Clear,Angle,no,no,no,no,no,False
102918816,METROPOLITAN NASHVILLE POLICE DEPT,20210136488,Davidson,Nashville,3/8/2021 6:56:00 PM,2,1,0,36.086910,-86.648680,UNA ANTIOCH PKE,,,,0.00,,,NASHBORO BLVD,,,,0.00,Y,Four-Way,N,Intersection,None,,,         ,Robert,Higgins,Clear,Front to Rear,no,no,no,no,no,False
102918839,METROPOLITAN NASHVILLE POLICE DEPT,20210136347,Davidson,Nashville,3/8/2021 5:23:00 PM,2,0,0,36.081050,-86.726800,NOLENSVILLE PKE,,,,546.00,Feet,North,HARDING PL,,,,0.00,N,Not at Intersection,N,Non-Junction,None,,,         ,Matthew,Hogan,Clear,Angle,no,no,no,no,no,False
102918840,METROPOLITAN NASHVILLE POLICE DEPT,20210136610,Davidson,Nashville,3/8/2021 6:42:00 PM,2,0,0,36.038550,-86.743440,EDMONDSON PKE,,,,180.00,Feet,North,BONNIE BRIDGE RD,,,,0.00,N,Not at Intersection, ,Non-Junction,None,,,         ,Zachary,Plese,Clear,Angle,no,no,no,no,no,False
102918841,METROPOLITAN NASHVILLE POLICE DEPT,20210136412,Davidson,Nashville,3/8/2021 5:26:00 PM,2,0,0,36.248090,-86.721430,DUE WEST AVW,,,,318.00,Feet,West,GALLATIN PKES,,,,0.00,N,Not at Intersection,N,"Driveway, Alley Access, etc",None,,,         ,Forrest,Punke,Clear,HeadOn,no,no,no,no,no,False
102918861,METROPOLITAN NASHVILLE POLICE DEPT,20210136622,Davidson,Nashville,3/8/2021 7:32:00 PM,2,0,0,36.252920,-86.739550,I 65,,,,0.00,,,,,,,91.40,N,Not at Intersection,N,Non-Junction,None,,,         ,Joshua,Dodge,Clear,"Sideswipe, Same Direction",no,no,no,no,yes,False
102918867,METROPOLITAN NASHVILLE POLICE DEPT,20210136629,Davidson,Nashville,3/8/2021 8:40:00 PM,2,0,0,36.157940,-86.790210,GEORGE L DAVIS BLVD,,,,31.00,Feet,South,I40 W EXT RAMP,,,,0.00,N,Not at Intersection, ,,None,,,         ,Brent,Morris,,,no,no,no,no,no,False
102918876,METROPOLITAN NASHVILLE POLICE DEPT,20210136612,Davidson,Nashville,3/8/2021 8:08:00 PM,3,0,0,36.153980,-86.758390,I 40,,,,0.00,,,,,,,211.10,N,Not at Intersection,N,Non-Junction,None,,,         ,Douglas,Mann,Clear,Angle,no,no,no,no,yes,False
102918907,METROPOLITAN NASHVILLE POLICE DEPT,20210136327,Davidson,Nashville,3/8/2021 5:03:00 PM,2,1,0,36.135790,-86.725050,I24 W EXT RAMP,,,,0.00,Feet,,SPENCE LN,,,,0.00,Y,Four-Way,N,Intersection-Related,None,,,         ,Dontaveous,Eubanks,Clear,Angle,no,no,no,no,no,False
102918928,METROPOLITAN NASHVILLE POLICE DEPT,20210136620,Davidson,Nashville,3/8/2021 8:00:00 PM,2,0,0,36.125560,-86.698230,KERMIT DR,,,,100.00,Feet,East,KIPLING DR,,,,0.00,N,Not at Intersection, ,,None,,,         ,Dontaveous,Eubanks,,,no,no,no,no,no,False
102918930,METROPOLITAN NASHVILLE POLICE DEPT,20210136602,Davidson,Nashville,3/8/2021 7:55:00 PM,2,0,0,36.251410,-86.740530,I 65,,,,0.00,,,,,,,91.30,N,Not at Intersection, ,Non-Junction,None,,,         ,Austin,Bowles,Clear,Front to Rear,no,no,no,no,no,False
102918931,METROPOLITAN NASHVILLE POLICE DEPT,20210136707,Davidson,Nashville,3/8/2021 12:00:00 AM,2,0,0,36.233560,-86.724820,GALLATIN PKE,,,,0.00,,,JOYCE LN,,,,0.00,Y,Four-Way,N,Non-Junction,None,,,         ,Maccio,Hightower,Clear,Front to Rear,no,no,no,no,no,False
102918951,METROPOLITAN NASHVILLE POLICE DEPT,20210136664,Davidson,Not in City Limit,3/8/2021 9:18:00 PM,2,1,0,36.272980,-86.729770,NESBITT LN,,,,0.00,Feet,North,N GRAYCROFT AV,,,,0.00,N,Not at Intersection,N,Non-Junction,None,,,         ,Austin,Bowles,Clear,Angle,no,no,no,no,no,False
102918962,METROPOLITAN NASHVILLE POLICE DEPT,20210136758,Davidson,Nashville,3/8/2021 10:45:00 PM,2,0,0,36.160620,-86.816330,BOOKER ST,,,,75.00,Feet,West,26TH AVN,,,,0.00,N,Not at Intersection,N,Non-Junction,None,,,         ,Christopher,Royer,,Angle,no,no,no,no,no,False
102918966,METROPOLITAN NASHVILLE POLICE DEPT,20210136805,Davidson,Nashville,3/8/2021 11:28:00 PM,1,1,0,36.253960,-86.700770,NEELYS BEND RD,,,,10.00,Feet,East,IDLEWILD DR,,,,0.00,N,Not at Intersection,N,Non-Junction,None,,,         ,Nicholas,Berry,Clear,Not Collision with Motor Vehicle in Transport,no,no,no,no,no,False
102918972,METROPOLITAN NASHVILLE POLICE DEPT,20210136913,Davidson,Nashville,3/9/2021 12:36:00 AM,1,1,0,36.168970,-86.813150,I 40,,,,0.00,,,,,,,206.90,N,Not at Intersection,N,Non-Junction,None,,,         ,Christopher,Royer,,Not Collision with Motor Vehicle in Transport,no,no,no,no,no,False
102918974,METROPOLITAN NASHVILLE POLICE DEPT,20210136832,Davidson,Nashville,3/8/2021 11:45:00 PM,2,0,0,36.172190,-86.764970,S 5TH ST,,,,141.00,Feet,North,WOODLAND ST,,,,0.00,N,Not at Intersection, ,Non-Junction,None,,,         ,Shaquille,Graham,,"Sideswipe, Same Direction",no,no,no,no,no,False
102918982,METROPOLITAN NASHVILLE POLICE DEPT,20210136795,Davidson,Nashville,3/8/2021 11:15:00 PM,2,2,0,36.191810,-86.780220,I24 E ENT RAMP,,,,0.00,Feet,East,I 65,,,,0.00,N,Not at Intersection,N,Non-Junction,Maintenance Zone,,,         ,Damon,Hutcheson,Clear,Front to Rear,no,no,no,no,no,False
102919001,METROPOLITAN NASHVILLE POLICE DEPT,20210137114,Davidson,Nashville,3/9/2021 3:05:00 AM,2,2,0,36.150000,-86.772330,I 40,,,,0.00,,,,,,,210.30,N,Not at Intersection,N,Non-Junction,None,,,         ,Kelsey,Hicks,Clear,Front to Rear,no,no,no,no,no,False
102919033,METROPOLITAN NASHVILLE POLICE DEPT,20210137318,Davidson,Not in City Limit,3/9/2021 5:58:00 AM,2,0,0,36.263070,-86.711920,STATE RT 45,,,,0.00,,,OLD HICKORY BLVDW,,,,0.00,Y,Four-Way, ,Intersection,None,,,         ,John,Hoesli,Clear,"Sideswipe, Same Direction",no,no,no,no,no,False
102919057,METROPOLITAN NASHVILLE POLICE DEPT,20210137338,Davidson,Nashville,3/9/2021 6:30:00 AM,2,1,0,36.224110,-86.725640,RIVERWOOD DR,,,,0.00,,,GALLATIN PKE,,,,0.00,Y,T-Intersection,N,Non-Junction,None,,,         ,Kristopher,Sutton,,Front to Rear,no,no,no,no,no,False
102919071,METROPOLITAN NASHVILLE POLICE DEPT,20210137393,Davidson,Nashville,3/9/2021 7:17:00 AM,2,0,0,36.111440,-86.758000,THOMPSON LN,,,,0.00,,,KRAFT DR,,,,0.00,Y,T-Intersection,N,Intersection,None,,,         ,Earl,Davis,Clear,Front to Rear,no,no,no,no,no,False
102919073,METROPOLITAN NASHVILLE POLICE DEPT,20210137398,Davidson,Nashville,3/9/2021 7:20:00 AM,2,0,0,36.159800,-86.622940,I 40,,,,0.00,,,,,,,219.40,N,Not at Intersection,N,Non-Junction,None,,,         ,Michael,Brooks,Clear,Front to Rear,no,no,no,no,yes,False
102919078,METROPOLITAN NASHVILLE POLICE DEPT,20210137348,Davidson,Not in City Limit,3/9/2021 6:18:00 AM,2,0,0,36.274990,-86.735590,I 65,,,,0.00,,,,,,,93.00,N,Not at Intersection, ,Non-Junction,None,,,         ,Cyretha,Frazier,Clear,Front to Rear,no,no,no,no,no,False
102919079,METROPOLITAN NASHVILLE POLICE DEPT,20210137344,Davidson,Nashville,3/9/2021 6:25:00 AM,2,2,0,36.231430,-86.832870,CLARKSVILLE PKE,,,,335.00,Feet,North,CLARKSVILLE PKE SB EXT RAMP,,,,0.00,N,Not at Intersection,N,"Driveway, Alley Access, etc",None,,,         ,Royce,McLester,Clear,Angle,no,no,no,no,no,False
102919080,METROPOLITAN NASHVILLE POLICE DEPT,20210137432,Davidson,Nashville,3/9/2021 7:37:00 AM,3,0,0,36.098080,-86.772010,FRANKLIN PKE,,,,200.00,Feet,South,NORWOOD DR,,,,0.00,N,Not at Intersection, ,Non-Junction,None,,,         ,Earl,Davis,Clear,Front to Rear,no,no,no,no,no,False
102919083,METROPOLITAN NASHVILLE POLICE DEPT,20210137434,Davidson,Nashville,3/9/2021 7:45:00 AM,2,0,0,36.116970,-86.873270,DAVIDSON RD,,,,0.00,,,ROBIN HILL RD,,,,0.00,Y,T-Intersection,N,Intersection,None,,,         ,Curtis,Rich,Clear,Angle,no,no,no,no,no,False
102919085,GOODLETTSVILLE POLICE DEPT,21-06558,Davidson,Goodlettsville,3/8/2021 5:20:00 PM,3,0,0,36.294010,-86.718220,I 65,,,,0.00,,,,,,,94.60,N,Not at Intersection,N,Non-Junction,None,,,         ,George,Forbes,Clear,Front to Rear,no,no,no,no,no,False
102919121,METROPOLITAN NASHVILLE POLICE DEPT,20210137456,Davidson,Nashville,3/9/2021 7:58:00 AM,2,0,0,36.187910,-86.755690,ELLINGTON PKWYS,,,,144.00,Feet,North,APEX ST,,,,0.00,N,Not at Intersection,N,Non-Junction,None,,,         ,Joseph,Progar,Clear,Front to Rear,no,no,no,no,no,False
102919131,VANDERBILT UNIVERSITY POLICE,20210137420,Davidson,Nashville,3/9/2021 7:20:00 AM,2,0,0,36.138030,-86.805050,BLAKEMORE AV,,,,0.00,,,24TH AVS,,,,0.00,Y,Four-Way,N,Intersection,None,,,         ,Adam,Dorris,,HeadOn,no,no,no,no,no,Campus
102919135,METROPOLITAN NASHVILLE POLICE DEPT,20210137612,Davidson,Nashville,3/9/2021 9:42:00 AM,2,0,0,36.140710,-86.719460,I 40,,,,0.00,,,,,,,213.65,N,Not at Intersection,Y,Entrance/Exit Ramp Related,None,,,         ,Michael,Brooks,,Front to Rear,no,no,no,no,no,False
102919145,METROPOLITAN NASHVILLE POLICE DEPT,20210137530,Davidson,Nashville,3/9/2021 8:47:00 AM,2,0,0,35.992960,-86.624670,BURKITT RD,,,,750.00,Feet,South,BATTLE RD,,,,0.00,N,Not at Intersection, ,,None,,,         ,Caleb,Jernigan,,,no,no,no,no,no,False
102919157,METROPOLITAN NASHVILLE POLICE DEPT,20210137524,Davidson,Nashville,3/9/2021 8:33:00 AM,2,0,0,36.206230,-86.776510,I 65,,,,0.00,,,,,,,87.30,N,Not at Intersection, ,Non-Junction,None,,,         ,Royce,McLester,Cloudy,Front to Rear,no,no,no,no,no,False
102919159,METROPOLITAN NASHVILLE POLICE DEPT,20210137675,Davidson,Nashville,3/9/2021 10:08:00 AM,2,0,0,36.142200,-86.762400,2ND AVS,,,,0.00,,,HART ST,,,,0.00,Y,T-Intersection,N,Intersection,None,,,         ,Joe,Hooper,Clear,Angle,no,no,no,no,no,False
102919163,METROPOLITAN NASHVILLE POLICE DEPT,20210137738,Davidson,Nashville,3/7/2021 1:00:00 AM,1,0,0,36.162190,-86.776110,3RD AVN,,,,0.00,,,,,,,0.00,,,N,Non-Junction,None,,,         ,Wesley,Young,Unknown,Not Collision with Motor Vehicle in Transport,no,no,no,no,yes,False
102919165,METROPOLITAN NASHVILLE POLICE DEPT,20210137670,Davidson,Nashville,3/9/2021 10:13:00 AM,2,1,0,36.026350,-86.712920,NOLENSVILLE PKE,,,,175.00,Feet,South,LORDS CHAPEL DR,,,,0.00,N,Not at Intersection,N,Non-Junction,None,,,         ,Earl,Davis,Clear,Front to Rear,no,no,no,no,no,False
102919166,THP District 3 - Nashville,321015707,Davidson,Nashville,3/8/2021 7:51:00 PM,2,0,0,36.043110,-86.713000,NOLENSVILLE PKE,,,,242.00,Feet,North,MILL CREEK WHITTLEMORE GRNWY,,,,0.00,N,Not at Intersection, ,"Driveway, Alley Access, etc",None,,,         ,Alexander,Campbell,Clear,Front to Rear,no,no,no,no,no,False
102919175,METROPOLITAN NASHVILLE POLICE DEPT,20210137714,Davidson,Nashville,3/9/2021 10:32:00 AM,2,0,0,36.155770,-86.789810,14TH AVN,,,,45.00,Feet,North,BROADWAY,,,,0.00,N,Not at Intersection, ,Non-Junction,None,,,         ,Earl,Davis,Clear,"Sideswipe, Same Direction",no,no,no,no,no,False
102919178,METROPOLITAN NASHVILLE POLICE DEPT,20210137590,Davidson,Nashville,3/9/2021 8:15:00 AM,2,0,0,36.164450,-86.825030,32ND AVE N,,,,195.00,Feet,South,ALAMEDA ST,,,,0.00,N,Not at Intersection,N,Non-Junction,None,,,         ,Steven,Meador,Clear,Front to Rear,no,no,no,no,yes,False
102919185,METROPOLITAN NASHVILLE POLICE DEPT,20210137834,Davidson,Nashville,3/9/2021 11:25:00 AM,2,0,0,36.208660,-86.777550,BRICK CHURCH PKE,,,,0.00,,,,,,,0.00,,,N,Non-Junction,None,,,         ,William,Coy,Cloudy,"Sideswipe, Opposite Direction",no,no,no,no,yes,False
102919188,METROPOLITAN NASHVILLE POLICE DEPT,20210137779,Davidson,Nashville,3/9/2021 10:55:00 AM,2,1,0,36.084780,-86.894550,PERCY WARNER BLVD,,,,0.00,,,HARDING PKE,,,,0.00,Y,T-Intersection,N,Intersection,None,,,         ,Curtis,Rich,Clear,Front to Rear,no,no,no,no,no,False
102919218,METROPOLITAN NASHVILLE POLICE DEPT,20210137882,Davidson,Nashville,3/9/2021 11:37:00 AM,2,0,0,36.172420,-86.794810,JEFFERSON ST,,,,0.00,,,10TH AVN,,,,0.00,Y,Four-Way, ,Intersection,None,,,         ,Ronald,Bright,Cloudy,Front to Rear,no,no,no,no,no,False
102919227,METROPOLITAN NASHVILLE POLICE DEPT,20210137868,Davidson,Nashville,3/9/2021 11:57:00 AM,2,0,0,36.095950,-86.737550,NOLENSVILLE PKE,,,,50.00,Feet,North,WHEELER AV,,,,0.00,N,Not at Intersection,N,Non-Junction,None,,,         ,Joe,Hooper,Clear,"Sideswipe, Same Direction",no,no,no,no,yes,False
102919230,VANDERBILT UNIVERSITY POLICE,20210137832,Davidson,Nashville,3/7/2021 9:26:00 AM,1,0,0,36.146140,-86.804320,WEST SIDE ROW,,,,23.00,Feet,North,VANDERBILT PL PVTDR,,,,0.00,N,Not at Intersection,N,Non-Junction,None,,,         ,Christopher,Dion,,Not Collision with Motor Vehicle in Transport,no,no,no,yes,no,Campus
102919238,THP District 3 - Nashville,321015010,Davidson,Nashville,3/4/2021 12:00:00 AM,2,0,0,36.074120,-86.922390,HIGHWAY 70S,,,,125.00,Feet,West,OLD HARDING PKE,,,,0.00,N,Not at Intersection, ,"Driveway, Alley Access, etc",None,,,         ,Matthew,Priest,Clear,Angle,no,no,no,yes,no,False