master_record_number,agency,agency_tracking_number,county,city,collision_date,vehicles_involved,number_injured,number_dead,latitude,longitude,roadway_name,roadway_suffix,roadway_number,roadway_local_id,distance_from_reference,miles-feet_indicator,direction_from_reference,intersection_road_name,intersection_road_name_suffix,intersection_road_number,intersection_local_id,mile_marker,intersection_indicator,intersect_type,interchange_related_indicator,relation_to_junction,work_zone_type,construction_maintenance_zone,construction_maintenance_zone_location,fatal_case_number,officer_first_name,officer_last_name,weather_condition(s),manner_of_crash,pedestrian,bicycle,scooter,parking,hitrun,mou
102919268,METROPOLITAN NASHVILLE POLICE DEPT,20210137895,Davidson,Nashville,3/9/2021 12:16:00 PM,2,0,0,36.126020,-86.772490,I 65,,,,0.00,,,,,,,80.80,N,Not at Intersection,N,Non-Junction,None,,,         ,Earl,Davis,,"Sideswipe, Same Direction",no,no,no,no,yes,False
102919270,METROPOLITAN NASHVILLE POLICE DEPT,20210136373,Davidson,Nashville,3/8/2021 5:38:00 PM,2,0,0,36.157980,-86.772640,KOREAN VETERANS BLVD,,,,0.00,,,2ND AVS,,,,0.00,Y,Four-Way,N,Intersection,None,,,         ,Michael,Douglas,Clear,Front to Rear,no,no,no,no,no,False
102919271,METROPOLITAN NASHVILLE POLICE DEPT,20210137977,Davidson,Nashville,3/9/2021 1:00:00 PM,2,0,0,36.155820,-86.785420,11TH AVS,,,,106.00,Feet,South,MCGAVOCK ST,,,,0.00,N,Not at Intersection, ,Non-Junction,None,,,         ,Wesley,Young,Clear,Front to Rear,no,no,no,no,no,False
102919294,METROPOLITAN NASHVILLE POLICE DEPT,20210137973,Davidson,Nashville,3/9/2021 1:00:00 PM,2,0,0,36.168850,-86.757640,S 7TH ST,,,,161.00,Feet,South,SHELBY AV,,,,0.00,N,Not at Intersection,N,Non-Junction,None,,,         ,Edward,Holden,Clear,"Sideswipe, Same Direction",no,no,no,no,yes,False
102919295,METROPOLITAN NASHVILLE POLICE DEPT,20210137872,Davidson,Nashville,3/9/2021 9:00:00 AM,2,0,0,36.193000,-86.816030,MAINSTREAM DR,,,,222.00,Feet,North,ROSA L PARKS BLVD,,,,0.00,N,Not at Intersection, ,Non-Junction,None,,,         ,Jeanine,Sarno,Clear,Front to Rear,no,no,no,no,no,False
102919303,METROPOLITAN NASHVILLE POLICE DEPT,20210137918,Davidson,Nashville,3/9/2021 12:30:00 PM,2,0,0,36.151040,-86.811200,25TH AVN,,,,0.00,,,PATTERSON ST,,,,0.00,Y,T-Intersection, ,Intersection,None,,,         ,Earl,Davis,Clear,Angle,no,no,no,no,no,False
102919307,METROPOLITAN NASHVILLE POLICE DEPT,20210137943,Davidson,Nashville,3/9/2021 12:38:00 PM,1,0,0,36.049580,-86.871020,OLD HICKORY BLVD,,,,409.00,Feet,West,CHICKERING MEADOW PVTDR,,,,0.00,N,Not at Intersection,N,Non-Junction,None,,,         ,Curtis,Rich,Clear,Not Collision with Motor Vehicle in Transport,no,no,no,no,no,False
102919322,METROPOLITAN NASHVILLE POLICE DEPT,20210137753,Davidson,Nashville,3/9/2021 10:52:00 AM,2,0,0,36.174730,-86.614260,CENTRAL PKE,,,,0.00,,,DODSON CHAPEL RD,,,,0.00,Y,Four-Way, ,Intersection,None,,,         ,Michael,Dance,Clear,Angle,no,no,no,no,no,False
102919324,METROPOLITAN NASHVILLE POLICE DEPT,2021137953,Davidson,Nashville,3/9/2021 12:53:00 PM,2,1,0,36.168310,-86.781950,JAMES ROBERTSON PKWY,,,,0.00,,,GAY ST,,,,0.00,Y,Four-Way,N,Intersection,None,,,         ,Joshua,Reece,Clear,Angle,no,no,no,no,no,False
102919327,METROPOLITAN NASHVILLE POLICE DEPT,20210138036,Davidson,Nashville,3/9/2021 1:40:00 PM,2,1,0,36.221540,-86.760610,HART LN,,,,317.00,Feet,East,DICKERSON PKE,,,,0.00,N,Not at Intersection,N,Non-Junction,None,,,         ,Faye,Denson,Clear,"Sideswipe, Same Direction",no,no,no,no,yes,False
102919332,METROPOLITAN NASHVILLE POLICE DEPT,20210137981,Davidson,Antioch,3/9/2021 12:23:00 PM,2,0,0,36.013390,-86.620860,I24 E EXT RAMP,,,,50.00,Feet,West,I 24,,,,0.00,N,Not at Intersection,N,Entrance/Exit Ramp Related,Construction Zone,Laneclosure,Activity Area,         ,Joe,Hooper,Clear,Angle,no,no,no,no,yes,False
102919361,METROPOLITAN NASHVILLE POLICE DEPT,20210138099,Davidson,Antioch,3/9/2021 2:20:00 PM,2,0,0,36.046100,-86.601070,HOBSON PKE,,,,1115.00,Feet,North,PIN HOOK RD,,,,0.00,N,Not at Intersection,N,Non-Junction,None,,,         ,Joe,Hooper,Clear,Angle,no,no,no,no,yes,False
102919385,METROPOLITAN NASHVILLE POLICE DEPT,20210138069,Davidson,Nashville,3/9/2021 2:01:00 PM,2,0,0,36.197610,-86.837320,CLARKSVILLE PKE,,,,0.00,,,ASHLAND CITY HWY,,,,0.00,Y,OTHER,N,Intersection,Construction Zone,Laneclosure,Unknown,         ,Jeanine,Sarno,Clear,Angle,no,no,no,no,no,False
102919422,METROPOLITAN NASHVILLE POLICE DEPT,20210138172,Davidson,Nashville,3/9/2021 3:00:00 PM,2,1,0,36.168440,-86.813580,I40 E EXT RAMP,,,,0.00,Feet,East,I 40,,,,0.00,N,Not at Intersection,N,Non-Junction,None,,,         ,Daniel,Kallman,,Front to Rear,no,no,no,no,no,False
102919431,METROPOLITAN NASHVILLE POLICE DEPT,20210138103,Davidson,Nashville,3/9/2021 2:23:00 PM,2,0,0,36.163720,-86.782940,CAPITOL BLVD,,,,0.00,,,UNION ST,,,,0.00,Y,T-Intersection, ,,None,,,         ,Michael,Douglas,,,no,no,no,no,no,False
102919432,METROPOLITAN NASHVILLE POLICE DEPT,20210138243,Davidson,Not in City Limit,3/9/2021 3:00:00 PM,2,0,0,36.286460,-86.788450,SUMMERTIME DR,,,,90.00,Feet,South,INDIAN SUMMER DR,,,,0.00,N,Not at Intersection,N,Non-Junction,None,,,         ,Christopher,Littles,Clear,"Sideswipe, Same Direction",no,no,no,no,yes,False
102919441,METROPOLITAN NASHVILLE POLICE DEPT,20210138206,Davidson,Nashville,3/9/2021 3:10:00 PM,2,0,0,36.158430,-86.692280,BRILEY PKWYN,,,,520.00,Feet,North,BRILEY PKWYS,,,,0.00,N,Not at Intersection,N,Non-Junction,None,,,         ,Christopher,Beery,Clear,"Sideswipe, Same Direction",no,no,no,no,yes,False
102919467,METROPOLITAN NASHVILLE POLICE DEPT,20210138282,Davidson,Nashville,3/9/2021 3:45:00 PM,2,1,0,36.149310,-86.774530,I 40,,,,0.00,,,,,,,210.15,N,Not at Intersection,N,Non-Junction,None,,,         ,Russell,Freeman,Clear,Front to Rear,no,no,no,no,no,False
102919476,METROPOLITAN NASHVILLE POLICE DEPT,20210138152,Davidson,Nashville,3/9/2021 2:50:00 PM,3,3,0,36.162420,-86.759300,CRUTCHER ST,,,,0.00,,,S 5TH ST,,,,0.00,Y,Four-Way,N,Intersection,None,,,         ,Edward,Holden,Clear,Other,no,no,no,no,no,False
102919484,METROPOLITAN NASHVILLE POLICE DEPT,20210138331,Davidson,Nashville,3/9/2021 4:10:00 PM,3,2,0,36.099440,-86.710930,I 24,,,,0.00,,,,,,,54.60,N,Not at Intersection,N,Non-Junction,None,,,         ,Beri,Scott,Clear,Front to Rear,no,no,no,no,no,False
102919492,METROPOLITAN NASHVILLE POLICE DEPT,20210138381,Davidson,Nashville,3/9/2021 4:16:00 PM,2,0,0,36.054770,-86.674460,I 24,,,,0.00,,,,,,,58.30,N,Not at Intersection, ,Non-Junction,None,,,         ,Andrew,Brazee,Clear,Front to Rear,no,no,no,no,no,False
102919512,METROPOLITAN NASHVILLE POLICE DEPT,20210138458,Davidson,Nashville,3/9/2021 5:02:00 PM,2,0,0,36.188760,-86.721780,CARTER AV,,,,126.00,Feet,East,ROBERTA ST,,,,0.00,N,Not at Intersection, ,Non-Junction,None,,,         ,Jason,Milyaro Lucas,Clear,Angle,no,no,no,no,no,False
102919519,THP District 3 - Nashville,321015032,Davidson,Not in City Limit,3/5/2021 12:28:00 PM,2,1,0,36.342510,-86.922060,I 24,,,,0.00,,,,,,,31.60,N,Not at Intersection,N,Non-Junction,None,,,         ,Robert,Sibal,,Front to Rear,no,no,no,no,no,False
102919549,METROPOLITAN NASHVILLE POLICE DEPT,20210138485,Davidson,Not in City Limit,3/9/2021 5:30:00 PM,1,1,0,36.310410,-86.827460,I 24,,,,0.00,,,,,,,37.65,N,Not at Intersection,N,Non-Junction,None,,,         ,Hendrik,Kruger,,Not Collision with Motor Vehicle in Transport,no,no,no,no,no,False
102919551,METROPOLITAN NASHVILLE POLICE DEPT,20210138451,Davidson,Nashville,3/9/2021 5:15:00 PM,2,1,0,36.131510,-86.726730,I24 W ENT RAMP,,,,0.00,,,I 24,,,,0.00,Y,Y-Intersection,N,Non-Junction,None,,,         ,Beri,Scott,Clear,Front to Rear,no,no,no,no,no,False
102919558,METROPOLITAN NASHVILLE POLICE DEPT,20210138303,Davidson,Nashville,3/9/2021 4:01:00 PM,4,4,0,36.042730,-86.840030,OLD HICKORY BLVD,,,,682.00,Feet,East,DERBY GLEN LN,,,,0.00,N,Not at Intersection,N,Non-Junction,None,,,         ,Tyler,Shanks,Clear,Front to Rear,no,no,no,no,no,False
102919590,METROPOLITAN NASHVILLE POLICE DEPT,20210138649,Davidson,Nashville,3/9/2021 7:05:00 PM,2,0,0,36.220590,-86.774080,I 65,,,,0.00,,,,,,,88.35,N,Not at Intersection,N,Non-Junction,None,,,         ,Wade,Johnson,Clear,Front to Rear,no,no,no,no,yes,False
102919597,METROPOLITAN NASHVILLE POLICE DEPT,20210138613,Davidson,Nashville,3/9/2021 6:49:00 PM,2,0,0,36.188470,-86.793340,I 65,,,,0.00,,,,,,,85.50,N,Not at Intersection, ,Non-Junction,None,,,         ,Jonathan,Sharp,,"Sideswipe, Same Direction",no,no,no,no,no,False
102919600,METROPOLITAN NASHVILLE POLICE DEPT,20210138675,Davidson,Nashville,3/9/2021 12:00:00 AM,2,0,0,36.177270,-86.783360,DOWNTOWN GRNWY,,,,0.00,,,MADISON ST,,,,0.00,Y,OTHER,N,Non-Junction,None,,,         ,Brent,Morris,Clear,Unknown,no,no,no,yes,yes,False
102919655,METROPOLITAN NASHVILLE POLICE DEPT,20210138694,Davidson,Nashville,3/9/2021 7:58:00 PM,2,0,0,36.190660,-86.789450,I 65,,,,0.00,,,,,,,85.80,N,Not at Intersection,N,Non-Junction,None,,,         ,Joel,Cottrill,Clear,"Sideswipe, Same Direction",no,no,no,no,yes,False
102919656,METROPOLITAN NASHVILLE POLICE DEPT,20210138732,Davidson,Nashville,3/9/2021 7:25:00 PM,2,0,0,36.190830,-86.799580,VANTAGE WAY CT,,,,198.00,Feet,West,VANTAGE WAY,,,,0.00,N,Not at Intersection,N,Non-Junction,None,,,         ,Lucas,Thomas,,Angle,no,no,no,no,yes,False
102919669,METROPOLITAN NASHVILLE POLICE DEPT,20210138700,Davidson,Nashville,3/7/2021 8:47:00 PM,2,0,0,36.071340,-86.657250,PEBBLE CREEK DR,,,,281.00,Feet,East,MOUNTAIN LAUREL DR,,,,0.00,N,Not at Intersection,N,Non-Junction,None,,,         ,Beri,Scott,Clear,Front to Rear,no,no,no,no,yes,False
102919681,METROPOLITAN NASHVILLE POLICE DEPT,20210138702,Davidson,Nashville,3/9/2021 7:47:00 PM,2,0,0,36.046790,-86.713430,NOLENSVILLE PKE,,,,520.00,Feet,North,OLD HICKORY BLVD,,,,0.00,N,Not at Intersection, ,Non-Junction,None,,,         ,Steven,Powers,Clear,Angle,no,no,no,no,no,False
102919730,METROPOLITAN NASHVILLE POLICE DEPT,20210138432,Davidson,Nashville,3/9/2021 4:57:00 PM,1,1,0,36.151180,-86.853610,CHARLOTTE AV,,,,0.00,,,54TH AVN,,,,0.00,Y,OTHER,N,Non-Junction,None,,,         ,Torian,Cox,Clear,Not Collision with Motor Vehicle in Transport,no,no,no,no,no,False
102919757,METROPOLITAN NASHVILLE POLICE DEPT,20210138768,Davidson,Nashville,3/9/2021 9:00:00 PM,2,0,0,36.226090,-86.777390,I65 N ENT RAMP,,,,0.00,Feet,East,I 65,,,,0.00,N,Not at Intersection, ,Non-Junction,None,,,         ,Craig,Paschetti,Clear,Front to Rear,no,no,no,no,no,False
102919763,METROPOLITAN NASHVILLE POLICE DEPT,20210138815,Davidson,Nashville,3/9/2021 9:41:00 PM,2,0,0,36.125670,-86.709790,BOWWOOD CT,,,,0.00,,,MURFREESBORO PKE,,,,0.00,Y,T-Intersection,N,Intersection,None,,,         ,Dontaveous,Eubanks,,Angle,no,no,no,no,no,False
102919842,METROPOLITAN NASHVILLE POLICE DEPT,20210139048,Davidson,Not in City Limit,3/10/2021 12:35:00 AM,1,1,0,36.074530,-86.977370,I 40,,,,0.00,,,,,,,195.00,N,Not at Intersection,N,Non-Junction,None,,,         ,David,Moser,Clear,Not Collision with Motor Vehicle in Transport,no,no,no,no,no,False
102919850,METROPOLITAN NASHVILLE POLICE DEPT,20210139460,Davidson,Nashville,3/10/2021 5:43:00 AM,2,2,0,36.182660,-86.799450,I65 S ENT RAMP,,,,0.00,Feet,East,I 65,,,,0.00,N,Not at Intersection,Y,Entrance/Exit Ramp Related,None,,,         ,Dakota,Vermillion,Clear,"Sideswipe, Same Direction",no,no,no,no,no,False
102919851,METROPOLITAN NASHVILLE POLICE DEPT,20210139415,Davidson,Not in City Limit,3/10/2021 12:00:00 AM,2,0,0,36.084450,-86.949920,I 40,,,,0.00,,,,,,,196.75,N,Not at Intersection,N,Non-Junction,None,,,         ,Colin,Bleem,Clear,Front to Rear,no,no,no,no,no,False
102919858,THP District 9 - Administrative,321015908,Davidson,Nashville,3/9/2021 5:53:00 PM,2,0,0,36.211000,-86.838930,CLARKSVILLE PKE,,,,0.00,,,FAIRVIEW DR,,,,0.00,Y,Four-Way, ,Intersection,Construction Zone,,,         ,Julio,Lassalle,Clear,Angle,no,no,no,no,no,False
102919864,METROPOLITAN NASHVILLE POLICE DEPT,20210138067,Davidson,Nashville,3/9/2021 2:00:00 PM,1,1,0,36.042450,-86.712940,SWISS AV,,,,0.00,,,NOLENSVILLE PKE,,,,0.00,Y,Four-Way,Y,Intersection,None,,,         ,Thomas,White,Clear,Not Collision with Motor Vehicle in Transport,yes,no,no,no,no,False
102919868,METROPOLITAN NASHVILLE POLICE DEPT,20210139508,Davidson,Antioch,3/10/2021 6:43:00 AM,1,2,0,36.045100,-86.578630,PIN HOOK RD,,,,211.00,Feet,West,CHUTNEY DR,,,,0.00,N,Not at Intersection,N,Non-Junction,None,,,         ,Joe,Hooper,Clear,Not Collision with Motor Vehicle in Transport,no,no,no,no,no,False
102919872,METROPOLITAN NASHVILLE POLICE DEPT,20210139533,Davidson,Nashville,3/10/2021 7:00:00 AM,2,0,0,36.150880,-86.863700,I 40,,,,0.00,,,,,,,203.60,N,Not at Intersection, ,Non-Junction,None,,,         ,Curtis,Rich,Cloudy,Angle,no,no,no,no,yes,False
102919881,METROPOLITAN NASHVILLE POLICE DEPT,20210139551,Davidson,Nashville,3/10/2021 7:05:00 AM,2,0,0,36.113470,-86.723810,I 24,,,,0.00,,,,,,,53.40,N,Not at Intersection,N,Non-Junction,None,,,         ,Neil,Wolfe,Clear,"Sideswipe, Same Direction",no,no,no,no,yes,False
102919886,METROPOLITAN NASHVILLE POLICE DEPT,20210139547,Davidson,Nashville,3/10/2021 7:10:00 AM,2,0,0,36.073400,-86.759140,TROUSDALE DR,,,,0.00,,,BRAMBLEWOOD DR,,,,0.00,Y,Four-Way,N,Intersection,None,,,         ,Earl,Davis,Cloudy,Angle,no,no,no,no,no,False
102919889,BERRY HILL POLICE DEPT,21-0666,Davidson,Berry Hill,3/8/2021 5:35:00 PM,2,0,0,36.119610,-86.771170,BERRY RD,,,,213.00,Feet,West,FESSEY PARK RD,,,,0.00,N,Not at Intersection, ,Non-Junction,None,,,         ,Steven,Henry Jr.,Clear,Angle,no,no,no,no,no,False
102919918,METROPOLITAN NASHVILLE POLICE DEPT,20210139611,Davidson,Nashville,3/10/2021 7:51:00 AM,2,0,0,36.081990,-86.761410,HARDING PL,,,,150.00,Feet,East,SIDCO DR,,,,0.00,N,Not at Intersection,N,Non-Junction,None,,,         ,Earl,Davis,Clear,Front to Rear,no,no,no,no,no,False
102919935,METROPOLITAN NASHVILLE POLICE DEPT,20210139679,Davidson,Nashville,3/10/2021 8:28:00 AM,3,0,0,36.200750,-86.776750,I 65,,,,0.00,,,,,,,86.90,N,Not at Intersection,N,Non-Junction,None,,,         ,Ryan,Worstall,Clear,"Sideswipe, Same Direction",no,no,no,no,no,False
102919937,METROPOLITAN NASHVILLE POLICE DEPT,20210139665,Davidson,Nashville,3/10/2021 7:52:00 AM,2,0,0,36.115890,-86.784930,I 440,,,,0.00,,,,,,,4.25,N,Not at Intersection, ,Non-Junction,None,,,         ,D’Mitri,Mackall,Clear,Front to Rear,no,no,no,no,no,False
102919944,METROPOLITAN NASHVILLE POLICE DEPT,20210139733,Davidson,Nashville,3/10/2021 9:00:00 AM,2,0,0,36.085970,-86.882180,HIGHWAY 100,,,,415.00,Feet,East,PERCY WARNER BLVD,,,,0.00,N,Not at Intersection, ,Non-Junction,None,,,         ,Curtis,Rich,Clear,Front to Rear,no,no,no,no,no,False
102919950,METROPOLITAN NASHVILLE POLICE DEPT,20210139686,Davidson,Nashville,3/10/2021 8:30:00 AM,1,1,0,36.183230,-86.865670,BRILEY PKWYN,,,,1031.00,Feet,South,BRILEY PKWYS,,,,0.00,N,Not at Intersection,N,Non-Junction,None,,,         ,Royce,McLester,Clear,Not Collision with Motor Vehicle in Transport,no,no,no,no,no,False
102919968,METROPOLITAN NASHVILLE POLICE DEPT,20210139912,Davidson,Nashville,3/10/2021 10:30:00 AM,2,0,0,36.079620,-86.726320,NOLENSVILLE PKE,,,,3.00,Feet,North,HARDING PL,,,,0.00,N,Not at Intersection, ,Non-Junction,None,,,         ,Devin,Mabry,Clear,Front to Rear,no,no,no,no,no,False
102919970,METROPOLITAN NASHVILLE POLICE DEPT,20210139817,Davidson,Antioch,3/10/2021 12:00:00 AM,5,0,0,36.063641,-86.612724,TEA GARDEN,WAY,,,0.00,,,HAMILTON CHURCH,RD,,,0.00,Y,T-Intersection,N,Intersection-Related,None,,,         ,Joe,Hooper,Clear,Not Collision with Motor Vehicle in Transport,no,no,no,no,yes,False
102919971,METROPOLITAN NASHVILLE POLICE DEPT,20210139776,Davidson,Nashville,3/10/2021 10:00:00 AM,1,0,0,36.143050,-86.859540,OCEOLA AV,,,,25.00,Feet,South,WHITE ROSE ALY,,,,0.00,N,Not at Intersection, ,Non-Junction,None,,,         ,George,Spencer,Clear,Not Collision with Motor Vehicle in Transport,yes,no,no,no,no,False
102919972,METROPOLITAN NASHVILLE POLICE DEPT,20210139841,Davidson,Not in City Limit,3/10/2021 10:00:00 AM,2,3,0,36.077350,-87.010040,I 40,,,,0.00,,,,,,,193.10,N,Not at Intersection,N,Non-Junction,Maintenance Zone,Laneclosure,Activity Area,         ,Curtis,Rich,Cloudy,Front to Rear,no,no,no,no,no,False
102919978,METROPOLITAN NASHVILLE POLICE DEPT,20210139832,Davidson,Nashville,3/10/2021 10:02:00 AM,1,0,0,36.154710,-86.773120,4TH AVS,,,,0.00,,,LEA AV,,,,0.00,Y,Four-Way,N,Intersection,None,,,         ,Wesley,Young,Clear,Not Collision with Motor Vehicle in Transport,no,no,no,no,yes,False
102919987,METROPOLITAN NASHVILLE POLICE DEPT,20210139967,Davidson,Nashville,3/10/2021 11:03:00 AM,2,0,0,36.151970,-86.848570,CHARLOTTE AV,,,,0.00,Feet,West,51ST AVN,,,,0.00,N,Not at Intersection, ,,None,,,         ,Darren,Key,,,no,no,no,no,no,False
102920005,METROPOLITAN NASHVILLE POLICE DEPT,20210140015,Davidson,Nashville,3/10/2021 11:47:00 AM,2,1,0,36.071620,-86.635900,MURFREESBORO PKE,,,,124.00,Feet,South,BELL RD,,,,0.00,N,Not at Intersection,N,Non-Junction,None,,,         ,Joe,Hooper,Clear,Front to Rear,no,no,no,no,no,False
102920009,METROPOLITAN NASHVILLE POLICE DEPT,20210140054,Davidson,Not in City Limit,3/10/2021 11:25:00 AM,2,0,0,36.062540,-86.943200,SAWYER BROWN RD,,,,158.00,Feet,West,OLD HARDING PKE,,,,0.00,N,Not at Intersection, ,Non-Junction,None,,,         ,Wesley,Tilley,Cloudy,Front to Rear,no,no,no,no,no,False
102920025,METROPOLITAN NASHVILLE POLICE DEPT,20210140045,Davidson,Nashville,3/10/2021 12:00:00 PM,2,1,0,36.051430,-86.885470,OLD HICKORY BLVD,,,,0.00,,,EDINBURGH DR,,,,0.00,Y,T-Intersection,N,Intersection,None,,,         ,Curtis,Rich,Cloudy,Angle,no,no,no,no,no,False
102920054,METROPOLITAN NASHVILLE POLICE DEPT,20210140014,Davidson,Nashville,3/10/2021 11:49:00 AM,1,1,0,36.154270,-86.713030,LEBANON PKE,,,,104.00,Feet,East,LEBANON PIKE CIR,,,,0.00,N,Not at Intersection,N,Non-Junction,None,,,         ,Michael,Dance,Cloudy,Not Collision with Motor Vehicle in Transport,no,no,no,no,no,False
102920121,METROPOLITAN NASHVILLE POLICE DEPT,20210140153,Davidson,Nashville,3/10/2021 12:37:00 PM,2,0,0,36.112240,-86.745910,NOLENSVILLE PKE,,,,517.00,Feet,North,THOMPSON LN,,,,0.00,N,Not at Intersection, ,Non-Junction,None,,,         ,Jason,Hees,Clear,Angle,no,no,no,no,yes,False
102920126,METROPOLITAN NASHVILLE POLICE DEPT,20210140067,Davidson,Nashville,3/10/2021 12:21:00 PM,2,0,0,36.167840,-86.820910,JOHN A MERRITT BLVD,,,,52.00,Feet,West,28TH AVN,,,,0.00,N,Not at Intersection, ,OtherLocation,None,,,         ,Jedidayah,Merriweather,Cloudy,Angle,no,no,no,yes,no,False
102920128,METROPOLITAN NASHVILLE POLICE DEPT,20210140143,Davidson,Nashville,3/10/2021 12:59:00 PM,2,2,0,36.080400,-86.717930,HARDING PL,,,,0.00,,,RECOVERY RD,,,,0.00,Y,Four-Way,Y,Intersection,None,,,         ,Joe,Hooper,Cloudy,Angle,no,no,no,no,no,False
102920134,METROPOLITAN NASHVILLE POLICE DEPT,20210139960,Davidson,Nashville,3/10/2021 11:13:00 AM,2,0,0,36.176090,-86.769770,I24 W EXT RAMP,,,,0.00,Feet,East,SPRING ST,,,,0.00,N,Not at Intersection, ,Non-Junction,None,,,         ,Joseph,Progar,Clear,"Sideswipe, Same Direction",no,no,no,no,no,False
102920207,METROPOLITAN NASHVILLE POLICE DEPT,20210140349,Davidson,Nashville,3/10/2021 2:20:00 PM,2,0,0,36.087890,-86.692580,ANTIOCH PKE,,,,200.00,Feet,North,HARDING PL,,,,0.00,N,Not at Intersection, ,Non-Junction,None,,,         ,Wesley,Henderson,Cloudy,"Sideswipe, Same Direction",no,no,no,no,no,False
102920208,METROPOLITAN NASHVILLE POLICE DEPT,20210129426,Davidson,Nashville,3/5/2021 12:14:00 AM,2,0,1,36.106030,-86.922210,OLD HICKORY BLVD,,,,51.00,Feet,North,BELLE VALLEY DR,,,,0.00,N,Not at Intersection,N,Non-Junction,None,,,         ,Christopher,Augustin,Clear,Angle,no,no,no,no,no,False
102920211,METROPOLITAN NASHVILLE POLICE DEPT,20210140275,Davidson,Nashville,3/10/2021 1:38:00 PM,2,0,0,36.180240,-86.774110,DICKERSON PKE ENT RAMP,,,,0.00,Feet,East,I 24,,,,0.00,N,Not at Intersection,N,Non-Junction,None,,,         ,Michael,Agee,,Front to Rear,no,no,no,no,no,False
102920212,METROPOLITAN NASHVILLE POLICE DEPT,20210139953,Davidson,Nashville,3/10/2021 11:05:00 AM,2,0,0,36.141270,-86.731820,I 40,,,,0.00,,,,,,,213.00,N,Not at Intersection, ,OtherLocation,None,,,         ,Michael,Douglas,Clear,Front to Rear,no,no,no,no,yes,False
102920216,METROPOLITAN NASHVILLE POLICE DEPT,20210140359,Davidson,Nashville,3/10/2021 2:20:00 PM,2,0,0,36.153750,-86.721130,LEBANON PKE,,,,100.00,Feet,East,SPENCE LN,,,,0.00,N,Not at Intersection, ,Non-Junction,None,,,         ,Reagan,Heath,,Front to Rear,no,no,no,no,no,False
102920223,METROPOLITAN NASHVILLE POLICE DEPT,20210140332,Davidson,Nashville,3/10/2021 1:55:00 PM,2,0,0,36.206250,-86.773530,I65 N EXT RAMP,,,,0.00,,,W TRINITY LN,,,,0.00,Y,T-Intersection,N,Intersection-Related,None,,,         ,Jeremy,Smith,,"Sideswipe, Same Direction",no,no,no,no,yes,False
102920224,METROPOLITAN NASHVILLE POLICE DEPT,20210140379,Davidson,Nashville,3/10/2021 2:05:00 PM,2,0,0,36.189490,-86.627470,LEBANON PKE,,,,714.00,Feet,East,HICKORY HILL LN,,,,0.00,N,Not at Intersection,N,Non-Junction,None,,,         ,Zaire,Murray,Cloudy,Angle,no,no,no,no,no,False
102920230,METROPOLITAN NASHVILLE POLICE DEPT,20210130208,Davidson,Nashville,3/5/2021 9:01:00 AM,2,1,1,36.069160,-86.720020,NOLENSVILLE PKE,,,,370.00,Feet,East,TAYLOR RD,,,,0.00,N,Not at Intersection,N,Non-Junction,None,,,         ,Christopher,Augustin,Clear,Angle,no,no,no,yes,no,False
102920233,METROPOLITAN NASHVILLE POLICE DEPT,20210140235,Davidson,Nashville,3/10/2021 1:45:00 PM,9,2,0,36.241270,-86.633260,OLD HICKORY BLVD,,,,131.00,Feet,East,IRIS AV,,,,0.00,N,Not at Intersection,N,Non-Junction,None,,,         ,Michael,Dance,Cloudy,Other,no,no,no,no,no,False
102920246,METROPOLITAN NASHVILLE POLICE DEPT,20210140362,Davidson,Nashville,3/10/2021 2:55:00 PM,2,0,0,36.240230,-86.747720,BRILEY PKWYE,,,,125.00,Feet,North,BRILEY PKWY W EXT RAMP,,,,0.00,N,Not at Intersection, ,Non-Junction,None,,,         ,Wade,Johnson,,"Sideswipe, Same Direction",no,no,no,no,no,False
102920254,METROPOLITAN NASHVILLE POLICE DEPT,20210140488,Davidson,Nashville,3/10/2021 3:35:00 PM,2,0,0,36.154870,-86.758820,I24 W ENT RAMP,,,,0.00,Feet,East,I 40,,,,0.00,N,Not at Intersection, ,Non-Junction,None,,,         ,Jason,Milyaro Lucas,Clear,"Sideswipe, Same Direction",no,no,no,no,no,False
102920256,METROPOLITAN NASHVILLE POLICE DEPT,20210140445,Davidson,Nashville,3/10/2021 3:35:00 PM,3,0,0,36.109720,-86.730480,THOMPSON LN,,,,180.00,Feet,East,MASHBURN RD,,,,0.00,N,Not at Intersection, ,,None,,,         ,Beri,Scott,,,no,no,no,no,no,False
102920257,METROPOLITAN NASHVILLE POLICE DEPT,2021-0137027,Davidson,Nashville,3/8/2021 10:50:00 PM,1,1,0,36.083760,-86.702010,WALLACE RD,,,,302.00,Feet,South,LARGO DR,,,,0.00,N,Not at Intersection,N,Non-Junction,None,,,         ,David,Snowden,Clear,Not Collision with Motor Vehicle in Transport,yes,no,no,no,yes,False
102920262,METROPOLITAN NASHVILLE POLICE DEPT,20210140313,Davidson,Nashville,3/10/2021 2:34:00 PM,2,0,0,36.171360,-86.790170,ROSA L PARKS BLVD,,,,0.00,,,LOCKLAYER ST,,,,0.00,Y,T-Intersection,N,Intersection,None,,,         ,Joshua,Reece,Clear,Angle,no,no,no,no,yes,False