master_record_number,agency,agency_tracking_number,county,city,collision_date,vehicles_involved,number_injured,number_dead,latitude,longitude,roadway_name,roadway_suffix,roadway_number,roadway_local_id,distance_from_reference,miles-feet_indicator,direction_from_reference,intersection_road_name,intersection_road_name_suffix,intersection_road_number,intersection_local_id,mile_marker,intersection_indicator,intersect_type,interchange_related_indicator,relation_to_junction,work_zone_type,construction_maintenance_zone,construction_maintenance_zone_location,fatal_case_number,officer_first_name,officer_last_name,weather_condition(s),manner_of_crash,pedestrian,bicycle,scooter,parking,hitrun,mou
102920265,METROPOLITAN NASHVILLE POLICE DEPT,20210140524,Davidson,Nashville,3/10/2021 4:21:00 PM,3,1,0,36.250960,-86.784110,I 24,,,,0.00,,,,,,,42.60,N,Not at Intersection,N,Non-Junction,None,,,         ,Kyle,Eicholtz,Clear,Front to Rear,no,no,no,no,no,False
102920267,METROPOLITAN NASHVILLE POLICE DEPT,20210140558,Davidson,Nashville,3/10/2021 4:39:00 PM,2,1,0,36.062990,-86.626510,MURFREESBORO PKE,,,,876.00,Feet,South,HAMILTON CHURCH RD,,,,0.00,N,Not at Intersection,N,Non-Junction,None,,,         ,Nathaniel,Myers,Clear,Front to Rear,no,no,no,no,no,False
102920268,METROPOLITAN NASHVILLE POLICE DEPT,20210140546,Davidson,Nashville,3/10/2021 4:31:00 PM,1,0,0,36.209350,-86.683370,WESTERN HILLS DR,,,,185.00,Feet,North,MCGAVOCK PKE,,,,0.00,N,Not at Intersection,N,Non-Junction,None,,,         ,Evan,Grace,,Not Collision with Motor Vehicle in Transport,no,no,no,no,no,False
102920269,METROPOLITAN NASHVILLE POLICE DEPT,20210140472,Davidson,Nashville,3/10/2021 3:55:00 PM,3,0,0,36.150910,-86.750070,I 40,,,,0.00,,,,,,,211.60,N,Not at Intersection, ,Non-Junction,None,,,         ,Douglas,Mann,Clear,Front to Rear,no,no,no,no,no,False
102920270,METROPOLITAN NASHVILLE POLICE DEPT,2021-0140292,Davidson,Nashville,3/10/2021 2:21:00 PM,2,0,0,36.105850,-86.813870,HILLSBORO PKE,,,,0.00,,,ABBOTT MARTIN RD,,,,0.00,Y,T-Intersection, ,Intersection,None,,,         ,William,King,Clear,Angle,no,no,no,no,no,False
102920271,METROPOLITAN NASHVILLE POLICE DEPT,20210138560,Davidson,Nashville,3/9/2021 6:16:00 PM,2,1,0,36.186310,-86.796300,I 65,,,,0.00,,,,,,,85.50,N,Not at Intersection,N,Non-Junction,None,,,         ,David,Snowden,Clear,Front to Rear,no,no,no,no,no,False
102920280,METROPOLITAN NASHVILLE POLICE DEPT,20210140574,Davidson,Nashville,3/10/2021 4:53:00 PM,2,0,0,36.174930,-86.756630,S 9TH ST,,,,0.00,Feet,,WOODLAND ST,,,,0.00,Y,Four-Way, ,Intersection,None,,,         ,Jason,Milyaro Lucas,Clear,Angle,no,no,no,no,no,False
102920286,METROPOLITAN NASHVILLE POLICE DEPT,20210140587,Davidson,Nashville,3/10/2021 4:55:00 PM,2,1,0,36.118420,-86.726260,I 24,,,,0.00,,,,,,,53.00,N,Not at Intersection,N,Non-Junction,None,,,         ,Beri,Scott,Clear,"Sideswipe, Same Direction",no,no,no,no,no,False
102920294,METROPOLITAN NASHVILLE POLICE DEPT,20210140464,Davidson,Not in City Limit,3/10/2021 3:40:00 PM,2,0,0,36.045860,-86.948350,HIGHWAY 100,,,,202.00,Feet,East,CLAXTON CT,,,,0.00,N,Not at Intersection,N,Non-Junction,None,,,         ,Michael,Sipos,Clear,Front to Rear,no,no,no,no,no,False
102920308,METROPOLITAN NASHVILLE POLICE DEPT,20210140374,Davidson,Nashville,3/10/2021 3:05:00 PM,2,0,0,36.051550,-86.669940,I 24,,,,0.00,,,,,,,58.65,N,Not at Intersection,N,Non-Junction,None,,,         ,Robert,Higgins,Clear,Front to Rear,no,no,no,no,no,False
102920309,METROPOLITAN NASHVILLE POLICE DEPT,20210140520,Davidson,Nashville,3/10/2021 4:18:00 PM,3,1,0,36.140790,-86.738190,MURFREESBORO PKE,,,,0.00,,,TRANSIT AV,,,,0.00,Y,T-Intersection,N,Intersection,None,,,         ,Robert,Higgins,Clear,Angle,no,no,no,no,no,False
102920316,METROPOLITAN NASHVILLE POLICE DEPT,20210140647,Davidson,Nashville,3/10/2021 5:10:00 PM,2,0,0,36.045390,-86.647860,CROSSINGS BLVD,,,,171.00,Feet,West,MT VIEW RD,,,,0.00,N,Not at Intersection, ,Non-Junction,None,,,         ,Eric,Laury,Clear,Front to Rear,no,no,no,no,no,False
102920317,METROPOLITAN NASHVILLE POLICE DEPT,20210140625,Davidson,Goodlettsville,3/10/2021 5:11:00 PM,2,0,0,36.298920,-86.697490,GALLATIN PKEN,,,,409.00,Feet,South,CUDE LN,,,,0.00,N,Not at Intersection,N,Non-Junction,None,,,         ,Joshua,Dodge,Clear,Front to Rear,no,no,no,no,yes,False
102920320,METROPOLITAN NASHVILLE POLICE DEPT,20210140381,Davidson,Nashville,3/10/2021 12:00:00 AM,2,0,0,36.090330,-86.626500,SMITH SPRINGS RD,,,,0.00,Feet,,BELL RD,,,,0.00,Y,Four-Way,N,Intersection-Related,None,,,         ,Adam,Gartner,Cloudy,Angle,no,no,no,no,no,False
102920328,METROPOLITAN NASHVILLE POLICE DEPT,20210140607,Davidson,Nashville,3/10/2021 5:11:00 PM,2,0,0,36.151860,-86.775740,MIDDLETON ST,,,,0.00,,,EWING AV,,,,0.00,Y,T-Intersection, ,Non-Junction,None,,,         ,Michael,Douglas,Clear,"Sideswipe, Same Direction",no,no,no,no,no,False
102920335,METROPOLITAN NASHVILLE POLICE DEPT,20210140785,Davidson,Nashville,3/10/2021 6:15:00 PM,2,0,0,36.101210,-86.764590,I 65,,,,0.00,,,,,,,79.15,N,Not at Intersection, ,,None,,,         ,Jacob,Robbins,,,no,no,no,no,no,False
102920359,METROPOLITAN NASHVILLE POLICE DEPT,20210140780,Davidson,Nashville,3/10/2021 5:46:00 PM,2,0,0,36.086240,-86.694950,HARDING PL,,,,0.00,,,,,,,0.00,,,N,Non-Junction,None,,,         ,Robert,Higgins,Clear,Front to Rear,no,no,no,no,yes,False
102920365,METROPOLITAN NASHVILLE POLICE DEPT,20210140839,Davidson,Nashville,3/10/2021 6:59:00 PM,2,0,0,36.158590,-86.823800,32ND AVN,,,,0.00,,,TORBETT ST,,,,0.00,Y,T-Intersection, ,Intersection-Related,None,,,         ,Andrey,Volfson,Clear,"Sideswipe, Same Direction",no,no,no,no,no,False
102920372,METROPOLITAN NASHVILLE POLICE DEPT,20210140728,Davidson,Nashville,3/10/2021 4:55:00 PM,2,0,0,36.123840,-86.826560,WOODLAWN DR,,,,0.00,,,BOWLING AV,,,,0.00,Y,Four-Way, ,,None,,,         ,Matthew,Turppa,,,no,no,no,no,no,False
102920374,METROPOLITAN NASHVILLE POLICE DEPT,20210140851,Davidson,Nashville,3/10/2021 7:12:00 PM,2,0,0,36.102120,-86.818150,HILLSBORO DR,,,,150.00,Feet,West,HILLSBORO PKE,,,,0.00,N,Not at Intersection, ,Non-Junction,None,,,         ,Adam,Reese,Clear,Angle,no,no,no,no,no,False
102920375,METROPOLITAN NASHVILLE POLICE DEPT,20210140333,Davidson,Nashville,3/10/2021 2:00:00 PM,2,0,0,36.224910,-86.805980,KNIGHT DR,,,,234.00,Feet,North,RAMP,,,,0.00,N,Not at Intersection,N,"Driveway, Alley Access, etc",None,,,         ,Gabriel,Centeno,Clear,Angle,no,no,no,no,yes,False
102920376,METROPOLITAN NASHVILLE POLICE DEPT,20210140795,Davidson,Nashville,3/10/2021 6:40:00 PM,2,2,0,36.110940,-86.745220,NOLENSVILLE PKE,,,,0.00,,,THOMPSON LN,,,,0.00,Y,Four-Way,N,Intersection,None,,,         ,Cory,Stratton,Clear,HeadOn,no,no,no,no,no,False
102920394,METROPOLITAN NASHVILLE POLICE DEPT,20210132028,Davidson,Nashville,3/6/2021 1:33:00 AM,2,0,0,36.142020,-86.678350,I 40,,,,0.00,,,,,,,215.95,N,Not at Intersection,N,Non-Junction,None,,,         ,Cressie,Prill,Clear,Front to Rear,no,no,no,no,yes,False
102920395,METROPOLITAN NASHVILLE POLICE DEPT,20210140571,Davidson,Nashville,3/10/2021 4:50:00 PM,3,2,0,36.074200,-86.638370,MURFREESBORO PKE,,,,0.00,,,,,,,0.00,,,N,Non-Junction,None,,,         ,Phillip,Burke,Clear,"Sideswipe, Opposite Direction",no,no,no,no,no,False
102920396,METROPOLITAN NASHVILLE POLICE DEPT,20210140492,Davidson,Nashville,3/10/2021 3:42:00 PM,2,0,0,36.180370,-86.756270,MARINA ST,,,,0.00,,,HART AV,,,,0.00,Y,T-Intersection,N,Intersection,None,,,         ,Zachary,Aldrich,Clear,"Sideswipe, Opposite Direction",no,no,no,no,yes,False
102920412,METROPOLITAN NASHVILLE POLICE DEPT,20210140668,Davidson,Nashville,3/10/2021 4:39:00 PM,2,0,0,36.114030,-86.919380,I40 W EXT RAMP,,,,0.00,Feet,East,I 40,,,,0.00,N,Not at Intersection, ,Non-Junction,None,,,         ,Jeremy,Huffine,Clear,Angle,no,no,no,no,no,False
102920416,METROPOLITAN NASHVILLE POLICE DEPT,20210140899,Davidson,Nashville,3/10/2021 6:50:00 PM,2,0,0,36.206640,-86.778140,W TRINITY LN,,,,69.00,Feet,West,BRICK CHURCH PKE,,,,0.00,N,Not at Intersection,N,Non-Junction,None,,,         ,Jonathan,Sharp,Cloudy,"Sideswipe, Same Direction",no,no,no,no,yes,False
102920419,METROPOLITAN NASHVILLE POLICE DEPT,20210140907,Davidson,Goodlettsville,3/10/2021 6:41:00 PM,2,0,0,36.292120,-86.702930,GALLATIN PKEN,,,,43.00,Feet,South,RIVERGATE SQUARE PVTDR,,,,0.00,N,Not at Intersection,N,Non-Junction,None,,,         ,Joshua,Dodge,Clear,Front to Rear,no,no,no,no,no,False
102920492,METROPOLITAN NASHVILLE POLICE DEPT,20210141099,Davidson,Nashville,3/10/2021 9:11:00 PM,2,0,0,36.159970,-86.773910,2ND AVS,,,,8.00,Feet,West,DEMONBREUN ST,,,,0.00,N,Not at Intersection, ,Non-Junction,None,,,         ,Trevor,Taylor,Clear,Front to Rear,no,no,no,no,no,False
102920505,METROPOLITAN NASHVILLE POLICE DEPT,20210140455,Davidson,Nashville,3/10/2021 3:43:00 PM,3,2,0,36.140920,-86.657600,I 40,,,,0.00,,,,,,,217.85,N,Not at Intersection,N,Non-Junction,None,,,         ,Dontaveous,Eubanks,Clear,Front to Rear,no,no,no,no,no,False
102920520,METROPOLITAN NASHVILLE POLICE DEPT,20210141189,Davidson,Not in City Limit,3/10/2021 10:22:00 PM,2,0,0,36.084990,-86.948780,I 40,,,,0.00,,,,,,,196.85,N,Not at Intersection,N,Non-Junction,None,,,         ,Jared,Dick,Clear,Angle,no,no,no,no,yes,False
102920532,METROPOLITAN NASHVILLE POLICE DEPT,20210139317,Davidson,Nashville,3/10/2021 3:30:00 AM,2,0,0,36.168190,-86.815120,I 40,,,,0.00,,,,,,,206.80,N,Not at Intersection, ,Non-Junction,None,,,         ,Christopher,Royer,Clear,Not Collision with Motor Vehicle in Transport,no,no,no,no,no,False
102920555,METROPOLITAN NASHVILLE POLICE DEPT,20210141163,Davidson,Goodlettsville,3/10/2021 10:00:00 PM,1,1,0,36.306000,-86.689770,LIBERTY LN,,,,526.00,Feet,North,GALLATIN PKEN,,,,0.00,N,Not at Intersection,N,Non-Junction,None,,,         ,Philip,Claibourne,Clear,Not Collision with Motor Vehicle in Transport,yes,no,no,no,no,False
102920568,METROPOLITAN NASHVILLE POLICE DEPT,20210141634,Davidson,Nashville,3/11/2021 12:40:00 AM,1,0,0,36.087740,-86.607190,SMITH SPRINGS RD,,,,0.00,,,ANDERSON RD,,,,0.00,Y,Four-Way,N,Intersection-Related,None,,,         ,Samuel,Fredericks,Clear,Not Collision with Motor Vehicle in Transport,no,no,no,no,no,False
102920595,GOODLETTSVILLE POLICE DEPT,21-06475,Davidson,Goodlettsville,3/7/2021 10:36:00 PM,1,2,0,36.320170,-86.703040,I 65,,,,0.00,,,,,,,96.70,N,Not at Intersection,N,Non-Junction,None,,,         ,Michael,Morgan,Clear,Not Collision with Motor Vehicle in Transport,no,no,no,no,no,False
102920604,METROPOLITAN NASHVILLE POLICE DEPT,20210141808,Davidson,Nashville,3/11/2021 4:27:00 AM,2,1,0,36.138560,-86.731510,MURFREESBORO PKE,,,,0.00,Feet,East,BLANTON AV,,,,0.00,N,Not at Intersection,N,Non-Junction,None,,,         ,Ryan,Malone,,Angle,no,no,no,no,yes,False
102920623,METROPOLITAN NASHVILLE POLICE DEPT,20210140301,Davidson,Nashville,3/10/2021 2:20:00 PM,2,6,0,36.247170,-86.720870,GALLATIN PKES,,,,199.00,Feet,North,BERKLEY DR,,,,0.00,N,Not at Intersection,N,Non-Junction,None,,,         ,Brian,Otto,Clear,Front to Rear,no,no,no,no,no,False
102920638,METROPOLITAN NASHVILLE POLICE DEPT,20210141911,Davidson,Nashville,3/11/2021 5:14:00 AM,2,0,0,36.139240,-86.728890,I 24,,,,0.00,,,,,,,51.45,N,Not at Intersection, ,Entrance/Exit Ramp Related,None,,,         ,Michael,Brooks,Cloudy,"Sideswipe, Same Direction",no,no,no,no,no,False
102920654,METROPOLITAN NASHVILLE POLICE DEPT,20210141962,Davidson,Nashville,3/11/2021 7:00:00 AM,2,2,0,36.098530,-86.728270,MCCALL ST,,,,0.00,,,COLBY DR,,,,0.00,Y,Four-Way,N,Intersection,None,,,         ,Joe,Hooper,Cloudy,Angle,no,no,no,no,no,False
102920677,METROPOLITAN NASHVILLE POLICE DEPT,20210141996,Davidson,Not in City Limit,3/11/2021 5:25:00 AM,2,0,0,36.267660,-86.698870,N DUPONT AV,,,,0.00,,,,,,,0.00,,, ,Non-Junction,None,,,         ,Michelle,Steidl,Cloudy,Unknown,no,no,no,yes,yes,False
102920690,METROPOLITAN NASHVILLE POLICE DEPT,20210141937,Davidson,Nashville,3/11/2021 6:43:00 AM,2,0,0,36.081160,-86.758680,HARDING PL,,,,100.00,Feet,West,TROUSDALE DR,,,,0.00,N,Not at Intersection, ,Non-Junction,None,,,         ,Earl,Davis,,Front to Rear,no,no,no,no,no,False
102920691,METROPOLITAN NASHVILLE POLICE DEPT,20210141975,Davidson,Nashville,3/11/2021 6:29:00 AM,2,0,0,36.155700,-86.789750,BROADWAY,,,,0.00,,,14TH AVN,,,,0.00,Y,Four-Way, ,Intersection,None,,,         ,Earl,Davis,,"Sideswipe, Same Direction",no,no,no,no,no,False
102920698,METROPOLITAN NASHVILLE POLICE DEPT,20210141939,Davidson,Not in City Limit,3/11/2021 6:44:00 AM,3,0,0,36.320830,-86.852680,I 24,,,,0.00,,,,,,,35.85,N,Not at Intersection,N,Non-Junction,None,,,         ,Jeanine,Sarno,Cloudy,Front to Rear,no,no,no,no,no,False
102920699,METROPOLITAN NASHVILLE POLICE DEPT,20210142042,Davidson,Nashville,3/11/2021 7:56:00 AM,2,0,0,36.042430,-86.837810,OLD HICKORY BLVD,,,,129.00,Feet,West,DERBY GLEN LN,,,,0.00,N,Not at Intersection, ,Non-Junction,None,,,         ,Gary,Sneed,Cloudy,Front to Rear,no,no,no,no,no,False
102920720,METROPOLITAN NASHVILLE POLICE DEPT,20210142100,Davidson,Not in City Limit,3/11/2021 8:30:00 AM,2,0,0,36.079130,-86.953920,COLEY DAVIS RD,,,,202.00,Feet,South,HIGHWAY 70S,,,,0.00,N,Not at Intersection, ,,None,,,         ,Wesley,Tilley,,,no,no,no,no,no,False
102920732,METROPOLITAN NASHVILLE POLICE DEPT,20210142021,Davidson,Nashville,3/11/2021 7:55:00 AM,2,0,0,36.066670,-86.717940,NORTHCREST DR,,,,0.00,,,NOLENSVILLE PKE,,,,0.00,Y,Four-Way, ,,None,,,         ,Tyler,Heckaman,,,no,no,no,no,no,False
102920754,METROPOLITAN NASHVILLE POLICE DEPT,20210142195,Davidson,Nashville,3/11/2021 9:45:00 AM,2,0,0,36.206310,-86.773560,I65 N ENT RAMP,,,,0.00,,,W TRINITY LN,,,,0.00,Y,OTHER, ,,None,,,         ,Joshua,Baker,,,no,no,no,no,no,False
102920755,METROPOLITAN NASHVILLE POLICE DEPT,20210140298,Davidson,Nashville,3/10/2021 2:24:00 PM,2,3,0,36.077250,-86.733510,HARDING PL,,,,100.00,Feet,East,OVERCREST DR,,,,0.00,N,Not at Intersection,N,Non-Junction,None,,,         ,Earl,Davis,Clear,HeadOn,no,no,no,no,no,False
102920773,METROPOLITAN NASHVILLE POLICE DEPT,20210141971,Davidson,Not in City Limit,3/11/2021 7:00:00 AM,1,0,0,36.053150,-86.985490,MCCRORY LN,,,,170.00,Feet,West,POPLAR CREEK RD,,,,0.00,N,Not at Intersection,N,Non-Junction,None,,,         ,Curtis,Rich,Cloudy,Not Collision with Motor Vehicle in Transport,no,no,no,no,no,False
102920786,GOODLETTSVILLE POLICE DEPT,21-06864,Davidson,Goodlettsville,3/11/2021 9:30:00 AM,1,0,0,36.324210,-86.709100,E CEDAR ST,,,,492.00,Feet,East,CARTWRIGHT ST,,,,0.00,N,Not at Intersection,N,Non-Junction,None,,,         ,George,Henry,Cloudy,Not Collision with Motor Vehicle in Transport,no,no,no,no,no,False
102920787,METROPOLITAN NASHVILLE POLICE DEPT,2021-0142182,Davidson,Nashville,3/11/2021 8:30:00 AM,2,0,0,36.161010,-86.793330,EXIT 209A,,,,30.00,Feet,North,US HWY 70,,,,0.00,N,Not at Intersection, ,Non-Junction,None,,,         ,Jean,McCormack,Clear,"Sideswipe, Same Direction",no,no,no,no,no,False
102920791,METROPOLITAN NASHVILLE POLICE DEPT,20210142351,Davidson,Nashville,3/11/2021 11:06:00 AM,2,0,0,36.045620,-86.706430,OLD HICKORY BLVD,,,,0.00,,,HICKORY VALLEY CONDOS PVTDR,,,,0.00,Y,T-Intersection,N,Intersection,None,,,         ,Joe,Hooper,Cloudy,Angle,no,no,no,no,yes,False
102920804,GOODLETTSVILLE POLICE DEPT,21-06814,Davidson,Goodlettsville,3/10/2021 5:36:00 PM,4,0,0,36.306560,-86.698670,VIETNAM VETERANS BLVDN,,,,521.00,Feet,East,VIETNAM VETERANS BLVD NB EXT R,,,,0.00,N,Not at Intersection,N,Non-Junction,None,,,         ,Alexander,Bardill,Clear,Front to Rear,no,no,no,no,no,False
102920809,METROPOLITAN NASHVILLE POLICE DEPT,20210142314,Davidson,Nashville,3/11/2021 10:45:00 AM,2,1,0,36.110960,-86.745900,THOMPSON LN,,,,0.00,,,ELIZABETH ST,,,,0.00,Y,T-Intersection,N,Intersection-Related,None,,,         ,D’Mitri,Mackall,Clear,"Sideswipe, Same Direction",no,no,no,no,no,False
102920827,METROPOLITAN NASHVILLE POLICE DEPT,20210142426,Davidson,Nashville,3/11/2021 11:42:00 AM,2,0,0,36.107370,-86.812930,HILLSBORO PKE,,,,75.00,Feet,South,GREEN HILLS VILLAGE DR,,,,0.00,N,Not at Intersection, ,Non-Junction,None,,,         ,Earl,Davis,Cloudy,Front to Rear,no,no,no,no,no,False
102920852,METROPOLITAN NASHVILLE POLICE DEPT,20210142435,Davidson,Nashville,3/11/2021 12:00:00 PM,2,1,0,36.145750,-86.871160,CHARLOTTE PKE,,,,181.00,Feet,West,WESTBORO DR,,,,0.00,N,Not at Intersection,N,Non-Junction,None,,,         ,Curtis,Rich,Cloudy,Front to Rear,no,no,no,no,no,False
102920864,METROPOLITAN NASHVILLE POLICE DEPT,20210139999,Davidson,Madison,3/10/2021 11:42:00 AM,2,2,1,36.262820,-86.680970,STATE RT 45,,,,0.00,,,RIO VISTA DR,,,,0.00,Y,Four-Way,N,Intersection,None,,,         ,Donald,Davidson,Clear,Angle,no,no,no,no,no,False
102920883,METROPOLITAN NASHVILLE POLICE DEPT,20210142416,Davidson,Nashville,3/11/2021 11:25:00 AM,2,0,0,36.185880,-86.798070,I65 S EXT RAMP,,,,0.00,,,I 65,,,,0.00,Y,Y-Intersection, ,,None,,,         ,Isaac,Wood,,,no,no,no,no,no,False
102920918,METROPOLITAN NASHVILLE POLICE DEPT,20210142523,Davidson,Antioch,3/11/2021 1:02:00 PM,2,0,0,36.016580,-86.617700,FIRESTONE PKWY,,,,514.00,Feet,West,GOULD BLVD,,,,0.00,N,Not at Intersection, ,Non-Junction,None,,,         ,Joe,Hooper,Cloudy,Angle,no,no,no,no,no,False
102920926,METROPOLITAN NASHVILLE POLICE DEPT,20210142462,Davidson,Nashville,3/11/2021 12:10:00 PM,2,0,0,36.165400,-86.764180,I 24,,,,0.00,,,,,,,49.00,N,Not at Intersection,N,Non-Junction,None,,,         ,Marvin,Williams,,"Sideswipe, Same Direction",no,no,no,no,no,False
102920944,METROPOLITAN NASHVILLE POLICE DEPT,20210142511,Davidson,Nashville,3/11/2021 12:41:00 PM,2,0,0,36.065640,-86.812730,GRANNY WHITE PKE,,,,0.00,,,OTTER CREEK RD,,,,0.00,Y,Four-Way, ,Intersection,None,,,         ,Earl,Davis,Clear,Angle,no,no,no,no,no,False
102920948,METROPOLITAN NASHVILLE POLICE DEPT,20210140008,Davidson,Nashville,3/10/2021 11:46:00 AM,2,2,0,36.157370,-86.779710,DEMONBREUN ST,,,,0.00,,,7TH AVS,,,,0.00,Y,T-Intersection,N,Non-Junction,None,,,         ,Michael,Douglas,Clear,Front to Rear,no,no,no,no,no,False
102920954,METROPOLITAN NASHVILLE POLICE DEPT,20210142565,Davidson,Nashville,3/11/2021 1:22:00 PM,2,0,0,36.104280,-86.870240,POST RD,,,,0.00,,,SEDBERRY RD,,,,0.00,Y,T-Intersection, ,,None,,,         ,Curtis,Rich,,,no,no,no,no,no,False
102920960,METROPOLITAN NASHVILLE POLICE DEPT,20210142597,Davidson,Nashville,3/11/2021 1:41:00 PM,1,0,0,36.115870,-86.784520,I 440,,,,0.00,,,,,,,4.30,N,Not at Intersection,N,Non-Junction,None,,,         ,Nicholas,Smith,Clear,Not Collision with Motor Vehicle in Transport,no,no,no,no,no,False
102920961,METROPOLITAN NASHVILLE POLICE DEPT,20210142552,Davidson,Not in City Limit,3/11/2021 1:16:00 PM,1,1,0,36.054210,-86.988000,MCCRORY LN,,,,101.00,Feet,East,RUSSELL RD,,,,0.00,N,Not at Intersection,N,Non-Junction,None,,,         ,Wesley,Tilley,Clear,Not Collision with Motor Vehicle in Transport,no,no,no,no,no,False
102920968,METROPOLITAN NASHVILLE POLICE DEPT,20210142600,Davidson,Nashville,3/11/2021 1:46:00 PM,2,0,0,36.114670,-86.772930,I 65,,,,0.00,,,,,,,80.10,N,Not at Intersection, ,,None,,,         ,D’Mitri,Mackall,,,no,no,no,no,no,False
102920981,METROPOLITAN NASHVILLE POLICE DEPT,20210142653,Davidson,Nashville,3/11/2021 2:19:00 PM,2,0,0,36.177330,-86.605110,I40 E EXT RAMP,,,,205.00,Feet,South,I40 W ENT RAMP,,,,0.00,N,Not at Intersection, ,,None,,,         ,Michael,Brooks,,,no,no,no,no,no,False
102920983,METROPOLITAN NASHVILLE POLICE DEPT,20210142538,Davidson,Nashville,3/11/2021 1:09:00 PM,2,1,0,36.082100,-86.761700,HARDING PL,,,,0.00,,,SIDCO DR,,,,0.00,Y,Four-Way,N,Intersection,None,,,         ,Earl,Davis,Clear,Angle,no,no,no,no,no,False
102920992,METROPOLITAN NASHVILLE POLICE DEPT,20210142605,Davidson,Nashville,3/11/2021 1:15:00 PM,2,0,0,36.157460,-86.802050,CHARLOTTE AV,,,,189.00,Feet,West,19TH AVN,,,,0.00,N,Not at Intersection, ,Non-Junction,None,,,         ,Isaac,Wood,,"Sideswipe, Opposite Direction",no,no,no,yes,yes,False
102921027,METROPOLITAN NASHVILLE POLICE DEPT,20210142749,Davidson,Nashville,3/11/2021 3:06:00 PM,2,0,0,36.193520,-86.743940,GALLATIN AV,,,,49.00,Feet,South,STRAIGHTWAY AV,,,,0.00,N,Not at Intersection,N,Non-Junction,None,,,         ,Randy,Puckett,Clear,Front to Rear,no,no,no,no,yes,False
102921037,BELLE MEADE POLICE DEPT,21-0055,Davidson,Belle Meade,3/11/2021 1:15:00 PM,3,2,0,36.122100,-86.851600,HARDING PKE,,,,50.00,Feet,West,LYNNWOOD BLVD,,,,0.00,N,Not at Intersection,N,Non-Junction,None,,,         ,Wes,Bowker,Clear,Front to Rear,no,no,no,no,no,False
102921089,METROPOLITAN NASHVILLE POLICE DEPT,20210142842,Davidson,Nashville,3/11/2021 1:50:00 PM,2,0,0,36.151130,-86.769250,LAFAYETTE ST,,,,11.00,Feet,South,I40 E EXT RAMP,,,,0.00,N,Not at Intersection,N,Non-Junction,None,,,         ,Douglas,Mann,Clear,Front to Rear,no,no,no,no,no,False
102921120,METROPOLITAN NASHVILLE POLICE DEPT,20210142916,Davidson,Goodlettsville,3/11/2021 4:06:00 PM,2,0,0,36.298790,-86.700590,GLANCY ST,,,,129.00,Feet,West,RIVERGATE PKWY,,,,0.00,N,Not at Intersection, ,Non-Junction,None,,,         ,Brandon,Lopez,Cloudy,Angle,no,no,no,no,no,False
102921146,METROPOLITAN NASHVILLE POLICE DEPT,20210142919,Davidson,Nashville,3/11/2021 4:35:00 PM,2,0,0,36.221970,-86.761570,DICKERSON PKE,,,,105.00,Feet,North,HART LN,,,,0.00,N,Not at Intersection,N,Non-Junction,None,,,         ,Justen,Ogle,Clear,Front to Rear,no,no,no,no,yes,False
102921160,METROPOLITAN NASHVILLE POLICE DEPT,20210142930,Davidson,Nashville,3/11/2021 4:48:00 PM,2,0,0,36.097660,-86.709510,I 24,,,,0.00,,,,,,,54.75,N,Not at Intersection, ,Non-Junction,None,,,         ,Taylor,Blackwelder,Clear,Angle,no,no,no,no,no,False
102921164,METROPOLITAN NASHVILLE POLICE DEPT,20210142979,Davidson,Nashville,3/11/2021 5:14:00 PM,2,0,0,36.153800,-86.822550,I 440,,,,0.00,,,,,,,1.70,N,Not at Intersection, ,Non-Junction,None,,,         ,Zachary,Plese,Cloudy,Front to Rear,no,no,no,no,no,False
102921166,METROPOLITAN NASHVILLE POLICE DEPT,20210142791,Davidson,Nashville,3/11/2021 3:56:00 PM,3,0,0,36.151130,-86.769250,LAFAYETTE ST,,,,11.00,Feet,South,I40 E EXT RAMP,,,,0.00,N,Not at Intersection, ,Non-Junction,None,,,         ,Douglas,Mann,Clear,Front to Rear,no,no,no,no,no,False
102921173,METROPOLITAN NASHVILLE POLICE DEPT,2021-0142877,Davidson,Nashville,3/11/2021 1:35:00 PM,2,0,0,36.116140,-86.798130,I 440,,,,0.00,,,,,,,3.35,N,Not at Intersection, ,,None,,,         ,William,King,,,no,no,no,no,no,False
102921176,METROPOLITAN NASHVILLE POLICE DEPT,20210142882,Davidson,Nashville,3/11/2021 4:15:00 PM,2,0,0,36.043790,-86.656130,I 24,,,,0.00,,,,,,,59.60,N,Not at Intersection,N,Non-Junction,None,,,         ,Beri,Scott,Clear,Angle,no,no,no,no,yes,False
102921181,METROPOLITAN NASHVILLE POLICE DEPT,20210143006,Davidson,Nashville,3/11/2021 5:15:00 PM,3,0,0,36.142120,-86.822660,I 440,,,,0.00,,,,,,,1.10,N,Not at Intersection,N,Non-Junction,None,,,         ,Jacob,Robbins,Clear,Front to Rear,no,no,no,no,yes,False
102921184,METROPOLITAN NASHVILLE POLICE DEPT,20210142982,Davidson,Nashville,3/11/2021 12:00:00 AM,2,0,0,36.217170,-86.597640,ANDREW JACKSON PKWY,,,,241.00,Feet,South,JACKSON MEADOWS DR,,,,0.00,N,Not at Intersection,N,Non-Junction,None,,,         ,Keenan,McCann,,Angle,no,no,no,no,no,False
102921186,METROPOLITAN NASHVILLE POLICE DEPT,20210142990,Davidson,Nashville,3/11/2021 5:08:00 PM,2,0,0,36.044350,-86.661550,CANE RIDGE RD,,,,0.00,,,TARGET DR,,,,0.00,Y,T-Intersection, ,,None,,,         ,Brian,Sherman,,,no,no,no,no,no,False