master_record_number,agency,agency_tracking_number,county,city,collision_date,vehicles_involved,number_injured,number_dead,latitude,longitude,roadway_name,roadway_suffix,roadway_number,roadway_local_id,distance_from_reference,miles-feet_indicator,direction_from_reference,intersection_road_name,intersection_road_name_suffix,intersection_road_number,intersection_local_id,mile_marker,intersection_indicator,intersect_type,interchange_related_indicator,relation_to_junction,work_zone_type,construction_maintenance_zone,construction_maintenance_zone_location,fatal_case_number,officer_first_name,officer_last_name,weather_condition(s),manner_of_crash,pedestrian,bicycle,scooter,parking,hitrun,mou
102922061,METROPOLITAN NASHVILLE POLICE DEPT,20210145039,Davidson,Nashville,3/12/2021 3:37:00 PM,2,0,0,36.148890,-86.746590,I 40,,,,0.00,,,,,,,211.85,N,Not at Intersection, ,Non-Junction,None,,,         ,Brandon,Chapman,Cloudy,Front to Rear,no,no,no,no,no,False
102922066,METROPOLITAN NASHVILLE POLICE DEPT,20210144968,Davidson,Nashville,3/12/2021 2:42:00 PM,2,0,0,36.148650,-86.807040,24TH AVN,,,,4.00,Feet,South,ELLISTON PL,,,,0.00,N,Not at Intersection, ,Unknown,None,,,         ,Dakota,Davis,Clear,Angle,no,no,no,no,no,Campus
102922071,METROPOLITAN NASHVILLE POLICE DEPT,20210144919,Davidson,Nashville,3/12/2021 2:57:00 PM,2,0,0,36.077750,-86.634450,BELL RD,,,,296.00,Feet,South,BELL RD PVTDR,,,,0.00,N,Not at Intersection,N,Non-Junction,None,,,         ,Robert,Marquez,Rain,Angle,no,no,no,no,no,False
102922072,METROPOLITAN NASHVILLE POLICE DEPT,20210143214,Davidson,Nashville,3/11/2021 6:30:00 PM,2,1,0,36.046460,-86.661240,I 24,,,,0.00,,,,,,,59.25,N,Not at Intersection,Y,Non-Junction,None,,,         ,Nathaniel,Myers,Clear,"Sideswipe, Same Direction",no,no,no,no,no,False
102922074,METROPOLITAN NASHVILLE POLICE DEPT,20210144972,Davidson,Nashville,3/12/2021 3:30:00 PM,2,0,0,36.151310,-86.794230,DIVISION ST,,,,35.00,Feet,East,18TH AVS,,,,0.00,N,Not at Intersection, ,Non-Junction,None,,,         ,Matthew,Hogan,Rain,Angle,no,no,no,no,no,False
102922080,METROPOLITAN NASHVILLE POLICE DEPT,20210145062,Davidson,Nashville,3/12/2021 3:50:00 PM,2,0,0,36.123600,-86.748200,I 440,,,,0.00,,,,,,,6.45,N,Not at Intersection, ,,None,,,         ,John,Walden,,,no,no,no,no,no,False
102922108,METROPOLITAN NASHVILLE POLICE DEPT,20210145087,Davidson,Nashville,3/12/2021 12:00:00 AM,2,0,0,36.136230,-86.629790,BELL RD,,,,0.00,,,REELFOOT DR,,,,0.00,Y,T-Intersection, ,Intersection-Related,None,,,         ,Adam,Gartner,"Cloudy, Rain",Angle,no,no,no,no,no,False
102922109,METROPOLITAN NASHVILLE POLICE DEPT,20210145008,Davidson,Nashville,3/12/2021 2:49:00 PM,2,0,0,36.174170,-86.751250,FATHERLAND ST,,,,217.00,Feet,East,S 10TH ST,,,,0.00,N,Not at Intersection, ,Non-Junction,None,,,         ,Esther,Poysti,Cloudy,Angle,no,no,no,no,no,False
102922115,METROPOLITAN NASHVILLE POLICE DEPT,20210145146,Davidson,Nashville,3/12/2021 3:20:00 PM,2,0,0,36.180010,-86.811010,DR D B TODD JR BLVD,,,,22.00,Feet,South,BUCHANAN ST,,,,0.00,N,Not at Intersection,N,Non-Junction,None,,,         ,Rachel,Susee,"Cloudy, Rain",Front to Rear,no,no,no,no,yes,False
102922128,METROPOLITAN NASHVILLE POLICE DEPT,20210145041,Davidson,Nashville,3/12/2021 12:00:00 AM,2,0,0,36.082120,-86.727100,NOLENSVILLE PKE,,,,183.00,Feet,South,WELSHWOOD DR,,,,0.00,N,Not at Intersection,N,Non-Junction,None,,,         ,Darci,Stechman,Rain,Unknown,no,no,no,no,yes,False
102922133,METROPOLITAN NASHVILLE POLICE DEPT,20210145085,Davidson,Nashville,3/12/2021 3:18:00 PM,2,1,0,36.074780,-86.638080,RURAL HILL RD,,,,200.00,Feet,East,MURFREESBORO PKE,,,,0.00,N,Not at Intersection,N,Non-Junction,None,,,         ,Rami,Rouhi,Cloudy,Front to Rear,no,no,no,no,no,False
102922135,METROPOLITAN NASHVILLE POLICE DEPT,20210145137,Davidson,Nashville,3/12/2021 5:10:00 PM,2,0,0,36.045190,-86.715520,OLD HICKORY BLVD,,,,214.00,Feet,West,BRENTWOOD EAST DR,,,,0.00,N,Not at Intersection,N,Non-Junction,None,,,         ,Damian,Confer,Rain,Angle,no,no,no,no,no,False
102922137,METROPOLITAN NASHVILLE POLICE DEPT,20210145075,Davidson,Nashville,3/12/2021 4:25:00 PM,2,0,0,36.084900,-86.647710,MURFREESBORO PKE,,,,477.00,Feet,North,BROOKSBORO PL,,,,0.00,N,Not at Intersection, ,Non-Junction,None,,,         ,Steven,Bowler,"Cloudy, Rain","Sideswipe, Same Direction",no,no,no,no,no,False
102922140,METROPOLITAN NASHVILLE POLICE DEPT,20210145102,Davidson,Goodlettsville,3/12/2021 4:36:00 PM,2,0,0,36.295430,-86.700490,GALLATIN PKEN,,,,110.00,Feet,South,RIVERGATE STATION PVTDR,,,,0.00,N,Not at Intersection,N,Non-Junction,None,,,         ,Austin,Bowles,Cloudy,Front to Rear,no,no,no,no,no,False
102922141,METROPOLITAN NASHVILLE POLICE DEPT,20210145244,Davidson,Not in City Limit,3/12/2021 5:49:00 PM,2,0,0,36.280780,-86.732760,I 65,,,,0.00,,,,,,,93.40,N,Not at Intersection, ,Non-Junction,None,,,         ,Zachary,Plese,Rain,Front to Rear,no,no,no,no,yes,False
102922152,METROPOLITAN NASHVILLE POLICE DEPT,20210145096,Davidson,Nashville,3/12/2021 2:00:00 PM,2,1,0,36.153500,-86.788040,I 40,,,,0.00,,,,,,,209.30,N,Not at Intersection,N,Non-Junction,None,,,         ,Samuel,Sundra,"Cloudy, Rain","Sideswipe, Same Direction",no,no,no,no,yes,False
102922154,METROPOLITAN NASHVILLE POLICE DEPT,20210145202,Davidson,Not in City Limit,3/12/2021 6:02:00 PM,2,0,0,36.302110,-86.857490,WHITES CREEK PKE,,,,710.00,Feet,North,BEAR HOLLOW RD,,,,0.00,N,Not at Intersection, ,Non-Junction,None,,,         ,Keegan,Winchell,Rain,"Sideswipe, Opposite Direction",no,no,no,no,yes,False
102922160,METROPOLITAN NASHVILLE POLICE DEPT,20210145297,Davidson,Nashville,3/12/2021 5:40:00 PM,2,0,0,36.144040,-86.778890,8TH AVS,,,,190.00,Feet,North,OLYMPIC ST,,,,0.00,N,Not at Intersection,N,Non-Junction,None,,,         ,Goran,Manojlovic,Rain,"Sideswipe, Same Direction",no,no,no,no,yes,False
102922161,METROPOLITAN NASHVILLE POLICE DEPT,20210145201,Davidson,Nashville,3/12/2021 5:16:00 PM,2,2,0,36.147430,-86.799390,GRAND AV,,,,0.00,,,21ST AVS,,,,0.00,Y,Four-Way,Y,Intersection,None,,,         ,Edin,Plancic,Cloudy,Angle,no,no,no,no,no,Campus
102922162,GOODLETTSVILLE POLICE DEPT,21-06986,Davidson,Goodlettsville,3/12/2021 6:00:00 PM,2,0,0,36.323520,-86.701080,NORTHGATE CIR,,,,0.00,,,CONFERENCE DR,,,,0.00,Y,Four-Way,N,Intersection,None,,,         ,Thomas,Eisenbraun,Rain,Front to Rear,no,no,no,no,no,False
102922163,METROPOLITAN NASHVILLE POLICE DEPT,20210145258,Davidson,Nashville,3/12/2021 5:31:00 PM,2,0,0,36.120830,-86.703590,MURFREESBORO PKE,,,,0.00,,,GLENGARRY DR,,,,0.00,Y,Four-Way,N,Intersection,None,,,         ,Eric,Laury,Clear,Angle,no,no,no,no,yes,False
102922171,METROPOLITAN NASHVILLE POLICE DEPT,20210145133,Davidson,Nashville,3/12/2021 4:57:00 PM,1,1,0,36.058160,-86.661260,MOSS RD,,,,518.00,Feet,West,WINTON DR,,,,0.00,N,Not at Intersection,N,Non-Junction,None,,,         ,Cameron,VanLierop,Cloudy,Not Collision with Motor Vehicle in Transport,no,no,no,no,no,False
102922173,METROPOLITAN NASHVILLE POLICE DEPT,20210145097,Davidson,Madison,3/12/2021 12:00:00 AM,2,1,0,36.262300,-86.711370,E OLD HICKORY BLVD,,,,250.00,Feet,East,GALLATIN PKES,,,,0.00,N,Not at Intersection,Y,Non-Junction,None,,,         ,Amanda,Topping,Rain,Front to Rear,no,no,no,no,yes,False
102922176,METROPOLITAN NASHVILLE POLICE DEPT,20210144933,Davidson,Nashville,3/12/2021 3:15:00 PM,2,0,0,36.199360,-86.688580,BRILEY PKWYS,,,,0.00,Feet,,BRILEY PKWY S EXT RAMP,,,,0.00,Y,T-Intersection, ,Intersection,None,,,         ,Joel,Bennett,Clear,Angle,no,no,no,yes,no,False
102922177,METROPOLITAN NASHVILLE POLICE DEPT,20210145178,Davidson,Nashville,3/12/2021 12:00:00 AM,3,1,0,36.120700,-86.807970,LOMBARDY AV,,,,0.00,,,SHARONDALE DR,,,,0.00,Y,Four-Way,N,Intersection,None,,,         ,Darci,Stechman,Cloudy,Front to Rear,no,no,no,no,yes,False
102922181,METROPOLITAN NASHVILLE POLICE DEPT,20210145273,Davidson,Nashville,3/12/2021 6:00:00 PM,2,1,0,36.177580,-86.799390,10TH AVN,,,,0.00,Feet,East,GARFIELD ST,,,,0.00,N,Not at Intersection,Y,Non-Junction,None,,,         ,Rachel,Susee,Rain,Angle,no,no,no,no,no,False
102922185,METROPOLITAN NASHVILLE POLICE DEPT,20210145254,Davidson,Nashville,3/12/2021 5:55:00 PM,2,0,0,36.248110,-86.721600,DUE WEST AVW,,,,369.00,Feet,West,GALLATIN PKES,,,,0.00,N,Not at Intersection, ,OtherLocation,None,,,         ,Destiny,Zunic,Rain,Angle,no,no,no,no,no,False
102922186,METROPOLITAN NASHVILLE POLICE DEPT,20210145320,Davidson,Nashville,3/12/2021 6:34:00 PM,2,1,0,36.229380,-86.759280,BROADMOOR DR,,,,0.00,,,DICKERSON PKE,,,,0.00,Y,Four-Way,N,Intersection,None,,,         ,Cooper,HIll,Rain,Front to Rear,no,no,no,no,yes,False
102922188,METROPOLITAN NASHVILLE POLICE DEPT,20210145351,Davidson,Nashville,3/12/2021 6:45:00 PM,1,0,0,36.184210,-86.798060,ROSA L PARKS BLVD,,,,128.00,Feet,North,I65 N ENT RAMP,,,,0.00,N,Not at Intersection, ,Non-Junction,None,,,         ,Jackson,Sanders,Cloudy,Not Collision with Motor Vehicle in Transport,yes,no,no,no,no,False
102922190,METROPOLITAN NASHVILLE POLICE DEPT,20210145230,Davidson,Nashville,3/12/2021 5:42:00 PM,2,2,0,36.091780,-86.685280,HARDING PL,,,,0.00,,,MCGAVOCK PKE,,,,0.00,Y,T-Intersection,N,Intersection,None,,,         ,Dillon,Gann,Rain,HeadOn,no,no,no,no,no,False
102922198,METROPOLITAN NASHVILLE POLICE DEPT,20210145256,Davidson,Nashville,3/12/2021 5:29:00 PM,2,1,0,36.050730,-86.646910,BELL RD,,,,0.00,,,HICKORY HOLLOW TER,,,,0.00,Y,Four-Way,N,Intersection,None,,,         ,Nathaniel,Myers,Rain,Angle,no,no,no,no,no,False
102922209,METROPOLITAN NASHVILLE POLICE DEPT,20210145183,Davidson,Nashville,3/12/2021 5:21:00 PM,1,0,0,36.106410,-86.922250,OLD HICKORY BLVD,,,,0.00,,,TOLBERT RD,,,,0.00,Y,T-Intersection,N,Intersection-Related,None,,,         ,Brandon,Pedigo,Cloudy,Not Collision with Motor Vehicle in Transport,no,no,no,no,no,False
102922214,METROPOLITAN NASHVILLE POLICE DEPT,20210145311,Davidson,Not in City Limit,3/12/2021 6:10:00 PM,2,0,0,36.195700,-86.966810,RIVER ROAD PKE,,,,125.00,Feet,West,OLD RIVER RD,,,,0.00,N,Not at Intersection,N,Non-Junction,None,,,         ,Ryan,Papp,Clear,"Sideswipe, Opposite Direction",no,no,no,no,no,False
102922216,METROPOLITAN NASHVILLE POLICE DEPT,20210145456,Davidson,Nashville,3/12/2021 7:53:00 PM,2,1,0,36.175860,-86.772080,I 24,,,,0.00,,,,,,,48.00,N,Not at Intersection,N,Non-Junction,None,,,         ,Gabriel,Vasquez,Rain,Front to Rear,no,no,no,no,no,False
102922228,METROPOLITAN NASHVILLE POLICE DEPT,20210145103,Davidson,Not in City Limit,3/12/2021 12:45:00 PM,2,0,0,36.275200,-86.816960,LICKTON PKE,,,,608.00,Feet,North,OLD HICKORY BLVD,,,,0.00,N,Not at Intersection, ,Non-Junction,None,,,         ,Keegan,Winchell,Cloudy,Rear to Rear,no,no,no,yes,no,False
102922230,METROPOLITAN NASHVILLE POLICE DEPT,20210145222,Davidson,Not in City Limit,3/12/2021 5:41:00 PM,3,5,0,36.286120,-86.808880,I 24,,,,0.00,,,,,,,39.75,N,Not at Intersection,N,Non-Junction,None,,,         ,Cressie,Prill,"Smog/Smoke, Rain",Front to Rear,no,no,no,no,no,False
102922231,METROPOLITAN NASHVILLE POLICE DEPT,20210145334,Davidson,Nashville,3/12/2021 6:40:00 PM,2,1,0,36.134280,-86.779090,WEDGEWOOD AV,,,,0.00,,,8TH AVS,,,,0.00,Y,Four-Way,N,Intersection,None,,,         ,Cory,Stratton,Rain,HeadOn,no,no,no,no,no,False
102922232,METROPOLITAN NASHVILLE POLICE DEPT,20210145387,Davidson,Antioch,3/12/2021 7:12:00 PM,2,0,0,36.009150,-86.621710,OLD HICKORY BLVD,,,,0.00,Feet,,OCTOBER WOODS DR,,,,0.00,Y,Four-Way, ,Intersection,None,,,         ,Nathaniel,Myers,Rain,Angle,no,no,no,no,no,False
102922242,GOODLETTSVILLE POLICE DEPT,21-06991,Davidson,Goodlettsville,3/12/2021 7:15:00 PM,3,0,0,36.304360,-86.700960,RIVERGATE MALL PVTDR,,,,0.00,Feet,East,RIVERGATE PKWY,,,,0.00,N,Not at Intersection, ,Non-Junction,None,,,         ,Zachary,Scannell,Rain,Angle,no,no,no,no,yes,False
102922252,METROPOLITAN NASHVILLE POLICE DEPT,20210145221,Davidson,Not in City Limit,3/12/2021 5:39:00 PM,3,1,0,36.308570,-86.822330,I 24,,,,0.00,,,,,,,38.00,N,Not at Intersection,N,Non-Junction,None,,,         ,Gabriel,Centeno,Rain,Front to Rear,no,no,no,no,no,False
102922254,METROPOLITAN NASHVILLE POLICE DEPT,20210145463,Davidson,Nashville,3/12/2021 7:55:00 PM,2,0,0,36.075010,-86.662540,UNA ANTIOCH PKE,,,,0.00,,,BILLINGSGATE RD,,,,0.00,Y,T-Intersection, ,Intersection,None,,,         ,Steven,Bowler,"Cloudy, Rain",Angle,no,no,no,no,no,False
102922258,METROPOLITAN NASHVILLE POLICE DEPT,20210145523,Davidson,Nashville,3/12/2021 8:00:00 PM,2,0,0,36.150760,-86.784380,12TH AVS,,,,112.00,Feet,South,DIVISION ST,,,,0.00,N,Not at Intersection, ,Non-Junction,None,,,         ,Michael,Moss,Rain,"Sideswipe, Same Direction",no,no,no,no,no,False
102922260,METROPOLITAN NASHVILLE POLICE DEPT,20210145312,Davidson,Nashville,3/12/2021 12:00:00 AM,2,0,0,36.139500,-86.700200,KNIGHTS OF COLUMBUS BLVD,,,,0.00,,,I40 E ENT RAMP,,,,0.00,Y,Four-Way,N,Intersection-Related,None,,,         ,Adam,Gartner,"Cloudy, Rain",Angle,no,no,no,no,yes,False
102922261,METROPOLITAN NASHVILLE POLICE DEPT,20210145408,Davidson,Nashville,3/12/2021 12:00:00 AM,2,0,0,36.139320,-86.700310,BRILEY PKWY,,,,69.00,Feet,South,KAREN DR,,,,0.00,N,Not at Intersection,N,Non-Junction,None,,,         ,Adam,Gartner,"Cloudy, Rain",HeadOn,no,no,no,no,yes,False
102922284,METROPOLITAN NASHVILLE POLICE DEPT,20210145519,Davidson,Nashville,3/12/2021 8:32:00 PM,2,1,0,36.093500,-86.725670,GRUBBS RD,,,,49.00,Feet,South,WOODSON LN,,,,0.00,N,Not at Intersection,N,Non-Junction,None,,,         ,Dillon,Gann,Rain,Front to Rear,no,no,no,no,no,False
102922300,METROPOLITAN NASHVILLE POLICE DEPT,20210145533,Davidson,Nashville,3/12/2021 8:45:00 PM,1,1,0,36.134740,-86.784080,WEDGEWOOD AV,,,,0.00,Feet,West,HILLSIDE AV,,,,0.00,N,Not at Intersection,N,Non-Junction,None,,,         ,Matthew,Hogan,Rain,Not Collision with Motor Vehicle in Transport,no,no,no,no,no,False
102922301,TENNESSEE STATE UNIVERSITY ,21-TSU-08643,Davidson,Nashville,3/12/2021 12:00:00 AM,3,0,0,36.170070,-86.817450,W HEIMAN ST,,,,0.00,,,W H DAVIS DR,,,,0.00,Y,OTHER, ,Non-Junction,None,,,         ,Harold,Taylor,Clear,Rear to Rear,no,no,no,yes,yes,False
102922303,METROPOLITAN NASHVILLE POLICE DEPT,20210145366,Davidson,Not in City Limit,3/12/2021 6:50:00 PM,2,1,0,36.263830,-86.704500,STATE RT 45,,,,12.00,Feet,West,DELAWARE AV,,,,0.00,N,Not at Intersection,N,Non-Junction,None,,,         ,Amanda,Topping,Rain,Angle,no,no,no,no,no,False
102922312,METROPOLITAN NASHVILLE POLICE DEPT,20210145619,Davidson,Nashville,3/12/2021 9:36:00 PM,2,0,0,36.154630,-86.779160,8TH AVS,,,,0.00,,,LAFAYETTE ST,,,,0.00,Y,Roundabout, ,Non-Junction,None,,,         ,Michael,Douglas,Rain,Angle,no,no,no,no,no,False
102922327,METROPOLITAN NASHVILLE POLICE DEPT,20210145673,Davidson,Nashville,3/12/2021 10:03:00 PM,1,0,0,36.186620,-86.804080,9TH AVN,,,,4.00,Feet,North,DOMINICAN DR,,,,0.00,N,Not at Intersection,N,Non-Junction,None,,,         ,Lucas,Thomas,Cloudy,Not Collision with Motor Vehicle in Transport,no,no,no,no,no,False
102922333,METROPOLITAN NASHVILLE POLICE DEPT,20210145642,Davidson,Nashville,3/12/2021 9:50:00 PM,1,0,0,36.084310,-86.734440,ELYSIAN FIELDS RD,,,,231.00,Feet,West,LYNN DR,,,,0.00,N,Not at Intersection,N,Non-Junction,None,,,         ,Brady,Reynolds,Clear,Not Collision with Motor Vehicle in Transport,no,no,no,no,yes,False
102922350,METROPOLITAN NASHVILLE POLICE DEPT,20210145717,Davidson,Nashville,3/12/2021 10:54:00 PM,2,0,0,36.189640,-86.816600,25TH AVN,,,,325.00,Feet,South,26TH AVN,,,,0.00,N,Not at Intersection,N,Non-Junction,None,,,         ,Joel,Bennett,Rain,HeadOn,no,no,no,no,no,False
102922355,METROPOLITAN NASHVILLE POLICE DEPT,20210145695,Davidson,Nashville,3/12/2021 10:29:00 PM,2,0,0,36.167150,-86.779610,3RD AVN,,,,0.00,,,JAMES ROBERTSON PKWY,,,,0.00,Y,Four-Way,N,Intersection-Related,None,,,         ,Nicolas,Pernell,Rain,Angle,no,no,no,no,no,False
102922359,METROPOLITAN NASHVILLE POLICE DEPT,20210145711,Davidson,Not in City Limit,3/12/2021 10:15:00 PM,2,0,0,36.268340,-86.756160,DICKERSON PKE,,,,0.00,,,BELL GRIMES LN,,,,0.00,Y,T-Intersection,N,Non-Junction,None,,,         ,Jonathon,Sheppard,Rain,"Sideswipe, Opposite Direction",no,no,no,no,no,False
102922366,METROPOLITAN NASHVILLE POLICE DEPT,20210145777,Davidson,Nashville,3/12/2021 11:30:00 PM,2,0,0,36.082100,-86.761700,HARDING PL,,,,0.00,,,SIDCO DR,,,,0.00,Y,Four-Way,Y,Intersection,None,,,         ,Brian,Quigley,Rain,Angle,no,no,no,no,no,False
102922385,METROPOLITAN NASHVILLE POLICE DEPT,20210145977,Davidson,Nashville,3/13/2021 1:08:00 AM,1,0,0,36.054920,-86.636570,ZELIDA AV,,,,1.00,Feet,West,HAMILTON CHURCH RD,,,,0.00,N,Not at Intersection,N,Non-Junction,None,,,         ,Garrett,Reingardt,Clear,Not Collision with Motor Vehicle in Transport,no,no,no,no,yes,False
102922389,METROPOLITAN NASHVILLE POLICE DEPT,20210145932,Davidson,Nashville,3/13/2021 12:35:00 AM,2,0,0,36.154700,-86.779790,8TH AVS,,,,0.00,Feet,East,PALMER PL,,,,0.00,N,Not at Intersection, ,Non-Junction,None,,,         ,Tim,Le,Cloudy,Angle,no,no,no,no,no,False
102922394,METROPOLITAN NASHVILLE POLICE DEPT,20210145987,Davidson,Nashville,3/13/2021 12:08:00 AM,2,0,0,36.049150,-86.665830,I 24,,,,0.00,,,,,,,59.00,N,Not at Intersection,N,Non-Junction,None,,,         ,Kaleigh,Pearce,Clear,"Sideswipe, Same Direction",no,no,no,no,yes,False
102922397,METROPOLITAN NASHVILLE POLICE DEPT,20210145935,Davidson,Nashville,3/13/2021 12:45:00 AM,1,1,0,36.196060,-86.775590,I 65,,,,0.00,,,,,,,86.60,N,Not at Intersection,N,Non-Junction,None,,,         ,Matthew,Jankiewicz,Clear,Not Collision with Motor Vehicle in Transport,no,no,no,no,no,False
102922398,METROPOLITAN NASHVILLE POLICE DEPT,20210145782,Davidson,Nashville,3/12/2021 11:30:00 PM,1,1,0,36.203760,-86.753930,EDWIN ST,,,,400.00,Feet,South,E TRINITY LN,,,,0.00,N,Not at Intersection,N,Non-Junction,None,,,         ,Jarrett,Ipox,Rain,Not Collision with Motor Vehicle in Transport,no,no,no,no,no,False
102922402,METROPOLITAN NASHVILLE POLICE DEPT,20210145985,Davidson,Nashville,3/13/2021 1:11:00 AM,2,2,0,36.191830,-86.781760,I 65,,,,0.00,,,,,,,86.20,N,Not at Intersection,N,Non-Junction,None,,,         ,Joel,Bennett,Rain,Front to Rear,no,no,no,no,no,False
102922403,METROPOLITAN NASHVILLE POLICE DEPT,20210146068,Davidson,Nashville,3/13/2021 1:32:00 AM,2,0,0,36.152080,-86.753420,I 40,,,,0.00,,,,,,,211.40,N,Not at Intersection, ,,None,,,         ,Dallas,Johnson,,,no,no,no,no,no,False
102922407,METROPOLITAN NASHVILLE POLICE DEPT,20210145767,Davidson,Nashville,3/12/2021 11:24:00 PM,2,2,0,36.067910,-86.623100,OWENDALE DR,,,,0.00,Feet,,CALAIS CIR,,,,0.00,Y,Four-Way,N,Intersection-Related,None,,,         ,Holly,Davis,Rain,Angle,no,no,no,no,yes,False
102922438,METROPOLITAN NASHVILLE POLICE DEPT,20210146056,Davidson,Nashville,3/13/2021 2:10:00 AM,1,1,0,36.052710,-86.673730,TUSCULUM RD,,,,186.00,Feet,West,BLUE HOLE RD,,,,0.00,N,Not at Intersection,N,Non-Junction,None,,,         ,Kevin,Breeding,Rain,Not Collision with Motor Vehicle in Transport,no,no,no,no,no,False
102922451,METROPOLITAN NASHVILLE POLICE DEPT,20210144802,Davidson,Not in City Limit,3/12/2021 1:39:00 PM,2,1,0,36.081750,-86.957050,I40 W EXT RAMP,,,,0.00,,,I 40,,,,0.00,Y,OTHER,Y,Intersection,None,,,         ,Jack,Crouch,Cloudy,Angle,no,no,no,no,no,False
102922460,METROPOLITAN NASHVILLE POLICE DEPT,20210145200,Davidson,Nashville,3/12/2021 5:30:00 PM,1,1,0,36.160950,-86.777150,4TH AVS,,,,29.00,Feet,South,4TH AVN,,,,0.00,N,Not at Intersection,N,Non-Junction,None,,,         ,Kelcey,Bell,Cloudy,Not Collision with Motor Vehicle in Transport,yes,no,no,no,no,False
102922471,METROPOLITAN NASHVILLE POLICE DEPT,20210146299,Davidson,Nashville,3/13/2021 6:42:00 AM,2,2,0,36.183080,-86.609910,OLD HICKORY BLVD,,,,293.00,Feet,East,DODSON CHAPEL RD,,,,0.00,N,Not at Intersection,N,Non-Junction,None,,,         ,Ian,Hammond,Rain,Angle,no,no,no,no,no,False
102922480,METROPOLITAN NASHVILLE POLICE DEPT,20210146332,Davidson,Nashville,3/13/2021 6:40:00 AM,1,0,0,36.151360,-86.751140,I 40,,,,0.00,,,,,,,211.50,N,Not at Intersection,N,Non-Junction,None,,,         ,Mark,Sydenstricker,Rain,Not Collision with Motor Vehicle in Transport,no,no,no,no,no,False
102922484,METROPOLITAN NASHVILLE POLICE DEPT,20210146311,Davidson,Nashville,3/13/2021 6:48:00 AM,2,1,0,36.173140,-86.769580,I 24,,,,0.00,,,,,,,48.20,N,Not at Intersection,N,Non-Junction,None,,,         ,Philip,Claibourne,Rain,"Sideswipe, Same Direction",no,no,no,no,no,False
102922494,METROPOLITAN NASHVILLE POLICE DEPT,20210146335,Davidson,Nashville,3/13/2021 6:50:00 AM,1,0,0,36.105850,-86.718410,I 24,,,,0.00,,,,,,,54.00,N,Not at Intersection, ,Non-Junction,None,,,         ,Joseph,Hurst,Rain,Not Collision with Motor Vehicle in Transport,no,no,no,no,no,False
102922512,METROPOLITAN NASHVILLE POLICE DEPT,20210146306,Davidson,Nashville,3/13/2021 5:40:00 AM,2,0,0,36.125860,-86.752590,GLENROSE AV,,,,0.00,Feet,,NOLENSVILLE PKE,,,,0.00,Y,T-Intersection,N,Non-Junction,None,,,         ,James,Thomas,Rain,Angle,no,no,no,no,no,False
102922513,METROPOLITAN NASHVILLE POLICE DEPT,20210146388,Davidson,Nashville,3/13/2021 7:55:00 AM,2,0,0,36.188940,-86.746110,GALLATIN AV,,,,125.00,Feet,South,SHARPE AV,,,,0.00,N,Not at Intersection,N,Non-Junction,None,,,         ,Jackson,Sanders,"Cloudy, Rain","Sideswipe, Same Direction",no,no,no,no,no,False
102922521,METROPOLITAN NASHVILLE POLICE DEPT,20210146370,Davidson,Nashville,3/13/2021 7:42:00 AM,2,0,0,36.045600,-86.658470,I24 W EXT RAMP,,,,0.00,,,I 24,,,,0.00,Y,Four-Way, ,Intersection,None,,,         ,Gregory,Dixon,Rain,Angle,no,no,no,no,no,False
102922529,METROPOLITAN NASHVILLE POLICE DEPT,20210146329,Davidson,Nashville,3/13/2021 7:01:00 AM,1,0,0,36.138850,-86.727250,I24E,,,,328.00,Feet,West,I24 W ENT RAMP,,,,0.00,N,Not at Intersection,N,Non-Junction,None,,,         ,Marcus,Darden,Rain,Not Collision with Motor Vehicle in Transport,no,no,no,no,no,False
102922543,METROPOLITAN NASHVILLE POLICE DEPT,20210146409,Davidson,Nashville,3/13/2021 8:30:00 AM,1,1,0,36.148840,-86.762470,WHARF AV,,,,0.00,,,CHARLES E DAVIS BLVD,,,,0.00,Y,Four-Way,N,Intersection,None,,,         ,Patrick,Lancaster,"Cloudy, Rain",Not Collision with Motor Vehicle in Transport,no,no,no,no,no,False
102922549,METROPOLITAN NASHVILLE POLICE DEPT,20210146497,Davidson,Nashville,3/13/2021 10:10:00 AM,2,0,0,36.206960,-86.776420,I 65,,,,0.00,,,,,,,87.35,N,Not at Intersection, ,,None,,,         ,Steven,Meador,,,no,no,no,no,no,False
102922575,METROPOLITAN NASHVILLE POLICE DEPT,20210146496,Davidson,Nashville,3/13/2021 10:13:00 AM,2,0,0,36.182590,-86.847780,CAMILLA CALDWELL LN,,,,0.00,,,COUNTY HOSPITAL RD,,,,0.00,Y,T-Intersection,N,Intersection-Related,None,,,         ,Royce,McLester,"Cloudy, Rain",Angle,no,no,no,no,no,False
102922601,METROPOLITAN NASHVILLE POLICE DEPT,20210146563,Davidson,Nashville,3/13/2021 11:18:00 AM,2,0,0,36.073420,-86.724450,NOLENSVILLE PKE,,,,0.00,Feet,East,PROVIDENCE HTS,,,,0.00,N,Not at Intersection, ,Non-Junction,None,,,         ,Cecelia,Brown,Clear,Front to Rear,no,no,no,no,no,False
102922602,METROPOLITAN NASHVILLE POLICE DEPT,20210146562,Davidson,Nashville,3/13/2021 11:00:00 AM,2,0,0,36.081960,-86.761320,HARDING PL,,,,123.00,Feet,East,SIDCO DR,,,,0.00,N,Not at Intersection, ,Non-Junction,None,,,         ,Tony,Folad,Rain,Front to Rear,no,no,no,no,yes,False