master_record_number,agency,agency_tracking_number,county,city,collision_date,vehicles_involved,number_injured,number_dead,latitude,longitude,roadway_name,roadway_suffix,roadway_number,roadway_local_id,distance_from_reference,miles-feet_indicator,direction_from_reference,intersection_road_name,intersection_road_name_suffix,intersection_road_number,intersection_local_id,mile_marker,intersection_indicator,intersect_type,interchange_related_indicator,relation_to_junction,work_zone_type,construction_maintenance_zone,construction_maintenance_zone_location,fatal_case_number,officer_first_name,officer_last_name,weather_condition(s),manner_of_crash,pedestrian,bicycle,scooter,parking,hitrun,mou
102922621,METROPOLITAN NASHVILLE POLICE DEPT,20210146538,Davidson,Nashville,3/13/2021 10:54:00 AM,2,2,0,36.157110,-86.774670,KOREAN VETERANS BLVD,,,,0.00,,,4TH AVS,,,,0.00,Y,Four-Way,N,Intersection,None,,,         ,Johnathan,Carlisle,Cloudy,Front to Rear,no,no,no,no,no,False
102922629,METROPOLITAN NASHVILLE POLICE DEPT,20210146635,Davidson,Goodlettsville,3/13/2021 12:19:00 PM,2,1,0,36.305340,-86.688050,GALLATIN PKEN,,,,218.00,Feet,West,NORTHSIDE FESTIVAL PVTDR,,,,0.00,N,Not at Intersection,N,Non-Junction,None,,,         ,Ian,Wilson,Clear,Front to Rear,no,no,no,no,no,False
102922630,METROPOLITAN NASHVILLE POLICE DEPT,20210146599,Davidson,Nashville,3/13/2021 11:49:00 AM,2,1,0,36.244430,-86.822760,WHITES CREEK PKE,,,,664.00,Feet,North,PARMLEY LN,,,,0.00,N,Not at Intersection,N,Non-Junction,None,,,         ,Ryan,Worstall,Rain,"Sideswipe, Opposite Direction",no,no,no,no,no,False
102922664,METROPOLITAN NASHVILLE POLICE DEPT,20210146623,Davidson,Nashville,3/13/2021 12:00:00 AM,2,0,0,36.138950,-86.793980,16TH AVS,,,,537.00,Feet,North,MAGNOLIA BLVD,,,,0.00,N,Not at Intersection,N,Non-Junction,None,,,         ,William,Caillouette,Unknown,"Sideswipe, Same Direction",no,no,no,no,yes,False
102922670,METROPOLITAN NASHVILLE POLICE DEPT,20210146582,Davidson,Nashville,3/13/2021 11:28:00 AM,2,1,0,36.238530,-86.740960,BRILEY PKWYE,,,,5.00,Feet,West,BRILEY PKWY E EXT RAMP,,,,0.00,N,Not at Intersection,N,Non-Junction,None,,,         ,Miles,Posey,Rain,Front to Rear,no,no,no,no,yes,False
102922679,METROPOLITAN NASHVILLE POLICE DEPT,20210146644,Davidson,Nashville,3/13/2021 12:37:00 PM,2,0,0,36.116890,-86.915440,I 40,,,,0.00,,,,,,,199.80,N,Not at Intersection,N,Non-Junction,None,,,         ,Jack,Crouch,Cloudy,"Sideswipe, Same Direction",no,no,no,no,yes,False
102922690,METROPOLITAN NASHVILLE POLICE DEPT,20210146669,Davidson,Nashville,3/13/2021 12:50:00 PM,2,1,0,36.193970,-86.767300,DOUGLAS AV,,,,44.00,Feet,East,MERIDIAN ST,,,,0.00,N,Not at Intersection,N,Non-Junction,None,,,         ,Rachel,Susee,Rain,Angle,no,no,no,no,yes,False
102922694,METROPOLITAN NASHVILLE POLICE DEPT,20210146654,Davidson,Nashville,3/13/2021 12:47:00 PM,2,0,0,36.161700,-86.760500,I 24,,,,0.00,,,,,,,49.35,N,Not at Intersection,N,Non-Junction,None,,,         ,Anna,Clayton,Cloudy,Front to Rear,no,no,no,no,no,False
102922705,METROPOLITAN NASHVILLE POLICE DEPT,20210146692,Davidson,Nashville,3/13/2021 1:00:00 PM,2,0,0,36.080710,-86.726690,NOLENSVILLE PKE,,,,418.00,Feet,North,HARDING PL,,,,0.00,N,Not at Intersection,N,Non-Junction,None,,,         ,Tavin,Emlund,Cloudy,Angle,no,no,no,no,no,False
102922707,METROPOLITAN NASHVILLE POLICE DEPT,20210146637,Davidson,Nashville,3/13/2021 11:40:00 AM,2,0,0,36.080370,-86.727750,NOLENSVILLE PKE,,,,0.00,,,,,,,0.00,,,N,Non-Junction,None,,,         ,Joshua,Belk,Cloudy,Rear to Rear,no,no,no,yes,yes,False
102922730,METROPOLITAN NASHVILLE POLICE DEPT,20210146725,Davidson,Goodlettsville,3/13/2021 2:08:00 PM,3,1,0,36.304600,-86.689140,GALLATIN PKEN,,,,64.00,Feet,West,LIBERTY LN,,,,0.00,N,Not at Intersection,N,Non-Junction,None,,,         ,Ian,Wilson,Cloudy,"Sideswipe, Same Direction",no,no,no,no,no,False
102922737,METROPOLITAN NASHVILLE POLICE DEPT,20210146717,Davidson,Nashville,3/13/2021 12:45:00 PM,3,0,0,36.068340,-86.687470,I24 W EXT RAMP,,,,0.00,Feet,East,I 24,,,,0.00,N,Not at Intersection, ,Entrance/Exit Ramp Related,None,,,         ,Lee,Davis,Cloudy,Front to Rear,no,no,no,no,no,False
102922751,THP District 3 - Nashville,321016721,Davidson,Nashville,3/13/2021 11:39:00 AM,1,0,0,36.240910,-86.750020,I65 S EXT RAMP,,,,0.00,Feet,East,I 65,,,,0.00,N,Not at Intersection,N,Entrance/Exit Ramp Related,None,,,         ,Tyler,Oliphant,Rain,Not Collision with Motor Vehicle in Transport,no,no,no,no,no,False
102922757,METROPOLITAN NASHVILLE POLICE DEPT,20210146777,Davidson,Nashville,3/13/2021 2:59:00 PM,2,0,0,36.175960,-86.813520,23RD AVN,,,,248.00,Feet,South,OSAGE ST,,,,0.00,N,Not at Intersection,N,Non-Junction,None,,,         ,Andrey,Volfson,Cloudy,"Sideswipe, Same Direction",no,no,no,no,yes,False
102922770,METROPOLITAN NASHVILLE POLICE DEPT,20210146744,Davidson,Nashville,3/13/2021 2:38:00 PM,2,0,0,36.063090,-86.637500,BELL RD,,,,88.00,Feet,South,RICE RD,,,,0.00,N,Not at Intersection,N,Non-Junction,None,,,         ,Thomas,Parsons,Rain,Front to Rear,no,no,no,no,no,False
102922795,METROPOLITAN NASHVILLE POLICE DEPT,20210146804,Davidson,Nashville,3/13/2021 3:10:00 PM,2,1,0,36.083100,-86.727400,NOLENSVILLE PKE,,,,112.00,Feet,South,WELCH RD,,,,0.00,N,Not at Intersection,N,Non-Junction,None,,,         ,Darci,Stechman,Fog,"Sideswipe, Same Direction",no,no,no,no,no,False
102922805,BERRY HILL POLICE DEPT,21-0711,Davidson,Berry Hill,3/12/2021 2:58:00 PM,2,2,0,36.111930,-86.762920,THOMPSON LN,,,,0.00,,,E IRIS DR,,,,0.00,Y,Four-Way,N,Intersection-Related,None,,,         ,Steven,Henry Jr.,Rain,Angle,no,no,no,no,no,False
102922817,METROPOLITAN NASHVILLE POLICE DEPT,20210146844,Davidson,Nashville,3/13/2021 3:32:00 PM,2,1,0,36.084830,-86.728190,NOLENSVILLE PKE,,,,0.00,,,PARAGON MILLS RD,,,,0.00,Y,T-Intersection,N,Non-Junction,None,,,         ,Dillon,Gann,Rain,Front to Rear,no,no,no,no,no,False
102922818,METROPOLITAN NASHVILLE POLICE DEPT,20210146833,Davidson,Nashville,3/13/2021 3:14:00 PM,2,2,0,36.055010,-86.642420,THE OVERLOOK PVTDR,,,,3.00,Feet,West,BELL RD,,,,0.00,N,Not at Intersection,N,Non-Junction,None,,,         ,Wayne,Helm,Rain,Angle,no,no,no,no,no,False
102922830,METROPOLITAN NASHVILLE POLICE DEPT,20210146896,Davidson,Nashville,3/13/2021 4:11:00 PM,2,1,0,36.159490,-86.788420,11TH AVN,,,,28.00,Feet,South,CHURCH ST,,,,0.00,N,Not at Intersection,N,Non-Junction,None,,,         ,Benny,Pittman,Cloudy,Front to Rear,no,no,no,no,no,False
102922841,METROPOLITAN NASHVILLE POLICE DEPT,20210146870,Davidson,Not in City Limit,3/13/2021 3:55:00 PM,2,0,0,36.312620,-86.830320,I 24,,,,0.00,,,,,,,37.40,N,Not at Intersection,N,Non-Junction,None,,,         ,Craig,Paschetti,Cloudy,Front to Rear,no,no,no,no,no,False
102922862,METROPOLITAN NASHVILLE POLICE DEPT,20210146873,Davidson,Nashville,3/13/2021 3:57:00 PM,4,5,0,36.231250,-86.699900,BRILEY PKWYN,,,,222.00,Feet,South,MUSIC VALLEY DR,,,,0.00,N,Not at Intersection,N,Non-Junction,None,,,         ,Evan,Grace,Cloudy,Front to Rear,no,no,no,no,no,False
102922880,METROPOLITAN NASHVILLE POLICE DEPT,20210146918,Davidson,Not in City Limit,3/13/2021 4:31:00 PM,1,1,0,36.262640,-86.706520,E OLD HICKORY BLVD,,,,293.00,Feet,East,3RD AV,,,,0.00,N,Not at Intersection,N,Non-Junction,None,,,         ,Derek,Sibley,Rain,Not Collision with Motor Vehicle in Transport,yes,no,no,no,yes,False
102922898,METROPOLITAN NASHVILLE POLICE DEPT,20210146983,Davidson,Nashville,3/13/2021 5:06:00 PM,2,1,0,36.180070,-86.811040,BUCHANAN ST,,,,0.00,,,DR D B TODD JR BLVD,,,,0.00,Y,Four-Way,N,Intersection,None,,,         ,Andrey,Volfson,Cloudy,Angle,no,no,no,no,no,False
102922929,METROPOLITAN NASHVILLE POLICE DEPT,20210146936,Davidson,Not in City Limit,3/13/2021 4:44:00 PM,2,0,0,36.264280,-86.711490,GALLATIN PKEN,,,,0.00,Feet,East,OLD TIME VILLAGE PVTDR,,,,0.00,N,Not at Intersection, ,Non-Junction,None,,,         ,Wesley,Carver,Cloudy,Front to Rear,no,no,no,no,no,False
102922931,METROPOLITAN NASHVILLE POLICE DEPT,20210147022,Davidson,Nashville,3/13/2021 5:28:00 PM,1,0,0,36.153280,-86.764210,I 40,,,,0.00,,,,,,,210.75,N,Not at Intersection, ,Non-Junction,None,,,         ,Michael,Foster,Clear,Not Collision with Motor Vehicle in Transport,no,no,no,no,no,False
102922933,METROPOLITAN NASHVILLE POLICE DEPT,20210146933,Davidson,Not in City Limit,3/13/2021 4:24:00 PM,2,0,0,36.284350,-86.717220,N GRAYCROFT AV,,,,0.00,,,SLAYTON CT,,,,0.00,Y,OTHER,N,Intersection,None,,,         ,Austin,Bowles,Cloudy,Angle,no,no,no,no,yes,False
102922939,METROPOLITAN NASHVILLE POLICE DEPT,20210146973,Davidson,Nashville,3/13/2021 4:40:00 PM,2,0,0,36.212780,-86.691460,BRILEY PKWYN,,,,66.00,Feet,North,BRILEY PKWY N EXT RAMP,,,,0.00,N,Not at Intersection, ,Entrance/Exit Ramp Related,None,,,         ,William,Boler,Clear,Angle,no,no,no,no,no,False
102922941,METROPOLITAN NASHVILLE POLICE DEPT,20210147112,Davidson,Nashville,3/13/2021 6:00:00 PM,2,0,0,36.153830,-86.787440,I40 W EXT RAMP,,,,0.00,Feet,East,I 40,,,,0.00,N,Not at Intersection, ,Non-Junction,None,,,         ,Cory,Stratton,Clear,Front to Rear,no,no,no,no,yes,False
102922956,METROPOLITAN NASHVILLE POLICE DEPT,20210146971,Davidson,Nashville,3/13/2021 4:30:00 PM,2,0,0,36.204110,-86.689680,BRILEY PKWYS,,,,262.00,Feet,South,OPRYLAND DR,,,,0.00,N,Not at Intersection,N,Non-Junction,None,,,         ,Donovan,Coble,Clear,"Sideswipe, Same Direction",no,no,no,no,yes,False
102922960,METROPOLITAN NASHVILLE POLICE DEPT,20210147201,Davidson,Nashville,3/13/2021 7:13:00 PM,2,0,0,36.066530,-86.717870,NOLENSVILLE PKE,,,,53.00,Feet,South,NORTHCREST DR,,,,0.00,N,Not at Intersection, ,Non-Junction,None,,,         ,Zachary,Plese,Clear,"Sideswipe, Same Direction",no,no,no,no,no,False
102922986,METROPOLITAN NASHVILLE POLICE DEPT,20210147199,Davidson,Nashville,3/13/2021 6:54:00 PM,2,0,0,36.156810,-86.771900,PEABODY ST,,,,0.00,,East,2ND AVS,,,,0.00,N,Not at Intersection, ,Non-Junction,None,,,         ,Michael,Foster,Clear,"Sideswipe, Same Direction",no,no,no,no,no,False
102923000,METROPOLITAN NASHVILLE POLICE DEPT,20210146957,Davidson,Nashville,3/13/2021 4:50:00 PM,1,1,0,36.209320,-86.851530,HYDESDALE LN,,,,165.00,Feet,West,DRAKE WOOD LN,,,,0.00,N,Not at Intersection,N,Non-Junction,None,,,         ,Alec,Pellissier,Rain,Not Collision with Motor Vehicle in Transport,no,no,no,no,no,False
102923003,METROPOLITAN NASHVILLE POLICE DEPT,20210147298,Davidson,Nashville,3/13/2021 8:19:00 PM,2,0,0,36.114840,-86.724740,I 24,,,,0.00,,,,,,,53.30,N,Not at Intersection,N,Non-Junction,None,,,         ,Dillon,Gann,Clear,"Sideswipe, Same Direction",no,no,no,no,no,False
102923008,METROPOLITAN NASHVILLE POLICE DEPT,20210147236,Davidson,Nashville,3/13/2021 6:27:00 PM,3,0,0,36.149670,-86.795850,19TH AVS,,,,243.00,Feet,South,DIVISION ST,,,,0.00,N,Not at Intersection,N,Non-Junction,None,,,         ,Matthew,Hogan,Clear,Front to Rear,no,no,no,no,no,False
102923024,METROPOLITAN NASHVILLE POLICE DEPT,20210147009,Davidson,Nashville,3/13/2021 5:20:00 PM,2,0,0,36.203940,-86.851540,ASHLAND CITY HWY,,,,320.00,Feet,North,CLINTONDALE DR,,,,0.00,N,Not at Intersection,N,Non-Junction,None,,,         ,Alec,Pellissier,Cloudy,Front to Rear,no,no,no,no,yes,False
102923034,METROPOLITAN NASHVILLE POLICE DEPT,20210147369,Davidson,Goodlettsville,3/13/2021 9:04:00 PM,1,0,0,36.300330,-86.711260,I 65,,,,0.00,,,,,,,95.20,N,Not at Intersection,N,Non-Junction,None,,,         ,Austin,Bowles,Cloudy,Not Collision with Motor Vehicle in Transport,no,no,no,no,no,False
102923046,METROPOLITAN NASHVILLE POLICE DEPT,20210147302,Davidson,Nashville,3/13/2021 8:22:00 PM,2,1,0,36.159570,-86.623320,I 40,,,,0.00,,,,,,,219.40,N,Not at Intersection,N,Non-Junction,None,,,         ,Destiny,Zunic,Cloudy,Front to Rear,no,no,no,no,no,False
102923067,METROPOLITAN NASHVILLE POLICE DEPT,20210147215,Davidson,Nashville,3/13/2021 7:20:00 PM,2,0,0,36.238040,-86.830800,STEVENS LN,,,,0.00,,,CLARKSVILLE PKE,,,,0.00,Y,Four-Way, ,Intersection,None,,,         ,Craig,Paschetti,,Front to Rear,no,no,no,no,yes,False
102923068,METROPOLITAN NASHVILLE POLICE DEPT,20210147278,Davidson,Nashville,3/13/2021 8:01:00 PM,3,1,0,36.153000,-86.857520,I40 W EXT RAMP,,,,0.00,,,BRILEY PKWY,,,,0.00,Y,Four-Way,N,Intersection,None,,,         ,Robert,Crow,Cloudy,Angle,no,no,no,no,no,False
102923079,METROPOLITAN NASHVILLE POLICE DEPT,20210147371,Davidson,Nashville,3/13/2021 9:00:00 PM,2,0,0,36.207010,-86.795530,W TRINITY LN,,,,141.00,Feet,East,FREE SILVER RD,,,,0.00,N,Not at Intersection,N,Non-Junction,None,,,         ,Keegan,Winchell,,Angle,no,no,no,no,yes,False
102923087,METROPOLITAN NASHVILLE POLICE DEPT,20210147409,Davidson,Nashville,3/13/2021 9:35:00 PM,2,0,0,36.154890,-86.779150,8TH AVS,,,,0.00,,,KOREAN VETERANS BLVD,,,,0.00,Y,Roundabout, ,Intersection-Related,None,,,         ,Seth,Quiles,Clear,Front to Rear,no,no,no,no,no,False
102923099,METROPOLITAN NASHVILLE POLICE DEPT,20210147546,Davidson,Nashville,3/13/2021 10:24:00 PM,2,0,0,36.184590,-86.798620,I65 S ENT RAMP,,,,0.00,Feet,East,I 65,,,,0.00,N,Not at Intersection, ,Entrance/Exit Ramp Related,None,,,         ,Dakota,Vermillion,Clear,Front to Rear,no,no,no,no,no,False
102923104,METROPOLITAN NASHVILLE POLICE DEPT,20210147485,Davidson,Nashville,3/13/2021 9:15:00 PM,2,0,0,36.163220,-86.664120,DONELSON PKE,,,,67.00,Feet,North,COLONIAL CIR,,,,0.00,N,Not at Intersection,N,Non-Junction,None,,,         ,Steven,Luckey,,Front to Rear,no,no,no,yes,yes,False
102923105,GOODLETTSVILLE POLICE DEPT,21-06985,Davidson,Goodlettsville,3/12/2021 6:10:00 PM,2,0,0,36.324450,-86.713620,MONCRIEF AV,,,,0.00,,,N MAIN ST,,,,0.00,Y,Four-Way,N,Intersection-Related,None,,,         ,Hallie,Mooney,Rain,HeadOn,no,no,no,no,no,False
102923111,METROPOLITAN NASHVILLE POLICE DEPT,2021-0147244,Davidson,Nashville,3/13/2021 7:20:00 PM,2,1,0,36.170260,-86.803440,16TH AVN,,,,0.00,,,JEFFERSON ST,,,,0.00,Y,T-Intersection,N,Non-Junction,None,,,         ,Hendrik,Kruger,,Angle,no,no,no,no,no,False
102923112,METROPOLITAN NASHVILLE POLICE DEPT,20210147560,Davidson,Nashville,3/13/2021 10:00:00 PM,2,0,0,36.165120,-86.602780,BELL RD,,,,0.00,,,MILLS RD,,,,0.00,Y,T-Intersection,N,Intersection,None,,,         ,Nelson,Hemingway,,Angle,no,no,no,no,no,False
102923118,METROPOLITAN NASHVILLE POLICE DEPT,20210147515,Davidson,Nashville,3/13/2021 10:45:00 PM,1,1,0,36.175930,-86.760600,RAMSEY ST,,,,364.00,Feet,East,N 7TH ST,,,,0.00,N,Not at Intersection,N,Non-Junction,None,,,         ,Matthew,Jankiewicz,Clear,Not Collision with Motor Vehicle in Transport,yes,no,no,yes,no,False
102923119,METROPOLITAN NASHVILLE POLICE DEPT,20210147312,Davidson,Nashville,3/13/2021 9:00:00 PM,1,1,0,36.170250,-86.803430,16TH AVN,,,,4.00,Feet,South,JEFFERSON ST,,,,0.00,N,Not at Intersection,N,Non-Junction,None,,,         ,Hendrik,Kruger,,Not Collision with Motor Vehicle in Transport,yes,no,no,no,no,False
102923120,METROPOLITAN NASHVILLE POLICE DEPT,20210147653,Davidson,Nashville,3/13/2021 11:45:00 PM,2,0,0,36.153220,-86.789180,DEMONBREUN ST,,,,261.00,Feet,West,14TH AVS,,,,0.00,N,Not at Intersection, ,Non-Junction,None,,,         ,Kelsey,Hicks,Clear,"Sideswipe, Same Direction",no,no,no,no,no,False
102923131,METROPOLITAN NASHVILLE POLICE DEPT,20210147651,Davidson,Nashville,3/13/2021 11:51:00 PM,2,1,0,36.205890,-86.768610,E TRINITY LN,,,,0.00,,,DICKERSON PKE,,,,0.00,Y,Four-Way,Y,Intersection,None,,,         ,Matthew,Jankiewicz,Clear,Angle,no,no,no,no,no,False
102923132,METROPOLITAN NASHVILLE POLICE DEPT,20210147537,Davidson,Nashville,3/13/2021 10:53:00 PM,2,0,0,36.247630,-86.715680,DUE WEST AVE,,,,0.00,,,ARGLE AV,,,,0.00,Y,Four-Way,Y,Intersection,None,,,         ,Reuben,Hewit,Unknown,Angle,no,no,no,no,no,False
102923135,METROPOLITAN NASHVILLE POLICE DEPT,20210147544,Davidson,Nashville,3/13/2021 10:45:00 PM,3,1,0,36.127030,-86.804010,BEECHWOOD AV,,,,0.00,,,21ST AVS,,,,0.00,Y,T-Intersection,N,Non-Junction,None,,,         ,Michael,Hodges,Clear,Front to Rear,no,no,no,no,no,False
102923139,METROPOLITAN NASHVILLE POLICE DEPT,20210147708,Davidson,Nashville,3/14/2021 12:32:00 AM,2,1,0,36.094420,-86.653390,MURFREESBORO PKE,,,,0.00,,,FRANKLIN LIMESTONE RD,,,,0.00,Y,T-Intersection,N,Intersection,None,,,         ,Kaleigh,Pearce,Clear,Front to Rear,no,no,no,no,yes,False
102923141,METROPOLITAN NASHVILLE POLICE DEPT,20210147759,Davidson,Nashville,3/14/2021 12:53:00 AM,2,0,0,36.047260,-86.662590,I 24,,,,0.00,,,,,,,59.20,N,Not at Intersection,N,Non-Junction,None,,,         ,Robert,Leverick,Clear,Front to Rear,no,no,no,no,no,False
102923144,METROPOLITAN NASHVILLE POLICE DEPT,20210147204,Davidson,Nashville,3/13/2021 6:30:00 PM,2,0,0,36.173590,-86.602150,CENTRAL PKE,,,,0.00,Feet,,OLD HICKORY BLVD,,,,0.00,Y,Four-Way,N,Intersection,None,,,         ,Mary,Robinson,,Angle,no,no,no,no,no,False
102923148,METROPOLITAN NASHVILLE POLICE DEPT,20210147597,Davidson,Nashville,3/13/2021 11:25:00 PM,2,2,0,36.183350,-86.748570,GALLATIN AV,,,,0.00,,,W EASTLAND AV,,,,0.00,Y,T-Intersection,N,Non-Junction,None,,,         ,Peter,Kinsey,,Angle,no,no,no,no,yes,False
102923150,METROPOLITAN NASHVILLE POLICE DEPT,20210147825,Davidson,Nashville,3/14/2021 1:30:00 AM,2,0,0,36.085980,-86.648150,MURFREESBORO PKE,,,,374.00,Feet,South,NASHBORO BLVD,,,,0.00,N,Not at Intersection,N,Non-Junction,None,,,         ,Alex,DiBernardo,Clear,"Sideswipe, Same Direction",no,no,no,no,yes,False
102923152,METROPOLITAN NASHVILLE POLICE DEPT,20210147818,Davidson,Nashville,3/14/2021 1:44:00 AM,1,1,0,36.193250,-86.750900,DOUGLAS AV,,,,203.00,Feet,East,CLINE AV,,,,0.00,N,Not at Intersection,N,Non-Junction,None,,,         ,Spencer,Arroyo,Clear,Not Collision with Motor Vehicle in Transport,no,no,no,no,no,False
102923155,VANDERBILT UNIVERSITY POLICE,20210147624,Davidson,Nashville,3/13/2021 11:35:00 PM,1,0,0,36.139020,-86.805530,CHILDRENS WAY,,,,134.00,Feet,West,24TH AVS,,,,0.00,N,Not at Intersection,N,OtherLocation,None,,,         ,Orlando,Dixson,Cloudy,Not Collision with Motor Vehicle in Transport,no,no,no,no,no,Campus
102923158,METROPOLITAN NASHVILLE POLICE DEPT,20210147912,Davidson,Nashville,3/14/2021 3:18:00 AM,1,1,0,36.249800,-86.776700,BRICK CHURCH PKE,,,,32.00,Feet,North,NORTHBROOK DR,,,,0.00,N,Not at Intersection,N,Non-Junction,None,,,         ,Nicholas,Berry,Clear,Not Collision with Motor Vehicle in Transport,no,no,no,no,no,False
102923204,METROPOLITAN NASHVILLE POLICE DEPT,20210147994,Davidson,Antioch,3/14/2021 6:35:00 AM,1,0,0,36.010870,-86.686190,STECOAH ST,,,,41.00,Feet,East,CHINOOK DR,,,,0.00,N,Not at Intersection,N,Non-Junction,None,,,         ,Lisa,Beck,Cloudy,Not Collision with Motor Vehicle in Transport,no,no,no,no,no,False
102923206,METROPOLITAN NASHVILLE POLICE DEPT,20210147932,Davidson,Nashville,3/14/2021 4:41:00 AM,2,0,0,36.155730,-86.823120,I440 W EXT RAMP,,,,0.00,Feet,East,I 40,,,,0.00,N,Not at Intersection,N,Entrance/Exit Ramp Related,None,,,         ,Cameron,Schmid,Clear,Not Collision with Motor Vehicle in Transport,no,no,no,no,no,False
102923223,METROPOLITAN NASHVILLE POLICE DEPT,20210148096,Davidson,Nashville,3/14/2021 8:05:00 AM,2,0,0,36.152230,-86.625120,BLACKWOOD DR,,,,13.00,Feet,East,STEWARTS FERRY PKE,,,,0.00,N,Not at Intersection,N,Non-Junction,None,,,         ,Ryan,Sherry,Cloudy,Angle,no,no,no,no,yes,False
102923239,METROPOLITAN NASHVILLE POLICE DEPT,20210148086,Davidson,Not in City Limit,3/14/2021 12:00:00 AM,1,0,0,36.273000,-86.712250,NESBITT LN,,,,526.00,Feet,East,NESBITT LN PVTDR,,,,0.00,N,Not at Intersection,N,Non-Junction,None,,,         ,Michelle,Steidl,Cloudy,Not Collision with Motor Vehicle in Transport,no,no,no,no,yes,False
102923280,METROPOLITAN NASHVILLE POLICE DEPT,20210148094,Davidson,Nashville,3/14/2021 8:04:00 AM,2,2,0,36.066560,-86.636650,MORRIS GENTRY BLVD,,,,0.00,,,BELL RD,,,,0.00,Y,T-Intersection,Y,Intersection,None,,,         ,Jason,Hees,Clear,HeadOn,no,no,no,no,no,False
102923327,METROPOLITAN NASHVILLE POLICE DEPT,20210148243,Davidson,Nashville,3/14/2021 10:25:00 AM,2,0,0,36.140840,-86.732570,I 40,,,,0.00,,,,,,,213.00,N,Not at Intersection, ,Non-Junction,Maintenance Zone,,,         ,Patrick,Lancaster,Cloudy,Front to Rear,no,no,no,no,no,False
102923403,METROPOLITAN NASHVILLE POLICE DEPT,20210148402,Davidson,Nashville,3/14/2021 12:00:00 AM,2,0,0,36.161090,-86.845910,TENNESSEE AV,,,,158.00,Feet,East,49TH AVN,,,,0.00,N,Not at Intersection,N,Non-Junction,None,,,         ,Darren,Key,Cloudy,Unknown,no,no,no,no,yes,False
102923427,METROPOLITAN NASHVILLE POLICE DEPT,20210148418,Davidson,Nashville,3/14/2021 1:45:00 PM,1,0,0,36.238100,-86.783070,I24 W EXT RAMP,,,,0.00,Feet,East,BRILEY PKWYE,,,,0.00,N,Not at Intersection,N,Non-Junction,None,,,         ,Ricki,Armstrong,Clear,Not Collision with Motor Vehicle in Transport,no,no,no,no,no,False
102923442,METROPOLITAN NASHVILLE POLICE DEPT,20210148454,Davidson,Nashville,3/14/2021 12:00:00 AM,2,0,0,36.175310,-86.798260,ARTHUR AV,,,,0.00,,,CHEATHAM PL,,,,0.00,Y,Four-Way,N,Intersection,None,,,         ,Julie,Nabors,Cloudy,Angle,no,no,no,no,no,False
102923467,METROPOLITAN NASHVILLE POLICE DEPT,210148357,Davidson,Nashville,3/14/2021 12:06:00 PM,2,0,0,36.158690,-86.760450,I 24,,,,0.00,,,,,,,49.55,N,Not at Intersection,N,Non-Junction,None,,,         ,Harold,Wells,Cloudy,Front to Rear,no,no,no,no,no,False
102923487,METROPOLITAN NASHVILLE POLICE DEPT,20210148533,Davidson,Not in City Limit,3/14/2021 3:24:00 PM,2,0,0,36.263250,-86.711860,GALLATIN PKEN,,,,67.00,Feet,North,STATE RT 45,,,,0.00,N,Not at Intersection, ,Non-Junction,None,,,         ,Forrest,Punke,Cloudy,"Sideswipe, Same Direction",no,no,no,no,yes,False
102923519,METROPOLITAN NASHVILLE POLICE DEPT,20210148530,Davidson,Lakewood,3/14/2021 3:18:00 PM,2,2,0,36.239250,-86.630640,OLD HICKORY BLVD,,,,253.00,Feet,West,LAKESHORE DR,,,,0.00,N,Not at Intersection,N,Non-Junction,None,,,         ,Cheri,Cox,Clear,HeadOn,no,no,no,no,no,False
102923538,METROPOLITAN NASHVILLE POLICE DEPT,20210147790,Davidson,Nashville,3/14/2021 1:12:00 AM,2,0,0,36.169650,-86.682970,FAIRWAY DR,,,,0.00,,,,,,,0.00,,,N,Non-Junction,None,,,         ,Amy,Hirschmann,Clear,Rear to Rear,no,no,no,yes,yes,False
102923546,METROPOLITAN NASHVILLE POLICE DEPT,20210148640,Davidson,Nashville,3/14/2021 4:35:00 PM,2,0,0,36.043930,-86.693300,BROOK VIEW ESTATES DR,,,,0.00,,,BELL RD,,,,0.00,Y,Four-Way, ,,None,,,         ,Brian,Sherman,,,no,no,no,no,no,False
102923547,VANDERBILT UNIVERSITY POLICE,20210147310,Davidson,Nashville,3/13/2021 7:00:00 PM,1,0,0,36.139780,-86.798980,SOUTH DR,,,,0.00,,,,,,,0.00,,, ,Non-Junction,None,,,         ,V,Greene,Clear,Not Collision with Motor Vehicle in Transport,no,no,no,yes,no,Campus
102923584,METROPOLITAN NASHVILLE POLICE DEPT,20210148643,Davidson,Nashville,3/14/2021 3:00:00 AM,2,0,0,36.201080,-86.758310,CHICKASAW AV,,,,0.00,Feet,East,JONES AV,,,,0.00,N,Not at Intersection,N,Non-Junction,None,,,         ,Justen,Ogle,Unknown,Not Collision with Motor Vehicle in Transport,no,no,no,yes,yes,False
102923600,METROPOLITAN NASHVILLE POLICE DEPT,20210148550,Davidson,Nashville,3/14/2021 12:00:00 AM,3,0,0,36.157700,-86.759850,I 24,,,,0.00,,,,,,,49.60,N,Not at Intersection,N,Non-Junction,None,,,         ,Maccio,Hightower,Clear,Front to Rear,no,no,no,no,no,False
102923608,METROPOLITAN NASHVILLE POLICE DEPT,20210148701,Davidson,Nashville,3/14/2021 5:07:00 PM,2,0,0,36.134280,-86.778780,WEDGEWOOD AV,,,,92.00,Feet,East,8TH AVS,,,,0.00,N,Not at Intersection, ,Non-Junction,None,,,         ,Travis,Pemberton,Cloudy,Front to Rear,no,no,no,no,no,False