master_record_number,agency,agency_tracking_number,county,city,collision_date,vehicles_involved,number_injured,number_dead,latitude,longitude,roadway_name,roadway_suffix,roadway_number,roadway_local_id,distance_from_reference,miles-feet_indicator,direction_from_reference,intersection_road_name,intersection_road_name_suffix,intersection_road_number,intersection_local_id,mile_marker,intersection_indicator,intersect_type,interchange_related_indicator,relation_to_junction,work_zone_type,construction_maintenance_zone,construction_maintenance_zone_location,fatal_case_number,officer_first_name,officer_last_name,weather_condition(s),manner_of_crash,pedestrian,bicycle,scooter,parking,hitrun,mou
102923610,METROPOLITAN NASHVILLE POLICE DEPT,20210148661,Davidson,Nashville,3/14/2021 5:01:00 PM,2,3,0,36.153300,-86.772180,4TH AVS,,,,0.00,,,ELM ST,,,,0.00,Y,OTHER,Y,Intersection,None,,,         ,Gabriel,Vasquez,Clear,Angle,no,no,no,no,no,False
102923612,METROPOLITAN NASHVILLE POLICE DEPT,20210148608,Davidson,Nashville,3/14/2021 4:20:00 PM,6,1,0,36.040350,-86.669390,ARBOR CREST BLVD,,,,352.00,Feet,East,ARBOR KNOLL BLVD,,,,0.00,N,Not at Intersection,N,Non-Junction,None,,,         ,Luis,Pena,Cloudy,Other,no,no,no,yes,no,False
102923613,METROPOLITAN NASHVILLE POLICE DEPT,20210148666,Davidson,Nashville,3/14/2021 5:05:00 PM,2,0,0,36.184350,-86.748130,GALLATIN AV,,,,136.00,Feet,South,CHICAMAUGA AV,,,,0.00,N,Not at Intersection,N,Non-Junction,None,,,         ,Kelsey,Hemminger,Clear,Angle,no,no,no,no,no,False
102923630,METROPOLITAN NASHVILLE POLICE DEPT,20210148740,Davidson,Nashville,3/14/2021 6:05:00 PM,2,0,0,36.116740,-86.719230,EAST THOMPSON LN,,,,252.00,Feet,South,OLD GLENROSE AV,,,,0.00,N,Not at Intersection,N,Non-Junction,None,,,         ,Steven,Bowler,Cloudy,Front to Rear,no,no,no,no,yes,False
102923631,METROPOLITAN NASHVILLE POLICE DEPT,20210148789,Davidson,Nashville,3/14/2021 6:17:00 PM,2,0,0,36.135110,-86.779020,8TH AVS,,,,302.00,Feet,North,WEDGEWOOD AV,,,,0.00,N,Not at Intersection,N,Non-Junction,None,,,         ,Gabriel,Vasquez,Clear,"Sideswipe, Opposite Direction",no,no,no,no,yes,False
102923648,METROPOLITAN NASHVILLE POLICE DEPT,20210148747,Davidson,Nashville,3/14/2021 6:17:00 PM,2,0,0,36.070230,-86.693850,EZELL RD,,,,230.00,Feet,North,HAYWOOD LN,,,,0.00,N,Not at Intersection, ,Non-Junction,None,,,         ,Keith,Parlato,Clear,Angle,no,no,no,no,no,False
102923654,METROPOLITAN NASHVILLE POLICE DEPT,20210148811,Davidson,Nashville,3/14/2021 7:00:00 PM,2,0,0,36.167190,-86.759820,SYLVAN ST,,,,37.00,Feet,West,S 6TH ST,,,,0.00,N,Not at Intersection,N,Non-Junction,None,,,         ,Kelsey,Hemminger,Clear,Other,no,no,no,no,yes,False
102923710,METROPOLITAN NASHVILLE POLICE DEPT,20210148782,Davidson,Nashville,3/14/2021 12:00:00 AM,2,0,0,36.256400,-86.714280,GALLATIN PKES,,,,83.00,Feet,North,NEELYS BEND RD,,,,0.00,N,Not at Intersection, ,Non-Junction,None,,,         ,Amanda,Topping,Cloudy,"Sideswipe, Same Direction",no,no,no,no,no,False
102923711,METROPOLITAN NASHVILLE POLICE DEPT,20210148735,Davidson,Nashville,3/14/2021 6:05:00 PM,3,2,0,36.045200,-86.700140,BELL RD,,,,455.00,Feet,East,OLD HICKORY BLVD,,,,0.00,N,Not at Intersection,N,Non-Junction,None,,,         ,Thomas,Parsons,Clear,HeadOn,no,no,no,no,no,False
102923745,METROPOLITAN NASHVILLE POLICE DEPT,20210148825,Davidson,Nashville,3/14/2021 7:36:00 PM,2,0,0,36.069970,-86.685630,HAYWOOD LN,,,,0.00,Feet,East,BAKERTOWN RD,,,,0.00,N,Not at Intersection,N,Non-Junction,None,,,         ,Cameron,VanLierop,Clear,"Sideswipe, Opposite Direction",no,no,no,no,no,False
102923763,METROPOLITAN NASHVILLE POLICE DEPT,20210148713,Davidson,Goodlettsville,3/14/2021 5:42:00 PM,2,0,0,36.300990,-86.694440,GALLATIN PKEN,,,,138.00,Feet,East,SHEPHERD HILLS DR,,,,0.00,N,Not at Intersection, ,Non-Junction,None,,,         ,Wesley,Carver,Clear,Front to Rear,no,no,no,no,no,False
102923813,METROPOLITAN NASHVILLE POLICE DEPT,20210148950,Davidson,Nashville,3/14/2021 9:35:00 PM,2,2,0,36.212410,-86.691360,BRILEY PKWYN,,,,72.00,Feet,South,BRILEY PKWY N EXT RAMP,,,,0.00,N,Not at Intersection,N,Non-Junction,None,,,         ,Brandon,Chapman,,Front to Rear,no,no,no,no,yes,False
102923824,METROPOLITAN NASHVILLE POLICE DEPT,20210148939,Davidson,Nashville,3/14/2021 9:26:00 PM,1,1,0,36.175010,-86.784680,JEFFERSON ST,,,,0.00,,,3RD AVN,,,,0.00,Y,Four-Way,Y,Intersection,None,,,         ,Gabriel,Vasquez,Clear,Not Collision with Motor Vehicle in Transport,yes,no,no,no,no,False
102923833,METROPOLITAN NASHVILLE POLICE DEPT,20210148976,Davidson,Nashville,3/14/2021 10:14:00 PM,1,0,0,36.052770,-86.674100,TUSCULUM RD,,,,166.00,Feet,East,SHACKLETT LANE CT,,,,0.00,N,Not at Intersection,N,Non-Junction,None,,,         ,Nadine,Klemenz,Clear,Not Collision with Motor Vehicle in Transport,no,no,no,no,yes,False
102923837,METROPOLITAN NASHVILLE POLICE DEPT,20210148941,Davidson,Nashville,3/14/2021 9:27:00 PM,1,1,0,36.136560,-86.727190,I 24,,,,0.00,,,,,,,51.25,N,Not at Intersection,Y,Entrance/Exit Ramp Related,None,,,         ,Taylor,Blackwelder,Clear,Unknown,no,no,no,no,no,False
102923848,THP District 3 - Nashville,321015656,Davidson,Nashville,3/8/2021 4:10:00 PM,2,0,0,36.179910,-86.800460,I 65,,,,0.00,,,,,,,85.00,N,Not at Intersection, ,Non-Junction,None,,,         ,Alexander,Campbell,Clear,"Sideswipe, Same Direction",no,no,no,no,no,False
102923850,METROPOLITAN NASHVILLE POLICE DEPT,20210148933,Davidson,Nashville,3/14/2021 9:20:00 PM,2,0,0,36.175300,-86.681580,SELMA AV,,,,0.00,,,FAIRWAY DR,,,,0.00,Y,Four-Way,N,Intersection,None,,,         ,Donovan,Coble,Clear,Angle,no,no,no,no,no,False
102923857,METROPOLITAN NASHVILLE POLICE DEPT,20210148999,Davidson,Nashville,3/14/2021 10:45:00 PM,2,1,0,36.169490,-86.806520,JEFFERSON ST,,,,30.00,Feet,East,DR D B TODD JR BLVD,,,,0.00,N,Not at Intersection,N,Non-Junction,None,,,         ,Bobby,Samuels,Clear,Front to Rear,no,no,no,no,no,False
102923862,METROPOLITAN NASHVILLE POLICE DEPT,20210148206,Davidson,Nashville,3/14/2021 5:33:00 AM,1,1,0,36.151800,-86.795610,BROADWAY,,,,136.00,Feet,South,18TH AVS,,,,0.00,N,Not at Intersection,N,Non-Junction,None,,,         ,Sierra,Walker,Clear,Not Collision with Motor Vehicle in Transport,no,no,no,no,no,False
102923903,METROPOLITAN NASHVILLE POLICE DEPT,20210149054,Davidson,Nashville,3/14/2021 10:53:00 PM,2,0,0,36.165260,-86.595150,HERMITAGE PARK DR,,,,761.00,Feet,West,LAKE PKWY,,,,0.00,N,Not at Intersection,N,Non-Junction,None,,,         ,Andrew,Richey,,Angle,no,no,no,no,no,False
102923912,METROPOLITAN NASHVILLE POLICE DEPT,20210149216,Davidson,Nashville,3/15/2021 1:50:00 AM,4,0,0,36.151700,-86.795720,BROADWAY,,,,183.00,Feet,South,18TH AVS,,,,0.00,N,Not at Intersection,N,Non-Junction,None,,,         ,Kelsey,Hicks,Clear,Front to Rear,no,no,no,no,yes,False
102923931,METROPOLITAN NASHVILLE POLICE DEPT,20210149370,Davidson,Nashville,3/15/2021 4:53:00 AM,1,1,0,36.143060,-86.651540,ELM HILL PKE,,,,134.00,Feet,West,NEILWORTH LN,,,,0.00,N,Not at Intersection,N,Non-Junction,None,,,         ,Randall,Ward,,Not Collision with Motor Vehicle in Transport,no,no,no,no,no,False
102923949,METROPOLITAN NASHVILLE POLICE DEPT,20210149442,Davidson,Nashville,3/15/2021 6:10:00 AM,1,0,0,36.186000,-86.629150,CENTRAL PKE,,,,590.00,Feet,West,STONERS BEND DR,,,,0.00,N,Not at Intersection,N,Non-Junction,None,,,         ,Nelson,Hemingway,,Not Collision with Motor Vehicle in Transport,no,no,no,no,no,False
102923964,METROPOLITAN NASHVILLE POLICE DEPT,20210149460,Davidson,Nashville,3/15/2021 6:20:00 AM,2,0,0,36.104480,-86.814920,HILLSBORO PKE,,,,250.00,Feet,South,RICHARD JONES RD,,,,0.00,N,Not at Intersection, ,Non-Junction,None,,,         ,Earl,Davis,Cloudy,"Sideswipe, Same Direction",no,no,no,no,no,False
102923965,METROPOLITAN NASHVILLE POLICE DEPT,20210148994,Davidson,Nashville,3/14/2021 10:43:00 PM,4,7,2,36.064790,-86.628480,HAMILTON CHURCH RD,,,,0.00,,,MURFREESBORO PKE,,,,0.00,Y,Four-Way,N,Intersection,None,,,         ,Ryan,Allen,Clear,Angle,no,no,no,no,yes,False
102923977,METROPOLITAN NASHVILLE POLICE DEPT,20210149466,Davidson,Not in City Limit,3/15/2021 12:00:00 AM,1,0,0,36.307640,-86.820760,I 24,,,,0.00,,,,,,,38.05,N,Not at Intersection,N,Non-Junction,None,,,         ,Gregory,Scott,Unknown,Not Collision with Motor Vehicle in Transport,no,no,no,no,yes,False
102923982,METROPOLITAN NASHVILLE POLICE DEPT,20210149505,Davidson,Nashville,3/15/2021 7:19:00 AM,2,0,0,36.153930,-86.857490,URBANDALE AV,,,,0.00,,,BRILEY PKWYS,,,,0.00,Y,Four-Way, ,Intersection,None,,,         ,Curtis,Rich,Cloudy,Front to Rear,no,no,no,no,no,False
102924000,METROPOLITAN NASHVILLE POLICE DEPT,20210149508,Davidson,Not in City Limit,3/15/2021 7:30:00 AM,2,0,0,36.285710,-86.807320,I 24,,,,0.00,,,,,,,39.85,N,Not at Intersection,N,Non-Junction,None,,,         ,Joshua,Goepper,Cloudy,Front to Rear,no,no,no,no,no,False
102924021,METROPOLITAN NASHVILLE POLICE DEPT,20210149477,Davidson,Nashville,3/15/2021 12:00:00 AM,5,0,0,36.039160,-86.667270,ARBOR CREST BLVD,,,,129.00,Feet,South,ARBOR KNOLL BLVD,,,,0.00,N,Not at Intersection,N,Non-Junction,None,,,         ,Gregory,Dixon,Unknown,Angle,no,no,no,yes,yes,False
102924024,METROPOLITAN NASHVILLE POLICE DEPT,20210149610,Davidson,Nashville,3/15/2021 8:43:00 AM,2,0,0,36.206270,-86.773480,I65 N ENT RAMP,,,,0.00,,,W TRINITY LN,,,,0.00,Y,T-Intersection, ,Entrance/Exit Ramp Related,None,,,         ,William,Coy,Cloudy,"Sideswipe, Same Direction",no,no,no,no,no,False
102924035,METROPOLITAN NASHVILLE POLICE DEPT,20210149714,Davidson,Nashville,3/15/2021 9:54:00 AM,2,0,0,36.144560,-86.739340,I 40,,,,0.00,,,,,,,212.35,N,Not at Intersection, ,Non-Junction,None,,,         ,Michael,Dance,Cloudy,Front to Rear,no,no,no,no,no,False
102924037,METROPOLITAN NASHVILLE POLICE DEPT,20210149593,Davidson,Nashville,3/15/2021 8:31:00 AM,2,2,0,36.078610,-86.745220,HARDING PL,,,,0.00,,,DANBY DR,,,,0.00,Y,Four-Way,N,Intersection,None,,,         ,Earl,Davis,Cloudy,Angle,no,no,no,no,no,False
102924039,METROPOLITAN NASHVILLE POLICE DEPT,20210149639,Davidson,Nashville,3/15/2021 6:54:00 AM,2,0,0,36.135800,-86.725040,MURFREESBORO PKE,,,,0.00,,,SPENCE LN,,,,0.00,Y,Four-Way,N,Intersection-Related,None,,,         ,Brian,Penny,Rain,Front to Rear,no,no,no,no,no,False
102924041,METROPOLITAN NASHVILLE POLICE DEPT,20210149684,Davidson,Nashville,3/15/2021 9:30:00 AM,1,0,0,36.173880,-86.768050,JAMES ROBERTSON PKWY ENT RAMP,,,,0.00,Feet,East,I 24,,,,0.00,N,Not at Intersection,N,Entrance/Exit Ramp Related,None,,,         ,Brandon,Evans,Cloudy,Not Collision with Motor Vehicle in Transport,no,no,no,no,no,False
102924044,METROPOLITAN NASHVILLE POLICE DEPT,20210149664,Davidson,Nashville,3/15/2021 8:01:00 AM,2,0,0,36.147430,-86.758690,LEWIS ST,,,,43.00,Feet,South,LAFAYETTE ST,,,,0.00,N,Not at Intersection, ,,None,,,         ,Tavin,Emlund,,,no,no,no,no,no,False
102924071,METROPOLITAN NASHVILLE POLICE DEPT,20210148421,Davidson,Nashville,3/14/2021 1:58:00 PM,2,0,0,36.154770,-86.779420,US HWY 41,,,,0.00,,,US HWY 31,,,,0.00,Y,Roundabout,N,Intersection,None,,,         ,Alex,Moore,Clear,Angle,no,no,no,no,no,False
102924073,METROPOLITAN NASHVILLE POLICE DEPT,20210148449,Davidson,Nashville,3/14/2021 1:55:00 PM,2,0,0,36.151980,-86.848290,CHARLOTTE AV,,,,84.00,Feet,East,51ST AVN,,,,0.00,N,Not at Intersection, ,Non-Junction,None,,,         ,Gerry,Hutcheson,Cloudy,Angle,no,no,no,no,no,False
102924074,METROPOLITAN NASHVILLE POLICE DEPT,20210149746,Davidson,Nashville,3/15/2021 10:15:00 AM,2,1,0,36.084160,-86.705890,LINBAR DR,,,,0.00,,,HARDING PL,,,,0.00,Y,Four-Way,N,Intersection,None,,,         ,Stanley,Collins,Rain,Angle,no,no,no,no,no,False
102924075,METROPOLITAN NASHVILLE POLICE DEPT,20210149479,Davidson,Nashville,3/15/2021 6:40:00 AM,10,0,0,36.049830,-86.667000,I 24,,,,0.00,,,,,,,58.85,N,Not at Intersection,N,Non-Junction,None,,,         ,Joseph,Hurst,Clear,Not Collision with Motor Vehicle in Transport,no,no,no,no,yes,False
102924095,METROPOLITAN NASHVILLE POLICE DEPT,20210149846,Davidson,Not in City Limit,3/15/2021 12:00:00 AM,1,0,0,36.177870,-86.989240,CUB CREEK RD,,,,0.68,Miles,West,CUB CREEK RD PVTDR,,,,0.00,N,Not at Intersection,N,Non-Junction,None,,,         ,Curtis,Rich,Rain,Not Collision with Motor Vehicle in Transport,no,no,no,no,yes,False
102924113,METROPOLITAN NASHVILLE POLICE DEPT,20210149986,Davidson,Nashville,3/15/2021 12:26:00 PM,2,0,0,36.074820,-86.759160,BLACKMAN RD,,,,0.00,,,TROUSDALE DR,,,,0.00,Y,T-Intersection, ,Intersection-Related,None,,,         ,Earl,Davis,Rain,Front to Rear,no,no,no,no,no,False
102924118,METROPOLITAN NASHVILLE POLICE DEPT,20210150002,Davidson,Nashville,3/15/2021 12:30:00 PM,2,0,0,36.137880,-86.726760,I 24,,,,0.00,,,,,,,52.35,N,Not at Intersection, ,Non-Junction,None,,,         ,Michael,Dance,"Cloudy, Rain",Front to Rear,no,no,no,no,no,False
102924119,METROPOLITAN NASHVILLE POLICE DEPT,20210149812,Davidson,Nashville,3/15/2021 12:00:00 AM,2,0,0,36.241260,-86.771000,LEONDALE TER,,,,152.00,Feet,West,STOCKDALE LN,,,,0.00,N,Not at Intersection, ,,None,,,         ,Chase,Carter,,,yes,no,no,no,no,False
102924125,THP District 3 - Nashville,321017059,Davidson,Nashville,3/15/2021 8:51:00 AM,3,0,0,36.039730,-86.649640,I 24,,,,0.00,,,,,,,60.05,N,Not at Intersection, ,Non-Junction,None,,,         ,Christopher,Langley,Clear,Front to Rear,no,no,no,no,no,False
102924137,METROPOLITAN NASHVILLE POLICE DEPT,20210149871,Davidson,Nashville,3/15/2021 12:00:00 AM,2,0,0,36.175270,-86.792660,MONROE ST,,,,0.00,,,ROSA L PARKS BLVD,,,,0.00,Y,Four-Way,N,Intersection,None,,,         ,Julie,Nabors,"Cloudy, Rain",Angle,no,no,no,no,yes,False
102924146,METROPOLITAN NASHVILLE POLICE DEPT,2021015007,Davidson,Nashville,3/15/2021 12:00:00 PM,2,0,0,36.138170,-86.889720,I 40,,,,0.00,,,,,,,201.85,N,Not at Intersection, ,Non-Junction,None,,,         ,Curtis,Rich,"Cloudy, Rain","Sideswipe, Same Direction",no,no,no,no,no,False
102924148,METROPOLITAN NASHVILLE POLICE DEPT,20210150052,Davidson,Nashville,3/15/2021 12:41:00 PM,2,0,0,36.134280,-86.778910,WEDGEWOOD AV,,,,45.00,Feet,East,8TH AVS,,,,0.00,N,Not at Intersection, ,Non-Junction,None,,,         ,Earl,Davis,Rain,Front to Rear,no,no,no,no,no,False
102924150,METROPOLITAN NASHVILLE POLICE DEPT,20210149914,Davidson,Nashville,3/15/2021 11:50:00 AM,2,1,0,36.157590,-86.801430,19TH AVN,,,,0.00,,,CHARLOTTE AV,,,,0.00,Y,OTHER,N,Intersection,None,,,         ,Jean,McCormack,Rain,Other,no,no,no,no,no,False
102924153,METROPOLITAN NASHVILLE POLICE DEPT,20210149493,Davidson,Nashville,3/15/2021 7:11:00 AM,3,1,0,36.073020,-86.692180,I 24,,,,0.00,,,,,,,56.70,N,Not at Intersection,N,Non-Junction,None,,,         ,Sandra,Fly,Cloudy,Front to Rear,no,no,no,no,yes,False
102924162,METROPOLITAN NASHVILLE POLICE DEPT,20210149997,Davidson,Not in City Limit,3/15/2021 11:55:00 AM,2,0,0,36.325160,-86.874070,I 24,,,,0.00,,,,,,,34.60,N,Not at Intersection, ,,None,,,         ,Gregory,Scott,,,no,no,no,no,no,False
102924163,METROPOLITAN NASHVILLE POLICE DEPT,20210149964,Davidson,Goodlettsville,3/15/2021 12:24:00 PM,2,0,0,36.305880,-86.703120,VIETNAM VETERANS BLVD SB ENT R,,,,0.00,Feet,,RIVERGATE PKWY,,,,0.00,Y,Four-Way,N,Intersection,None,,,         ,Cyretha,Frazier,Rain,Front to Rear,no,no,no,no,no,False
102924172,METROPOLITAN NASHVILLE POLICE DEPT,20210150076,Davidson,Nashville,3/15/2021 1:20:00 PM,2,0,0,36.195580,-86.621710,LEBANON PKE,,,,0.00,,,BONNASPRING DR,,,,0.00,Y,Four-Way,N,Intersection,None,,,         ,Michael,Dance,"Cloudy, Rain",Front to Rear,no,no,no,no,yes,False
102924174,METROPOLITAN NASHVILLE POLICE DEPT,20210149917,Davidson,Nashville,3/15/2021 11:55:00 AM,2,0,0,36.146100,-86.870730,CHARLOTTE PKE,,,,0.00,,,WESTBORO DR,,,,0.00,Y,OTHER, ,Intersection,None,,,         ,George,Spencer,Rain,Angle,no,no,no,no,yes,False
102924175,METROPOLITAN NASHVILLE POLICE DEPT,20210149898,Davidson,Nashville,3/15/2021 11:43:00 AM,2,2,0,36.151790,-86.779250,8TH AVS,,,,0.00,,,GLEAVES ST,,,,0.00,Y,T-Intersection,N,Non-Junction,None,,,         ,Michael,Douglas,,"Sideswipe, Same Direction",no,no,no,no,no,False
102924176,GOODLETTSVILLE POLICE DEPT,21-07252,Davidson,Goodlettsville,3/15/2021 11:40:00 AM,2,1,0,36.305200,-86.718860,MOSS TRL,,,,0.00,,,DICKERSON PKES,,,,0.00,Y,T-Intersection,N,Non-Junction,None,,,         ,Alexander,Bardill,Rain,Angle,no,no,no,no,no,False
102924178,METROPOLITAN NASHVILLE POLICE DEPT,20210150018,Davidson,Nashville,3/15/2021 12:00:00 AM,2,0,0,36.163860,-86.794180,JO JOHNSTON AV,,,,0.00,,,12TH AVN,,,,0.00,Y,Four-Way,N,Intersection,None,,,         ,James,Thornton,,Angle,no,no,no,no,yes,False
102924182,METROPOLITAN NASHVILLE POLICE DEPT,20210150066,Davidson,Nashville,3/15/2021 12:45:00 PM,2,0,0,36.076790,-86.920540,OLD HICKORY BLVD,,,,4.00,Feet,South,BELLE FOREST CIR,,,,0.00,N,Not at Intersection,N,Non-Junction,None,,,         ,Gerry,Hutcheson,Rain,Angle,no,no,no,no,no,False
102924183,METROPOLITAN NASHVILLE POLICE DEPT,20210149722,Davidson,Nashville,3/15/2021 9:57:00 AM,2,1,0,36.044630,-86.659560,I24 E ENT RAMP,,,,0.00,,,I 24,,,,0.00,Y,OTHER,Y,Entrance/Exit Ramp Related,None,,,         ,Caleb,Jernigan,Cloudy,Angle,no,no,no,no,no,False
102924194,METROPOLITAN NASHVILLE POLICE DEPT,20210149955,Davidson,Nashville,3/15/2021 12:06:00 PM,2,0,0,36.170380,-86.750870,S 11TH ST,,,,318.00,Feet,South,SHELBY AV,,,,0.00,N,Not at Intersection,N,Non-Junction,None,,,         ,William,Clemons,Clear,"Sideswipe, Same Direction",no,no,no,no,yes,False
102924195,METROPOLITAN NASHVILLE POLICE DEPT,20210150009,Davidson,Nashville,3/15/2021 12:20:00 PM,2,0,0,36.140460,-86.760750,OLD RADNOR CAR LINE,,,,268.00,Feet,North,2ND AVS,,,,0.00,N,Not at Intersection,N,Non-Junction,None,,,         ,Sandra,Fly,Rain,HeadOn,no,no,no,no,yes,False
102924204,METROPOLITAN NASHVILLE POLICE DEPT,20210150134,Davidson,Nashville,3/15/2021 2:00:00 PM,2,0,0,36.126700,-86.711090,EAST THOMPSON LN,,,,0.00,,,MURFREESBORO PKE,,,,0.00,Y,Four-Way, ,Intersection,None,,,         ,Brian,Penny,Rain,"Sideswipe, Same Direction",no,no,no,no,no,False
102924212,METROPOLITAN NASHVILLE POLICE DEPT,20210150087,Davidson,Not in City Limit,3/15/2021 11:30:00 AM,2,0,0,36.022630,-86.680560,OLD HICKORY BLVD,,,,0.00,,,BARNES RD,,,,0.00,Y,T-Intersection,N,Intersection,None,,,         ,David,Smith,Rain,Angle,no,no,no,no,no,False
102924213,METROPOLITAN NASHVILLE POLICE DEPT,20210149998,Davidson,Nashville,3/15/2021 3:41:00 AM,1,0,0,36.053890,-86.703490,EULALA DR,,,,150.00,Feet,South,EULALA CIR,,,,0.00,N,Not at Intersection,N,Non-Junction,None,,,         ,Caleb,Jernigan,Clear,Not Collision with Motor Vehicle in Transport,no,no,no,no,yes,False
102924224,METROPOLITAN NASHVILLE POLICE DEPT,20210150166,Davidson,Nashville,3/15/2021 2:26:00 PM,2,0,0,36.174420,-86.690020,BRILEY PKWYN,,,,235.00,Feet,West,CASTLEWOOD DR,,,,0.00,N,Not at Intersection,N,Non-Junction,None,,,         ,Michael,Dance,Cloudy,Front to Rear,no,no,no,no,no,False
102924225,METROPOLITAN NASHVILLE POLICE DEPT,20210150118,Davidson,Nashville,3/15/2021 1:10:00 PM,3,0,0,36.128130,-86.907380,CHARLOTTE PKE,,,,215.00,Feet,West,CHARLOTTE PKE PVTDR,,,,0.00,N,Not at Intersection, ,Non-Junction,None,,,         ,Andrew,Anoskey,Cloudy,Front to Rear,no,no,no,no,no,False
102924241,METROPOLITAN NASHVILLE POLICE DEPT,20210150239,Davidson,Nashville,3/15/2021 2:39:00 PM,1,0,0,36.254580,-86.695970,HILLCREST DR,,,,168.00,Feet,North,BLACKSTONE AV,,,,0.00,N,Not at Intersection,N,Non-Junction,None,,,         ,Derek,Sibley,Cloudy,Not Collision with Motor Vehicle in Transport,no,no,no,no,yes,False
102924248,METROPOLITAN NASHVILLE POLICE DEPT,20210150242,Davidson,Nashville,3/15/2021 3:05:00 PM,2,0,0,36.160770,-86.760210,I 24,,,,0.00,,,,,,,49.40,N,Not at Intersection,N,Non-Junction,None,,,         ,Kevin,Clausius,,Front to Rear,no,no,no,no,no,False
102924257,GOODLETTSVILLE POLICE DEPT,21-07250,Davidson,Goodlettsville,3/15/2021 11:25:00 AM,1,0,0,36.304180,-86.702580,RIVERGATE PKWY PVTDR,,,,44.00,Feet,West,RIVERGATE PKWY,,,,0.00,N,Not at Intersection,N,Non-Junction,None,,,         ,George,Henry,Rain,Not Collision with Motor Vehicle in Transport,no,no,no,no,no,False
102924273,METROPOLITAN NASHVILLE POLICE DEPT,20210150334,Davidson,Nashville,3/15/2021 4:03:00 PM,2,1,0,36.183350,-86.748570,GALLATIN AV,,,,0.00,Feet,,W EASTLAND AV,,,,0.00,Y,T-Intersection,N,Intersection-Related,None,,,         ,Jason,Milyaro Lucas,,Front to Rear,no,no,no,no,no,False
102924274,METROPOLITAN NASHVILLE POLICE DEPT,20210150224,Davidson,Nashville,3/15/2021 2:40:00 PM,2,0,0,36.225920,-86.744550,LEMONT DR,,,,171.00,Feet,North,WHITE OAK CT,,,,0.00,N,Not at Intersection, ,Non-Junction,None,,,         ,Ciara,Doherty,,Rear to Side,no,no,no,no,no,False
102924277,METROPOLITAN NASHVILLE POLICE DEPT,20210150342,Davidson,Not in City Limit,3/15/2021 12:00:00 AM,2,0,0,36.077060,-87.012110,I 40,,,,0.00,,,,,,,193.00,N,Not at Intersection, ,Non-Junction,None,,,         ,Maria,Reynolds,Clear,Front to Rear,no,no,no,no,yes,False
102924294,METROPOLITAN NASHVILLE POLICE DEPT,20210150399,Davidson,Nashville,3/15/2021 12:00:00 AM,2,0,0,36.042420,-86.711650,MILL CREEK WHITTEMORE GRNWY,,,,0.00,Feet,East,MILL CREEK WHITTLEMORE GRNWY,,,,0.00,N,Not at Intersection,N,Non-Junction,None,,,         ,Nadine,Klemenz,Cloudy,Front to Rear,no,no,no,no,yes,False
102924306,METROPOLITAN NASHVILLE POLICE DEPT,20210150416,Davidson,Nashville,3/15/2021 4:35:00 PM,2,0,0,36.045220,-86.714740,OLD HICKORY BLVD,,,,15.00,Feet,East,BRENTWOOD EAST DR,,,,0.00,N,Not at Intersection, ,Non-Junction,None,,,         ,Steven,Powers,Cloudy,Front to Rear,no,no,no,no,no,False
102924314,METROPOLITAN NASHVILLE POLICE DEPT,20210142866,Davidson,Nashville,3/11/2021 4:11:00 PM,2,1,3,36.123130,-86.908840,I 40,,,,0.00,,,,,,,200.35,N,Not at Intersection,N,Non-Junction,None,,,         ,Russell,Ward,Clear,Front to Rear,no,no,no,no,no,False
102924315,METROPOLITAN NASHVILLE POLICE DEPT,20210150429,Davidson,Nashville,3/13/2021 9:30:00 PM,2,0,0,36.182380,-86.809770,15TH AVN,,,,301.00,Feet,South,CLAY ST,,,,0.00,N,Not at Intersection,N,Non-Junction,None,,,         ,Lucas,Thomas,Unknown,Angle,no,no,no,no,yes,False
102924323,METROPOLITAN NASHVILLE POLICE DEPT,20210150396,Davidson,Nashville,3/15/2021 4:36:00 PM,3,0,0,36.166800,-86.820490,28TH AVN,,,,69.00,Feet,North,JEFFERSON ST,,,,0.00,N,Not at Intersection,N,Non-Junction,None,,,         ,Scarlett,Collins,Clear,Front to Rear,no,no,no,no,no,False
102924324,METROPOLITAN NASHVILLE POLICE DEPT,20210150456,Davidson,Nashville,3/15/2021 5:10:00 PM,2,1,0,36.215130,-86.599580,LEBANON PKE,,,,488.00,Feet,North,ANDREW JACKSON PKWY,,,,0.00,N,Not at Intersection,N,Non-Junction,None,,,         ,Cheri,Cox,"Cloudy, Rain",Front to Rear,no,no,no,no,no,False
102924325,METROPOLITAN NASHVILLE POLICE DEPT,20210150453,Davidson,Not in City Limit,3/15/2021 4:21:00 PM,2,1,0,36.273830,-86.796340,I 24,,,,0.00,,,,,,,40.80,N,Not at Intersection,Y,Non-Junction,None,,,         ,Rodney,Phipps,Cloudy,Front to Rear,no,no,no,no,no,False
102924351,METROPOLITAN NASHVILLE POLICE DEPT,2021-0150435,Davidson,Nashville,3/15/2021 4:04:00 PM,2,0,0,36.120430,-86.750610,MELROSE AV,,,,0.00,,,GRANDVIEW AV,,,,0.00,Y,T-Intersection, ,Intersection,None,,,         ,William,King,Clear,Angle,no,no,no,no,no,False