master_record_number,agency,agency_tracking_number,county,city,collision_date,vehicles_involved,number_injured,number_dead,latitude,longitude,roadway_name,roadway_suffix,roadway_number,roadway_local_id,distance_from_reference,miles-feet_indicator,direction_from_reference,intersection_road_name,intersection_road_name_suffix,intersection_road_number,intersection_local_id,mile_marker,intersection_indicator,intersect_type,interchange_related_indicator,relation_to_junction,work_zone_type,construction_maintenance_zone,construction_maintenance_zone_location,fatal_case_number,officer_first_name,officer_last_name,weather_condition(s),manner_of_crash,pedestrian,bicycle,scooter,parking,hitrun,mou
102924382,METROPOLITAN NASHVILLE POLICE DEPT,20210150551,Davidson,Nashville,3/15/2021 6:29:00 PM,2,0,0,36.119070,-86.913110,I 40,,,,0.00,,,,,,,200.00,N,Not at Intersection,N,Non-Junction,None,,,         ,Jeremy,Huffine,Clear,Angle,no,no,no,no,yes,False
102924385,METROPOLITAN NASHVILLE POLICE DEPT,20210150642,Davidson,Nashville,3/15/2021 7:23:00 PM,2,0,0,36.109170,-86.680140,MURFREESBORO PKE,,,,839.00,Feet,South,AIR FREIGHT BLVD,,,,0.00,N,Not at Intersection,N,Non-Junction,None,,,         ,Andrew,Brazee,Clear,"Sideswipe, Same Direction",no,no,no,no,yes,False
102924392,METROPOLITAN NASHVILLE POLICE DEPT,20210150584,Davidson,Not in City Limit,3/15/2021 6:50:00 PM,2,0,0,36.263820,-86.687120,ARCHWOOD DR,,,,3.00,Feet,North,STATE RT 45,,,,0.00,N,Not at Intersection,N,Non-Junction,None,,,         ,Wallace,Seay III,Clear,Angle,no,no,no,no,no,False
102924397,METROPOLITAN NASHVILLE POLICE DEPT,20210150510,Davidson,Nashville,3/15/2021 5:26:00 PM,2,0,0,36.037030,-86.786660,FRANKLIN PKE,,,,137.00,Feet,South,OLD HICKORY BLVD,,,,0.00,N,Not at Intersection, ,Non-Junction,None,,,         ,Brandon,Hughes,Rain,Front to Rear,no,no,no,no,no,False
102924421,METROPOLITAN NASHVILLE POLICE DEPT,20210150460,Davidson,Nashville,3/15/2021 3:57:00 PM,2,0,0,36.157930,-86.791610,CHURCH ST,,,,0.00,Feet,,14TH AVN,,,,0.00,Y,Four-Way, ,Entrance/Exit Ramp Related,None,,,         ,Travis,Pemberton,Cloudy,Angle,no,no,no,no,no,False
102924509,METROPOLITAN NASHVILLE POLICE DEPT,20210150509,Davidson,Nashville,3/15/2021 4:22:00 PM,2,0,0,36.081000,-86.740290,LYNN DR,,,,185.00,Feet,West,ABBAY DR,,,,0.00,N,Not at Intersection, ,Non-Junction,None,,,         ,Steven,Powers,Cloudy,Angle,no,no,no,no,no,False
102924539,METROPOLITAN NASHVILLE POLICE DEPT,20210150916,Davidson,Nashville,3/15/2021 10:09:00 PM,2,0,0,36.188300,-86.816210,DOWLAN ST,,,,161.00,Feet,East,25TH AVN,,,,0.00,N,Not at Intersection,N,Non-Junction,None,,,         ,Blas,Hernandez,,Angle,no,no,no,yes,yes,False
102924553,METROPOLITAN NASHVILLE POLICE DEPT,20210151147,Davidson,Not in City Limit,3/16/2021 12:00:00 AM,1,0,0,36.267760,-86.748360,OLD HICKORY BLVDW,,,,638.00,Feet,West,KEMPER DRN,,,,0.00,N,Not at Intersection,N,Non-Junction,None,,,         ,Jonathon,Sheppard,Fog,Not Collision with Motor Vehicle in Transport,no,no,no,no,yes,False
102924560,METROPOLITAN NASHVILLE POLICE DEPT,20210151175,Davidson,Nashville,3/16/2021 12:10:00 AM,1,0,0,36.194520,-86.663990,NEELYS BEND RD,,,,150.00,Feet,South,BOAT RAMP PVTDR,,,,0.00,N,Not at Intersection,N,Non-Junction,None,,,         ,Nicholas,Berry,Clear,Not Collision with Motor Vehicle in Transport,no,no,no,no,yes,False
102924626,METROPOLITAN NASHVILLE POLICE DEPT,20210151364,Davidson,Nashville,3/16/2021 5:45:00 AM,2,3,0,36.109530,-86.727970,EAST THOMPSON LN,,,,37.00,Feet,North,BRILEY PKWYN,,,,0.00,N,Not at Intersection,Y,Non-Junction,None,,,         ,Clayton,Smith,Clear,Angle,no,no,no,no,no,False
102924627,METROPOLITAN NASHVILLE POLICE DEPT,20210151396,Davidson,Nashville,3/16/2021 6:00:00 AM,2,2,0,36.200740,-86.627810,PLANTATION DR,,,,0.00,,,BONNAVILLE DR,,,,0.00,Y,T-Intersection,N,Intersection,None,,,         ,Nelson,Hemingway,Clear,Angle,no,no,no,no,no,False
102924639,METROPOLITAN NASHVILLE POLICE DEPT,20210151345,Davidson,Nashville,3/15/2021 5:45:00 PM,2,0,0,36.100110,-86.814760,GALBRAITH DR,,,,554.00,Feet,North,OVERHILL DR,,,,0.00,N,Not at Intersection, ,Non-Junction,None,,,         ,Ricardo,Cruz,Clear,Rear to Side,no,no,no,yes,no,False
102924644,METROPOLITAN NASHVILLE POLICE DEPT,20210151427,Davidson,Nashville,3/16/2021 6:53:00 AM,3,1,0,36.106210,-86.673060,MURFREESBORO PKE,,,,0.00,,,DONELSON PKE,,,,0.00,Y,Four-Way,N,Intersection,None,,,         ,Michael,Dance,Clear,Front to Rear,no,no,no,no,no,False
102924658,METROPOLITAN NASHVILLE POLICE DEPT,20210151501,Davidson,Not in City Limit,3/16/2021 12:00:00 AM,2,0,0,36.008700,-86.687860,OAKFIELD GROVE,,,,153.00,Feet,North,TAPOCO LN,,,,0.00,N,Not at Intersection,N,Non-Junction,None,,,         ,Joe,Hooper,Cloudy,"Sideswipe, Same Direction",no,no,no,no,yes,False
102924660,METROPOLITAN NASHVILLE POLICE DEPT,20210151487,Davidson,Nashville,3/16/2021 12:00:00 AM,1,0,0,36.159740,-86.875830,JAMES AV,,,,46.00,Feet,North,FRANKLIN DR,,,,0.00,N,Not at Intersection,N,Unknown,Unknown,,,         ,Douglas,Atwood,Cloudy,Unknown,no,no,no,no,yes,False
102924690,METROPOLITAN NASHVILLE POLICE DEPT,20210151419,Davidson,Nashville,3/16/2021 6:10:00 AM,2,0,0,36.163840,-86.779840,ARCADE ALY,,,,167.00,Feet,North,CHURCH ST,,,,0.00,N,Not at Intersection, ,,None,,,         ,Frank,Campbell,,,no,no,no,no,no,False
102924693,Nashville Airport Police,2021-00763,Davidson,Nashville,3/14/2021 5:47:00 AM,2,0,0,36.132600,-86.668930,TERMINAL DR,,,,1064.00,Feet,West,RAMP,,,,0.00,N,Not at Intersection,N,OtherLocation,None,,,         ,Ethan,Denton,Clear,"Sideswipe, Same Direction",no,no,no,no,no,False
102924711,THP District 3 - Nashville,321016451,Davidson,Nashville,3/12/2021 9:55:00 AM,2,0,0,36.058520,-86.678060,I 24,,,,0.00,,,,,,,58.00,N,Not at Intersection, ,Non-Junction,None,,,         ,Matthew,Priest,Cloudy,Front to Rear,no,no,no,no,no,False
102924725,METROPOLITAN NASHVILLE POLICE DEPT,20210151648,Davidson,Not in City Limit,3/16/2021 12:00:00 AM,2,0,0,36.161330,-86.572110,ROBINDALE DR,,,,168.00,Feet,South,BUNTINGWAY DR,,,,0.00,N,Not at Intersection,N,Non-Junction,None,,,         ,Michael,Brooks,Unknown,Unknown,no,no,no,no,yes,False
102924728,METROPOLITAN NASHVILLE POLICE DEPT,20210151661,Davidson,Nashville,3/16/2021 9:07:00 AM,2,0,0,36.143500,-86.794410,EDGEHILL AV,,,,0.00,,,17TH AVS,,,,0.00,Y,Four-Way,N,Intersection,None,,,         ,Earl,Davis,Cloudy,Angle,no,no,no,no,no,Campus
102924733,METROPOLITAN NASHVILLE POLICE DEPT,20210150395,Davidson,Nashville,3/15/2021 4:43:00 PM,3,1,0,36.169600,-86.774110,JAMES ROBERTSON PKWY,,,,442.00,Feet,West,N 1ST ST,,,,0.00,N,Not at Intersection,N,Non-Junction,None,,,         ,Russell,Freeman,Cloudy,Front to Rear,no,no,no,no,yes,False
102924734,METROPOLITAN NASHVILLE POLICE DEPT,20210151695,Davidson,Nashville,3/16/2021 9:40:00 AM,3,0,0,36.184320,-86.611740,OLD HICKORY BLVD,,,,400.00,Feet,West,ANDREW JACKSON PKWY,,,,0.00,N,Not at Intersection, ,,None,,,         ,Michael,Brooks,,,no,no,no,no,no,False
102924772,METROPOLITAN NASHVILLE POLICE DEPT,20210151852,Davidson,Antioch,3/16/2021 10:57:00 AM,2,0,0,36.029230,-86.590250,LAVERGNE COUCHVILLE PKE,,,,324.00,Feet,North,MURFREESBORO PKE,,,,0.00,N,Not at Intersection,N,Non-Junction,None,,,         ,Joe,Hooper,Clear,Rear to Side,no,no,no,yes,yes,False
102924773,METROPOLITAN NASHVILLE POLICE DEPT,20210151839,Davidson,Nashville,3/16/2021 11:00:00 AM,1,0,0,36.096210,-87.029120,HIGHWAY 70,,,,1077.00,Feet,East,BEVERLY HILLS DR,,,,0.00,N,Not at Intersection, ,Non-Junction,None,,,         ,Curtis,Rich,Clear,Not Collision with Motor Vehicle in Transport,no,no,no,no,no,False
102924776,METROPOLITAN NASHVILLE POLICE DEPT,20210151815,Davidson,Nashville,3/16/2021 10:38:00 AM,2,0,0,36.197160,-86.776190,I 65,,,,0.00,,,,,,,86.70,N,Not at Intersection,N,Non-Junction,None,,,         ,James,Wray,Clear,Front to Rear,no,no,no,no,yes,False
102924782,METROPOLITAN NASHVILLE POLICE DEPT,20210151889,Davidson,Nashville,3/16/2021 11:25:00 AM,2,0,0,36.149690,-86.779180,DIVISION ST,,,,0.00,,,8TH AVS,,,,0.00,Y,Four-Way, ,Intersection-Related,Construction Zone,,,         ,Joshua,Reece,Cloudy,Angle,no,no,no,no,no,False
102924784,METROPOLITAN NASHVILLE POLICE DEPT,20210151885,Davidson,Nashville,3/16/2021 11:23:00 AM,1,1,0,36.116200,-86.798320,I 440,,,,0.00,,,,,,,3.35,N,Not at Intersection,N,Non-Junction,None,,,         ,Earl,Davis,Cloudy,Not Collision with Motor Vehicle in Transport,no,no,no,no,no,False
102924787,METROPOLITAN NASHVILLE POLICE DEPT,20210151932,Davidson,Nashville,3/16/2021 11:56:00 AM,2,0,0,36.234200,-86.758480,DICKERSON PKE,,,,330.00,Feet,South,HOMESTEAD RD,,,,0.00,N,Not at Intersection, ,,None,,,         ,Jarret,Sonnenberg,,,no,no,no,no,no,False
102924790,METROPOLITAN NASHVILLE POLICE DEPT,20210151937,Davidson,Nashville,3/16/2021 11:38:00 AM,2,0,0,36.045990,-86.674230,BLUE HOLE RD,,,,95.00,Feet,North,BELL RD,,,,0.00,N,Not at Intersection, ,Non-Junction,None,,,         ,Joe,Hooper,Clear,Rear to Side,no,no,no,no,no,False
102924796,METROPOLITAN NASHVILLE POLICE DEPT,20210151963,Davidson,Nashville,3/16/2021 11:54:00 AM,2,0,0,36.030470,-86.743980,EDMONDSON PKE,,,,0.00,,,CLOVERLAND DR,,,,0.00,Y,T-Intersection, ,Intersection-Related,None,,,         ,Earl,Davis,Cloudy,Front to Rear,no,no,no,no,no,False
102924804,METROPOLITAN NASHVILLE POLICE DEPT,20210152010,Davidson,Nashville,3/16/2021 12:00:00 PM,2,0,0,36.128690,-86.906750,CHARLOTTE PKE PVTDR,,,,0.00,,,RIVER RD,,,,0.00,Y,T-Intersection, ,,None,,,         ,Curtis,Rich,,,no,no,no,no,no,False
102924828,METROPOLITAN NASHVILLE POLICE DEPT,20210151945,Davidson,Nashville,3/16/2021 12:04:00 PM,1,1,0,36.135800,-86.725040,MURFREESBORO PKE,,,,0.00,,,SPENCE LN,,,,0.00,Y,Four-Way,N,Entrance/Exit Ramp Related,None,,,         ,Michael,Dance,Clear,Not Collision with Motor Vehicle in Transport,no,yes,no,no,no,False
102924842,METROPOLITAN NASHVILLE POLICE DEPT,20210152028,Davidson,Nashville,3/16/2021 12:40:00 PM,1,1,0,36.239660,-86.631170,OLD HICKORY BLVD,,,,73.00,Feet,East,ANTHONY ST,,,,0.00,N,Not at Intersection,N,Non-Junction,None,,,         ,Michael,Dance,Clear,Not Collision with Motor Vehicle in Transport,no,no,no,no,no,False
102924852,METROPOLITAN NASHVILLE POLICE DEPT,20210152066,Davidson,Nashville,3/16/2021 12:55:00 PM,2,1,0,36.248010,-86.720360,GALLATIN PKES,,,,0.00,Feet,,DUE WEST AVW,,,,0.00,Y,Four-Way,N,Intersection,None,,,         ,Brian,Otto,Clear,Angle,no,no,no,no,no,False
102924876,METROPOLITAN NASHVILLE POLICE DEPT,20210152023,Davidson,Nashville,3/16/2021 12:25:00 PM,2,0,0,36.203400,-86.776840,I 65,,,,0.00,,,,,,,87.10,N,Not at Intersection, ,Entrance/Exit Ramp Related,None,,,         ,William,Coy,Clear,"Sideswipe, Same Direction",no,no,no,no,no,False
102924921,METROPOLITAN NASHVILLE POLICE DEPT,20210152073,Davidson,Nashville,3/16/2021 1:03:00 PM,2,0,0,36.192710,-86.744370,DOUGLAS AV,,,,0.00,,,GALLATIN AV,,,,0.00,Y,Four-Way, ,,None,,,         ,William,Clemons,,,no,no,no,no,no,False
102924943,METROPOLITAN NASHVILLE POLICE DEPT,20210152052,Davidson,Nashville,3/16/2021 12:51:00 PM,3,1,0,36.142280,-86.666630,I40 W ENT RAMP,,,,0.00,,,DONELSON PKE,,,,0.00,Y,OTHER,Y,Entrance/Exit Ramp Related,None,,,         ,Michael,Brooks,Cloudy,Angle,no,no,no,no,no,False
102924944,METROPOLITAN NASHVILLE POLICE DEPT,20210152078,Davidson,Nashville,3/16/2021 12:00:00 AM,2,2,0,36.231600,-86.781520,EWING DR,,,,0.00,,,BRICK CHURCH PKE,,,,0.00,Y,Four-Way,N,Intersection-Related,None,,,         ,David,Williford,Clear,HeadOn,no,no,no,no,no,False
102924950,METROPOLITAN NASHVILLE POLICE DEPT,20210152202,Davidson,Nashville,3/16/2021 2:28:00 PM,2,0,0,36.170160,-86.602040,I 40,,,,0.00,,,,,,,220.80,N,Not at Intersection,N,Non-Junction,None,,,         ,Michael,Dance,Clear,"Sideswipe, Same Direction",no,no,no,no,no,False
102924966,METROPOLITAN NASHVILLE POLICE DEPT,20210151708,Davidson,Nashville,3/16/2021 12:00:00 AM,3,0,0,36.134580,-86.895650,CABOT DR,,,,1264.00,Feet,West,I40 E ENT RAMP,,,,0.00,N,Not at Intersection,N,Non-Junction,None,,,         ,Charles,Boles,Clear,Angle,no,no,no,yes,yes,False
102924971,METROPOLITAN NASHVILLE POLICE DEPT,20210152187,Davidson,Nashville,3/16/2021 2:00:00 PM,2,0,0,36.202730,-86.776860,I 65,,,,0.00,,,,,,,87.05,N,Not at Intersection, ,Non-Junction,None,,,         ,William,Coy,Cloudy,"Sideswipe, Same Direction",no,no,no,no,no,False
102924975,METROPOLITAN NASHVILLE POLICE DEPT,20210152236,Davidson,Nashville,3/16/2021 2:30:00 PM,1,0,0,36.170160,-86.602060,I 40,,,,0.00,,,,,,,220.80,N,Not at Intersection, ,Non-Junction,None,,,         ,Michael,Brooks,Cloudy,Not Collision with Motor Vehicle in Transport,no,no,no,no,no,False
102924999,METROPOLITAN NASHVILLE POLICE DEPT,20210152077,Davidson,Nashville,3/16/2021 1:04:00 PM,2,0,0,36.152200,-86.791370,DIVISION ST,,,,0.00,,,DEMONBREUN ST,,,,0.00,Y,Roundabout, ,Intersection,None,,,         ,Earl,Davis,Clear,Front to Rear,no,no,no,no,no,False
102925003,METROPOLITAN NASHVILLE POLICE DEPT,20210150835,Davidson,Not in City Limit,3/15/2021 10:02:00 PM,2,0,0,36.263070,-86.711920,STATE RT 45,,,,0.00,,,OLD HICKORY BLVDW,,,,0.00,Y,Four-Way,N,Non-Junction,None,,,         ,Austin,Bowles,Clear,Front to Rear,no,no,no,no,yes,False
102925013,METROPOLITAN NASHVILLE POLICE DEPT,20210152143,Davidson,Nashville,3/16/2021 1:49:00 PM,1,1,0,36.104320,-86.808300,RICHARD JONES RD,,,,250.00,Feet,East,HILLMONT DR,,,,0.00,N,Not at Intersection,N,OtherLocation,None,,,         ,Earl,Davis,Clear,Not Collision with Motor Vehicle in Transport,no,no,no,no,no,False
102925027,METROPOLITAN NASHVILLE POLICE DEPT,20210152403,Davidson,Nashville,3/16/2021 3:53:00 PM,2,0,0,36.109820,-86.744620,NOLENSVILLE PKE,,,,20.00,Feet,North,COLLIER AV,,,,0.00,N,Not at Intersection, ,Non-Junction,None,,,         ,Austin,Binner,Clear,Angle,no,no,no,no,no,False
102925032,METROPOLITAN NASHVILLE POLICE DEPT,20210152399,Davidson,Antioch,3/16/2021 3:12:00 PM,3,0,0,36.043490,-86.607160,MURFREESBORO PKE,,,,293.00,Feet,North,HOBSON PKE,,,,0.00,N,Not at Intersection,N,Non-Junction,None,,,         ,Nathaniel,Myers,Clear,Angle,no,no,no,no,no,False
102925038,VANDERBILT UNIVERSITY POLICE,20210152263,Davidson,Nashville,3/16/2021 2:45:00 PM,1,0,0,36.142060,-86.800760,MEDICAL CENTER DR,,,,0.00,,,,,,,0.00,,, ,Entrance/Exit Ramp Related,None,,,         ,James,McDaniel,Clear,Not Collision with Motor Vehicle in Transport,no,no,no,no,no,Campus
102925075,METROPOLITAN NASHVILLE POLICE DEPT,20210152595,Davidson,Nashville,3/16/2021 5:34:00 PM,2,0,0,36.175040,-86.678950,MCGAVOCK PKE,,,,0.00,Feet,West,SELMA AV,,,,0.00,N,Not at Intersection,N,Non-Junction,None,,,         ,Evan,Grace,Cloudy,Front to Rear,no,no,no,no,no,False
102925087,METROPOLITAN NASHVILLE POLICE DEPT,20210152313,Davidson,Nashville,3/16/2021 3:10:00 PM,3,1,0,36.207510,-86.784770,W TRINITY LN,,,,240.00,Feet,East,LIBERIA ST,,,,0.00,N,Not at Intersection,N,Non-Junction,None,,,         ,Jonathan,Sharp,Cloudy,"Sideswipe, Same Direction",yes,no,no,yes,yes,False
102925093,METROPOLITAN NASHVILLE POLICE DEPT,20210152638,Davidson,Nashville,3/16/2021 5:55:00 PM,2,0,0,36.198440,-86.620270,OLD HICKORY BLVD,,,,0.00,,,LEBANON PKE,,,,0.00,Y,OTHER, ,,None,,,         ,Zaire,Murray,,,no,no,no,no,no,False
102925097,METROPOLITAN NASHVILLE POLICE DEPT,20210152220,Davidson,Nashville,3/16/2021 2:35:00 PM,3,1,0,36.207020,-86.776410,I 65,,,,0.00,,,,,,,87.35,N,Not at Intersection,N,Non-Junction,None,,,         ,Mary,Hall,Clear,Angle,no,no,no,no,no,False
102925098,METROPOLITAN NASHVILLE POLICE DEPT,20210152584,Davidson,Nashville,3/16/2021 5:30:00 PM,2,0,0,36.080790,-86.726720,NOLENSVILLE PKE,,,,447.00,Feet,North,HARDING PL,,,,0.00,N,Not at Intersection,N,Non-Junction,None,,,         ,Andrew,Brazee,,Angle,no,no,no,no,no,False
102925099,METROPOLITAN NASHVILLE POLICE DEPT,20210152558,Davidson,Not in City Limit,3/16/2021 5:11:00 PM,2,0,0,36.027070,-87.012920,HIGHWAY 100,,,,457.00,Feet,West,OLD HARDING LN,,,,0.00,N,Not at Intersection, ,Non-Junction,None,,,         ,Jeremy,Huffine,Clear,Front to Rear,no,no,no,no,no,False
102925122,METROPOLITAN NASHVILLE POLICE DEPT,20210152478,Davidson,Nashville,3/16/2021 4:29:00 PM,2,1,0,36.206220,-86.776510,I 65,,,,0.00,,,,,,,87.30,N,Not at Intersection,N,Non-Junction,None,,,         ,Mary,Hall,Clear,"Sideswipe, Same Direction",no,no,no,no,no,False
102925127,METROPOLITAN NASHVILLE POLICE DEPT,20210152667,Davidson,Nashville,3/16/2021 6:16:00 PM,2,0,0,36.150260,-86.801060,21ST AVS,,,,94.00,Feet,South,WEST END AV,,,,0.00,N,Not at Intersection, ,Non-Junction,None,,,         ,Travis,Pemberton,Clear,"Sideswipe, Same Direction",no,no,no,no,no,Campus
102925136,METROPOLITAN NASHVILLE POLICE DEPT,20210152723,Davidson,Nashville,3/16/2021 6:49:00 PM,2,0,0,36.230640,-86.607850,SHUTE LN,,,,0.00,,,BRANDYWINE POINTE BLVD,,,,0.00,Y,T-Intersection,N,Intersection,None,,,         ,Zaire,Murray,Clear,Angle,no,no,no,no,no,False
102925137,METROPOLITAN NASHVILLE POLICE DEPT,20210150732,Davidson,Nashville,3/15/2021 8:41:00 PM,2,1,0,36.152210,-86.771970,ASH ST,,,,83.00,Feet,East,LAFAYETTE ST,,,,0.00,N,Not at Intersection,N,Non-Junction,None,,,         ,Michael,Moss,Clear,HeadOn,no,no,no,no,no,False
102925140,METROPOLITAN NASHVILLE POLICE DEPT,20210152768,Davidson,Nashville,3/16/2021 7:40:00 PM,2,1,0,36.205120,-86.757620,E TRINITY LN,,,,0.00,,,JONES AV,,,,0.00,Y,Four-Way,N,Intersection,None,,,         ,Steffani,Dahlstrom,Clear,Angle,no,no,no,no,no,False
102925160,METROPOLITAN NASHVILLE POLICE DEPT,20210152670,Davidson,Nashville,3/16/2021 6:21:00 PM,3,0,0,36.243750,-86.760780,SKYLINE COMMONS PVTDR,,,,0.00,,,DOVERSIDE DR,,,,0.00,Y,T-Intersection,N,Non-Junction,None,,,         ,Austin,Bowles,Clear,HeadOn,no,no,no,no,no,False
102925162,METROPOLITAN NASHVILLE POLICE DEPT,20210152845,Davidson,Nashville,3/16/2021 12:00:00 AM,2,0,0,36.030470,-86.743980,EDMONDSON PKE,,,,0.00,,,CLOVERLAND DR,,,,0.00,Y,T-Intersection,N,Intersection,None,,,         ,Darci,Stechman,Clear,Front to Rear,no,no,no,no,yes,False
102925179,METROPOLITAN NASHVILLE POLICE DEPT,20210152834,Davidson,Nashville,3/16/2021 12:00:00 AM,2,0,0,36.163380,-86.761860,I 24,,,,0.00,,,,,,,49.25,N,Not at Intersection,N,Non-Junction,None,,,         ,Maccio,Hightower,,Front to Rear,no,no,no,no,yes,False
102925184,METROPOLITAN NASHVILLE POLICE DEPT,20210152726,Davidson,Nashville,3/16/2021 7:10:00 PM,2,0,0,36.090330,-86.626500,SMITH SPRINGS RD,,,,0.00,,,BELL RD,,,,0.00,Y,Four-Way, ,Intersection-Related,None,,,         ,Adam,Gartner,Clear,Front to Rear,no,no,no,no,no,False
102925224,METROPOLITAN NASHVILLE POLICE DEPT,20210152846,Davidson,Not in City Limit,3/16/2021 8:21:00 PM,2,0,0,36.006420,-86.700380,NOLENSVILLE PKE,,,,454.00,Feet,South,CULBERTSON RD,,,,0.00,N,Not at Intersection, ,Non-Junction,None,,,         ,Steven,Powers,Clear,Front to Rear,no,no,no,no,no,False
102925234,METROPOLITAN NASHVILLE POLICE DEPT,20210152875,Davidson,Nashville,3/16/2021 8:24:00 PM,2,0,0,36.175980,-86.771910,I 24,,,,0.00,,,,,,,48.00,N,Not at Intersection, ,,None,,,         ,Zachary,Aldrich,,,no,no,no,no,no,False
102925255,METROPOLITAN NASHVILLE POLICE DEPT,20210152903,Davidson,Nashville,3/16/2021 7:19:00 PM,2,0,0,36.085610,-86.647980,MURFREESBORO PKE,,,,517.00,Feet,South,UNA ANTIOCH PKE,,,,0.00,N,Not at Intersection, ,Non-Junction,None,,,         ,Steven,Bowler,Clear,Angle,no,no,no,no,no,False
102925282,METROPOLITAN NASHVILLE POLICE DEPT,20210152745,Davidson,Nashville,3/15/2021 10:48:00 PM,2,0,0,36.182140,-86.810820,16TH AVN,,,,290.00,Feet,South,CLAY ST,,,,0.00,N,Not at Intersection,N,Non-Junction,None,,,         ,Jonathan,Sharp,,"Sideswipe, Opposite Direction",no,no,no,no,yes,False
102925299,METROPOLITAN NASHVILLE POLICE DEPT,20210152936,Davidson,Nashville,3/16/2021 9:47:00 PM,2,2,0,36.166230,-86.688400,BRILEY PKWYS,,,,308.00,Feet,North,BRILEY PKWYN,,,,0.00,N,Not at Intersection,N,Non-Junction,None,,,         ,Joseph,Simon,,Unknown,no,no,no,no,no,False
102925315,METROPOLITAN NASHVILLE POLICE DEPT,20210152894,Davidson,Nashville,3/16/2021 9:00:00 PM,2,0,0,36.178660,-86.773490,I24 W ENT RAMP,,,,0.00,,,I 24,,,,0.00,Y,Y-Intersection, ,,None,,,         ,Craig,Paschetti,,,no,no,no,no,no,False
102925319,GOODLETTSVILLE POLICE DEPT,21-07389,Davidson,Goodlettsville,3/16/2021 8:29:00 PM,1,1,0,36.297100,-86.714320,I 65,,,,0.00,,,,,,,94.90,N,Not at Intersection,N,Non-Junction,None,,,         ,Jessica,Gistarb,Clear,Not Collision with Motor Vehicle in Transport,no,no,no,no,no,False
102925323,METROPOLITAN NASHVILLE POLICE DEPT,20210153017,Davidson,Nashville,3/16/2021 11:01:00 PM,1,0,0,36.153200,-86.633100,I40 E EXT RAMP,,,,0.00,,,I 40,,,,0.00,Y,OTHER, ,Entrance/Exit Ramp Related,None,,,         ,Bridget,Griepentrog,,Not Collision with Motor Vehicle in Transport,no,no,no,no,no,False
102925333,METROPOLITAN NASHVILLE POLICE DEPT,20210153057,Davidson,Nashville,3/16/2021 11:34:00 PM,2,0,0,36.148820,-86.774850,I 40,,,,0.00,,,,,,,210.10,N,Not at Intersection,Y,Entrance/Exit Ramp Related,None,,,         ,Kelsey,Hicks,Clear,Front to Rear,no,no,no,no,yes,False
102925335,METROPOLITAN NASHVILLE POLICE DEPT,20210153066,Davidson,Nashville,3/16/2021 11:35:00 PM,2,0,0,36.143660,-86.738110,I 40,,,,0.00,,,,,,,212.60,N,Not at Intersection,N,Non-Junction,None,,,         ,Daniel,Fuentes,,Angle,no,no,no,no,no,False
102925339,METROPOLITAN NASHVILLE POLICE DEPT,20210153040,Davidson,Nashville,3/16/2021 11:18:00 PM,2,2,0,36.231600,-86.781520,EWING DR,,,,0.00,,,BRICK CHURCH PKE,,,,0.00,Y,Four-Way,N,Intersection,None,,,         ,Coleman,McKellar,Clear,HeadOn,no,no,no,no,no,False
102925359,METROPOLITAN NASHVILLE POLICE DEPT,20210153129,Davidson,Nashville,3/17/2021 12:40:00 AM,2,0,0,36.229240,-86.759300,DICKERSON PKE,,,,66.00,Feet,South,BROADMOOR DR,,,,0.00,N,Not at Intersection, ,Non-Junction,None,,,         ,Devyn,Hollinsworth,Clear,Front to Rear,no,no,no,yes,yes,False
102925360,METROPOLITAN NASHVILLE POLICE DEPT,20210153267,Davidson,Nashville,3/17/2021 2:45:00 AM,1,1,0,36.126660,-86.629790,BELL RD,,,,301.00,Feet,South,PRIEST WOODS DR,,,,0.00,N,Not at Intersection,N,Non-Junction,None,,,         ,Bridget,Griepentrog,,Not Collision with Motor Vehicle in Transport,yes,no,no,no,yes,False
102925403,METROPOLITAN NASHVILLE POLICE DEPT,20210153440,Davidson,Not in City Limit,3/17/2021 5:32:00 AM,1,0,0,36.336250,-86.910330,I 24,,,,0.00,,,,,,,32.35,N,Not at Intersection,N,Non-Junction,None,,,         ,John,Deiterick,Clear,Not Collision with Motor Vehicle in Transport,no,no,no,no,no,False
102925416,METROPOLITAN NASHVILLE POLICE DEPT,20210153498,Davidson,Nashville,3/17/2021 5:55:00 AM,2,0,0,36.142620,-86.708690,I 40,,,,0.00,,,,,,,214.30,N,Not at Intersection, ,Non-Junction,None,,,         ,Michael,Dance,Clear,"Sideswipe, Same Direction",no,no,no,no,no,False
102925441,METROPOLITAN NASHVILLE POLICE DEPT,20210153492,Davidson,Not in City Limit,3/17/2021 6:10:00 AM,1,0,0,36.071120,-86.947080,TODD PREIS DR,,,,0.00,,,SAWYER BROWN RD,,,,0.00,Y,Roundabout,N,Intersection,None,,,         ,Curtis,Rich,Cloudy,Not Collision with Motor Vehicle in Transport,no,no,no,no,no,False
102925446,METROPOLITAN NASHVILLE POLICE DEPT,20210153582,Davidson,Nashville,3/17/2021 7:40:00 AM,2,0,0,36.153880,-86.801190,20TH AVN,,,,0.00,,,HUBBS ALY,,,,0.00,Y,T-Intersection, ,Intersection,None,,,         ,Earl,Davis,Cloudy,"Sideswipe, Same Direction",no,no,no,no,no,False