master_record_number,agency,agency_tracking_number,county,city,collision_date,vehicles_involved,number_injured,number_dead,latitude,longitude,roadway_name,roadway_suffix,roadway_number,roadway_local_id,distance_from_reference,miles-feet_indicator,direction_from_reference,intersection_road_name,intersection_road_name_suffix,intersection_road_number,intersection_local_id,mile_marker,intersection_indicator,intersect_type,interchange_related_indicator,relation_to_junction,work_zone_type,construction_maintenance_zone,construction_maintenance_zone_location,fatal_case_number,officer_first_name,officer_last_name,weather_condition(s),manner_of_crash,pedestrian,bicycle,scooter,parking,hitrun,mou
102925454,METROPOLITAN NASHVILLE POLICE DEPT,20210153507,Davidson,Nashville,3/17/2021 6:51:00 AM,2,0,0,36.106650,-86.719000,I 24,,,,0.00,,,,,,,54.00,N,Not at Intersection, ,Non-Junction,None,,,         ,Joe,Hooper,Cloudy,"Sideswipe, Same Direction",no,no,no,no,no,False
102925460,METROPOLITAN NASHVILLE POLICE DEPT,20210153548,Davidson,Nashville,3/17/2021 6:15:00 AM,1,0,0,36.164710,-86.614540,I 40,,,,0.00,,,,,,,220.00,N,Not at Intersection, ,Non-Junction,None,,,         ,Ian,Hammond,"Cloudy, Fog",Unknown,no,no,no,no,no,False
102925481,METROPOLITAN NASHVILLE POLICE DEPT,20210153609,Davidson,Antioch,3/17/2021 8:01:00 AM,2,2,0,36.016850,-86.619880,FIRESTONE PKWY,,,,0.00,Feet,East,OLD HICKORY BLVD,,,,0.00,N,Not at Intersection,N,Non-Junction,None,,,         ,Joe,Hooper,Cloudy,"Sideswipe, Same Direction",no,no,no,no,no,False
102925482,METROPOLITAN NASHVILLE POLICE DEPT,20210153637,Davidson,Nashville,3/17/2021 8:10:00 AM,2,0,0,36.089380,-86.702790,I 24,,,,0.00,,,,,,,55.45,N,Not at Intersection,N,Non-Junction,None,,,         ,Neil,Wolfe,Clear,"Sideswipe, Same Direction",no,no,no,no,yes,False
102925496,METROPOLITAN NASHVILLE POLICE DEPT,20210153426,Davidson,Nashville,3/17/2021 5:10:00 AM,2,0,0,36.169470,-86.806620,DR D B TODD JR BLVD,,,,0.00,,,JEFFERSON ST,,,,0.00,Y,Four-Way, ,Intersection,None,,,         ,Christopher,Royer,Clear,Angle,no,no,no,no,no,False
102925502,METROPOLITAN NASHVILLE POLICE DEPT,20210153653,Davidson,Nashville,3/17/2021 8:31:00 AM,2,0,0,36.045690,-86.718310,HICKORY TRACE DR,,,,165.00,Feet,North,OLD HICKORY BLVD,,,,0.00,N,Not at Intersection,N,"Driveway, Alley Access, etc",None,,,         ,Earl,Davis,Cloudy,Angle,no,no,no,yes,yes,False
102925505,METROPOLITAN NASHVILLE POLICE DEPT,20210151926,Davidson,Nashville,3/16/2021 11:50:00 AM,2,0,0,36.151750,-86.772900,DIVISION ST,,,,0.00,,,5TH AVS,,,,0.00,Y,T-Intersection, ,Intersection-Related,None,,,         ,Wesley,Young,Clear,Front to Rear,no,no,no,no,no,False
102925506,METROPOLITAN NASHVILLE POLICE DEPT,20210153683,Davidson,Nashville,3/17/2021 8:45:00 AM,2,0,0,36.170460,-86.799470,MEHARRY BLVD,,,,220.00,Feet,West,12TH AVN,,,,0.00,N,Not at Intersection, ,Non-Junction,None,,,         ,Royce,McLester,Cloudy,Front to Rear,no,no,no,no,no,False
102925509,METROPOLITAN NASHVILLE POLICE DEPT,20210153769,Davidson,Antioch,3/17/2021 9:59:00 AM,1,2,0,36.021710,-86.616510,OLD HICKORY BLVD,,,,1549.00,Feet,North,OWEN DR,,,,0.00,N,Not at Intersection,N,Non-Junction,None,,,         ,Joe,Hooper,Cloudy,Not Collision with Motor Vehicle in Transport,no,no,no,no,no,False
102925532,METROPOLITAN NASHVILLE POLICE DEPT,20210153876,Davidson,Nashville,3/17/2021 11:11:00 AM,1,0,0,36.116250,-86.798440,I 440,,,,0.00,,,,,,,3.35,N,Not at Intersection,N,Non-Junction,None,,,         ,Earl,Davis,Rain,Not Collision with Motor Vehicle in Transport,no,no,no,no,no,False
102925544,METROPOLITAN NASHVILLE POLICE DEPT,20210153901,Davidson,Nashville,3/17/2021 11:15:00 AM,2,0,0,36.086580,-86.771970,FRANKLIN PKE,,,,0.00,,,BATTERY LN,,,,0.00,Y,Four-Way, ,Intersection,None,,,         ,Earl,Davis,Rain,HeadOn,no,no,no,no,no,False
102925555,METROPOLITAN NASHVILLE POLICE DEPT,20210153909,Davidson,Nashville,3/17/2021 11:29:00 AM,1,1,0,36.149730,-86.822710,I 440,,,,0.00,,,,,,,1.45,N,Not at Intersection,N,Non-Junction,None,,,         ,Curtis,Rich,"Cloudy, Rain",Not Collision with Motor Vehicle in Transport,no,no,no,no,no,False
102925556,METROPOLITAN NASHVILLE POLICE DEPT,20210153753,Davidson,Nashville,3/17/2021 9:51:00 AM,2,0,0,36.206620,-86.777900,W TRINITY LN,,,,0.00,,,BRICK CHURCH PKE,,,,0.00,Y,Four-Way, ,Non-Junction,None,,,         ,James,Wray,Cloudy,Front to Rear,no,no,no,no,no,False
102925570,METROPOLITAN NASHVILLE POLICE DEPT,20210153912,Davidson,Nashville,3/17/2021 11:37:00 AM,2,1,0,36.071340,-86.690880,I 24,,,,0.00,,,,,,,56.85,N,Not at Intersection,N,Non-Junction,None,,,         ,Joe,Hooper,Rain,Angle,no,no,no,no,no,False
102925632,METROPOLITAN NASHVILLE POLICE DEPT,20210153973,Davidson,Nashville,3/17/2021 12:15:00 PM,2,1,0,36.170820,-86.601580,I40 W ENT RAMP,,,,0.00,,,I 40,,,,0.00,Y,OTHER,N,Entrance/Exit Ramp Related,None,,,         ,Michael,Dance,Rain,Angle,no,no,no,no,no,False
102925639,METROPOLITAN NASHVILLE POLICE DEPT,20210153951,Davidson,Nashville,3/17/2021 11:45:00 AM,2,0,0,36.153980,-86.836260,I 40,,,,0.00,,,,,,,205.15,N,Not at Intersection, ,Non-Junction,None,,,         ,George,Spencer,Rain,Front to Rear,no,no,no,no,no,False
102925652,METROPOLITAN NASHVILLE POLICE DEPT,20210154033,Davidson,Nashville,3/17/2021 12:09:00 PM,3,0,0,36.076270,-86.725300,NOLENSVILLE PKE,,,,310.00,Feet,South,WALLACE RD,,,,0.00,N,Not at Intersection, ,Non-Junction,None,,,         ,Joe,Hooper,Rain,"Sideswipe, Same Direction",no,no,no,no,no,False
102925661,METROPOLITAN NASHVILLE POLICE DEPT,20210153992,Davidson,Nashville,3/17/2021 12:32:00 PM,3,3,0,36.121210,-86.696710,BRILEY PKWYN,,,,64.00,Feet,North,BRILEY PKWY N ENT RAMP,,,,0.00,N,Not at Intersection,N,Entrance/Exit Ramp Related,None,,,         ,Michael,Dance,Rain,"Sideswipe, Same Direction",no,no,no,no,no,False
102925666,METROPOLITAN NASHVILLE POLICE DEPT,20210153989,Davidson,Nashville,3/17/2021 12:26:00 PM,2,0,0,36.158410,-86.790610,GEORGE L DAVIS BLVD,,,,0.00,,,CHURCH ST,,,,0.00,Y,Four-Way, ,Intersection,None,,,         ,Michael,Douglas,Rain,Front to Rear,no,no,no,no,no,False
102925672,METROPOLITAN NASHVILLE POLICE DEPT,20210153852,Davidson,Nashville,3/17/2021 10:52:00 AM,2,1,0,36.202220,-86.776850,I 65,,,,0.00,,,,,,,87.00,N,Not at Intersection,N,Non-Junction,None,,,         ,James,Wray,Rain,Front to Rear,no,no,no,no,no,False
102925681,METROPOLITAN NASHVILLE POLICE DEPT,20210153993,Davidson,Nashville,3/17/2021 11:28:00 AM,2,0,0,36.191080,-86.745170,GALLATIN AV,,,,110.00,Feet,North,GREENWOOD AV,,,,0.00,N,Not at Intersection, ,Non-Junction,None,,,         ,William,Clemons,,"Sideswipe, Same Direction",no,no,no,no,no,False
102925687,METROPOLITAN NASHVILLE POLICE DEPT,2021-0154050,Davidson,Nashville,3/17/2021 12:45:00 PM,2,0,0,36.173870,-86.602730,CENTRAL PKE,,,,198.00,Feet,West,OLD HICKORY BLVD,,,,0.00,N,Not at Intersection, ,Non-Junction,None,,,         ,Calvin,Graham,Rain,Front to Rear,no,no,no,no,yes,False
102925692,METROPOLITAN NASHVILLE POLICE DEPT,20210154099,Davidson,Nashville,3/17/2021 1:50:00 PM,2,0,0,36.082320,-86.727160,NOLENSVILLE PKE,,,,75.00,Feet,South,WELSHWOOD DR,,,,0.00,N,Not at Intersection,N,Non-Junction,None,,,         ,Earl,Davis,Cloudy,"Sideswipe, Same Direction",no,no,no,no,yes,False
102925698,METROPOLITAN NASHVILLE POLICE DEPT,20210154147,Davidson,Nashville,3/17/2021 1:30:00 PM,2,0,0,36.188340,-86.742860,SHARPE AV,,,,0.00,,,N 14TH ST,,,,0.00,Y,Four-Way, ,Intersection-Related,None,,,         ,Lindsey,Anderson,,Front to Rear,no,no,no,no,no,False
102925700,METROPOLITAN NASHVILLE POLICE DEPT,20210154073,Davidson,Nashville,3/17/2021 12:17:00 PM,3,0,0,36.210920,-86.733110,GREENFIELD AV,,,,0.00,,,GALLATIN PKE,,,,0.00,Y,T-Intersection,N,Intersection,None,,,         ,Ronald,Bright,Rain,Front to Rear,no,no,no,no,yes,False
102925720,METROPOLITAN NASHVILLE POLICE DEPT,20210154161,Davidson,Nashville,3/17/2021 2:32:00 PM,2,0,0,36.167630,-86.815930,I 40,,,,0.00,,,,,,,206.75,N,Not at Intersection,N,Non-Junction,None,,,         ,Michael,Dance,Clear,Not Collision with Motor Vehicle in Transport,no,no,no,no,no,False
102925721,METROPOLITAN NASHVILLE POLICE DEPT,20210152942,Davidson,Nashville,3/16/2021 9:09:00 PM,2,0,0,36.151090,-86.791730,MUSIC SQE,,,,139.00,Feet,North,MUSIC CIRN,,,,0.00,N,Not at Intersection,N,Non-Junction,None,,,         ,Travis,Pemberton,Clear,Angle,no,no,no,yes,yes,False
102925724,METROPOLITAN NASHVILLE POLICE DEPT,20210154114,Davidson,Nashville,3/17/2021 1:59:00 PM,2,0,0,36.171430,-86.769040,MAIN ST,,,,0.00,,,INTERSTATE DR,,,,0.00,Y,Four-Way, ,Non-Junction,None,,,         ,Michael,Douglas,Rain,Front to Rear,no,no,no,no,no,False
102925733,METROPOLITAN NASHVILLE POLICE DEPT,20210154130,Davidson,Nashville,3/17/2021 2:15:00 PM,2,0,0,36.157570,-86.773590,KOREAN VETERANS BLVD,,,,30.00,Feet,West,3RD AVS,,,,0.00,N,Not at Intersection, ,Non-Junction,None,,,         ,Russell,Freeman,Cloudy,Front to Rear,no,no,no,no,no,False
102925734,METROPOLITAN NASHVILLE POLICE DEPT,20210154217,Davidson,Nashville,3/17/2021 3:01:00 PM,2,0,0,36.039830,-86.740950,OLD HICKORY BLVD,,,,528.00,Feet,West,HIGHLAND WAY,,,,0.00,N,Not at Intersection,N,Non-Junction,None,,,         ,Steven,Powers,Cloudy,"Sideswipe, Same Direction",no,no,no,no,no,False
102925735,METROPOLITAN NASHVILLE POLICE DEPT,20210154233,Davidson,Nashville,3/17/2021 2:58:00 PM,2,0,0,36.200190,-86.689220,OPRY MILLS DR,,,,191.00,Feet,West,BRILEY PKWYN,,,,0.00,N,Not at Intersection,N,Non-Junction,None,,,         ,Randall,Ward,Cloudy,Unknown,no,no,no,yes,yes,False
102925745,METROPOLITAN NASHVILLE POLICE DEPT,20210154245,Davidson,Nashville,3/17/2021 3:26:00 PM,3,2,0,36.085010,-86.703170,HARDING PL,,,,50.00,Feet,East,TRAVELERS INN DR,,,,0.00,N,Not at Intersection,N,Non-Junction,None,,,         ,Robert,Higgins,Cloudy,Front to Rear,no,no,no,no,no,False
102925746,METROPOLITAN NASHVILLE POLICE DEPT,20210154212,Davidson,Nashville,3/17/2021 1:30:00 PM,1,1,0,36.195000,-86.618090,HERMITAGE MARKETPLACE PVTDR,,,,268.00,Feet,North,OLD HICKORY BLVD,,,,0.00,N,Not at Intersection,N,Non-Junction,None,,,         ,Zaire,Murray,Rain,Not Collision with Motor Vehicle in Transport,no,no,no,yes,no,False
102925748,METROPOLITAN NASHVILLE POLICE DEPT,20210154186,Davidson,Nashville,3/17/2021 2:50:00 PM,2,3,0,36.100450,-86.672280,CITATION DR,,,,0.00,,,EZELL PKE,,,,0.00,Y,Four-Way,N,Intersection,None,,,         ,Beri,Scott,Cloudy,Angle,no,no,no,no,no,False
102925750,METROPOLITAN NASHVILLE POLICE DEPT,20210154284,Davidson,Nashville,3/17/2021 3:00:00 PM,2,0,0,36.141500,-86.699860,BRILEY PKWYS,,,,15.00,Feet,North,I40 E EXT RAMP,,,,0.00,N,Not at Intersection, ,Non-Junction,None,,,         ,Christopher,Beery,Cloudy,"Sideswipe, Same Direction",no,no,no,no,no,False
102925774,METROPOLITAN NASHVILLE POLICE DEPT,20210154215,Davidson,Nashville,3/17/2021 2:35:00 PM,1,0,0,36.088920,-86.643660,NASHBORO BLVD,,,,0.00,,,,,,,0.00,,,N,Non-Junction,None,,,         ,Phillip,Burke,Clear,Not Collision with Motor Vehicle in Transport,no,no,no,no,yes,False
102925781,METROPOLITAN NASHVILLE POLICE DEPT,20210154243,Davidson,Not in City Limit,3/17/2021 3:27:00 PM,2,1,0,36.319320,-86.887920,BIDWELL RD,,,,27.00,Feet,East,OLD CLARKSVILLE PKE,,,,0.00,N,Not at Intersection,N,Non-Junction,None,,,         ,Alec,Pellissier,Cloudy,Angle,no,no,no,no,no,False
102925783,METROPOLITAN NASHVILLE POLICE DEPT,20210154359,Davidson,Nashville,3/17/2021 4:00:00 PM,2,0,0,36.169990,-86.761260,S 6TH ST,,,,237.00,Feet,South,FATHERLAND ST,,,,0.00,N,Not at Intersection,N,Non-Junction,None,,,         ,Kevin,Clausius,Rain,Angle,no,no,no,no,yes,False
102925793,Nashville Airport Police,2021-00632,Davidson,Nashville,3/2/2021 5:41:00 PM,2,0,0,36.130950,-86.665470,TERMINAL DR,,,,473.00,Feet,South,RAMP,,,,0.00,N,Not at Intersection, ,Entrance/Exit Ramp Related,None,,,         ,Christopher,Kullman,Clear,Front to Rear,no,no,no,no,no,False
102925814,METROPOLITAN NASHVILLE POLICE DEPT,20210154370,Davidson,Nashville,3/17/2021 12:00:00 AM,1,1,0,36.228480,-86.852100,BRILEY PKWYW,,,,642.00,Feet,West,BRILEY PKWYE,,,,0.00,N,Not at Intersection,N,Non-Junction,None,,,         ,Melvin,Taylor,Rain,Not Collision with Motor Vehicle in Transport,no,no,no,no,no,False
102925827,METROPOLITAN NASHVILLE POLICE DEPT,20210154387,Davidson,Nashville,3/17/2021 4:45:00 PM,2,0,0,36.065630,-86.629350,MURFREESBORO PKE,,,,53.00,Feet,South,HAMILTON CROSSINGS,,,,0.00,N,Not at Intersection, ,Non-Junction,None,,,         ,Beri,Scott,"Cloudy, Rain","Sideswipe, Same Direction",no,no,no,no,no,False
102925830,METROPOLITAN NASHVILLE POLICE DEPT,20210154227,Davidson,Not in City Limit,3/17/2021 2:31:00 PM,2,0,0,36.269530,-86.757240,OLD HICKORY BLVD,,,,477.00,Feet,West,DICKERSON PKE,,,,0.00,N,Not at Intersection,N,Non-Junction,None,,,         ,Rodney,Phipps,Rain,"Sideswipe, Opposite Direction",no,no,no,yes,yes,False
102925842,METROPOLITAN NASHVILLE POLICE DEPT,20210154503,Davidson,Nashville,3/17/2021 5:31:00 PM,2,1,0,36.206690,-86.779050,W TRINITY LN,,,,182.00,Feet,West,HAMPTON ST,,,,0.00,N,Not at Intersection,N,Non-Junction,None,,,         ,Mary,Hall,Rain,Angle,no,no,no,no,yes,False
102925843,METROPOLITAN NASHVILLE POLICE DEPT,20210154449,Davidson,Nashville,3/17/2021 5:20:00 PM,2,0,0,36.154080,-86.785860,12TH AVS,,,,199.00,Feet,North,LAUREL ST,,,,0.00,N,Not at Intersection, ,Non-Junction,None,,,         ,Joel,Cottrill,Rain,Angle,no,no,no,no,yes,False
102925844,METROPOLITAN NASHVILLE POLICE DEPT,20210154513,Davidson,Nashville,3/17/2021 5:46:00 PM,2,0,0,36.045700,-86.674170,BELL RD,,,,54.00,Feet,East,BLUE HOLE RD,,,,0.00,N,Not at Intersection,N,Non-Junction,None,,,         ,Garrett,Reingardt,Rain,"Sideswipe, Same Direction",no,no,no,no,yes,False
102925845,METROPOLITAN NASHVILLE POLICE DEPT,20210154506,Davidson,Nashville,3/17/2021 5:49:00 PM,1,0,0,36.239490,-86.776130,BRILEY PKWYW,,,,275.00,Feet,North,DOVERSIDE DR,,,,0.00,N,Not at Intersection,N,Non-Junction,None,,,         ,Joshua,Dodge,Rain,Not Collision with Motor Vehicle in Transport,no,no,no,no,no,False
102925847,METROPOLITAN NASHVILLE POLICE DEPT,20210154273,Davidson,Nashville,3/17/2021 2:20:00 PM,2,1,0,36.074480,-86.920940,OLD HICKORY BLVD,,,,0.00,,,HIGHWAY 70S,,,,0.00,Y,Four-Way,Y,Intersection-Related,None,,,         ,Michael,Sipos,"Cloudy, Rain","Sideswipe, Same Direction",no,no,no,no,yes,False
102925849,METROPOLITAN NASHVILLE POLICE DEPT,20210154437,Davidson,Nashville,3/17/2021 5:14:00 PM,2,0,0,36.127970,-86.901070,I 40,,,,0.00,,,,,,,200.85,N,Not at Intersection,N,Non-Junction,None,,,         ,Brandon,Pedigo,Rain,Front to Rear,no,no,no,no,no,False
102925853,METROPOLITAN NASHVILLE POLICE DEPT,20210154208,Davidson,Nashville,3/17/2021 12:00:00 AM,3,0,0,36.141850,-86.760540,1ST AVS,,,,0.00,,,,,,,0.00,,,N,Non-Junction,None,,,         ,Robert,Higgins,Unknown,Angle,no,no,no,yes,yes,False
102925860,METROPOLITAN NASHVILLE POLICE DEPT,20210154517,Davidson,Nashville,3/17/2021 5:45:00 PM,2,0,0,36.230700,-86.748280,ELLINGTON PKWY S EXT RAMP,,,,0.00,,,BROADMOOR DR,,,,0.00,Y,T-Intersection, ,Entrance/Exit Ramp Related,None,,,         ,Cooper,HIll,,Front to Rear,no,no,no,no,no,False
102925862,METROPOLITAN NASHVILLE POLICE DEPT,20210154623,Davidson,Nashville,3/17/2021 6:45:00 PM,2,0,0,36.157850,-86.788600,GRUNDY ST,,,,0.00,Feet,West,12TH AVN,,,,0.00,N,Not at Intersection, ,Non-Junction,None,,,         ,Gabriel,Vasquez,Rain,Front to Rear,no,no,no,no,no,False
102925875,METROPOLITAN NASHVILLE POLICE DEPT,20210154722,Davidson,Nashville,3/17/2021 7:43:00 PM,2,0,0,36.185530,-86.817180,25TH AVN,,,,3.00,Feet,North,CLARKSVILLE PKE,,,,0.00,N,Not at Intersection,N,Non-Junction,None,,,         ,Daniel,Kallman,Rain,Front to Rear,no,no,no,no,no,False
102925898,METROPOLITAN NASHVILLE POLICE DEPT,20210154795,Davidson,Nashville,3/17/2021 8:20:00 PM,1,0,0,36.037870,-86.646490,I 24,,,,0.00,,,,,,,60.25,N,Not at Intersection,N,Non-Junction,None,,,         ,Beri,Scott,"Cloudy, Rain",Not Collision with Motor Vehicle in Transport,no,no,no,no,no,False
102925924,METROPOLITAN NASHVILLE POLICE DEPT,20210154522,Davidson,Nashville,3/17/2021 5:10:00 PM,1,0,0,36.127330,-86.901700,I 40,,,,0.00,,,,,,,200.80,N,Not at Intersection, ,Non-Junction,None,,,         ,Michael,Sipos,"Cloudy, Rain",Not Collision with Motor Vehicle in Transport,no,no,no,no,no,False
102925930,METROPOLITAN NASHVILLE POLICE DEPT,2021-0154446,Davidson,Nashville,3/17/2021 5:21:00 PM,1,0,0,36.116210,-86.798330,I 440,,,,0.00,,,,,,,3.35,N,Not at Intersection,N,Non-Junction,None,,,         ,William,King,Rain,Not Collision with Motor Vehicle in Transport,no,no,no,no,no,False
102925952,METROPOLITAN NASHVILLE POLICE DEPT,20210154821,Davidson,Nashville,3/17/2021 8:25:00 PM,2,0,0,36.175340,-86.740720,HOLLY ST,,,,140.00,Feet,East,EVANDER ST,,,,0.00,N,Not at Intersection,N,Non-Junction,None,,,         ,Kelsey,Hemminger,Rain,Unknown,no,no,no,no,yes,False
102925960,METROPOLITAN NASHVILLE POLICE DEPT,20210154526,Davidson,Nashville,3/17/2021 6:06:00 PM,2,1,0,36.153850,-86.757110,I 40,,,,0.00,,,,,,,211.15,N,Not at Intersection,N,Non-Junction,None,,,         ,Douglas,Mann,Rain,Angle,no,no,no,no,no,False
102925964,METROPOLITAN NASHVILLE POLICE DEPT,20210154637,Davidson,Nashville,3/17/2021 6:57:00 PM,2,2,0,36.253220,-86.716800,EMMITT AV,,,,0.00,,,GALLATIN PKES,,,,0.00,Y,Four-Way,N,Intersection,None,,,         ,Kevin,Crawford,Rain,Angle,no,no,no,no,no,False
102925970,METROPOLITAN NASHVILLE POLICE DEPT,20210154847,Davidson,Nashville,3/17/2021 8:50:00 PM,3,1,0,36.206560,-86.776470,I 65,,,,0.00,,,,,,,87.30,N,Not at Intersection,N,Non-Junction,None,,,         ,Mary,Hall,Rain,Front to Rear,no,no,no,no,yes,False
102925975,METROPOLITAN NASHVILLE POLICE DEPT,20210154829,Davidson,Nashville,3/17/2021 8:41:00 PM,1,0,0,36.187820,-86.686200,TWO RIVERS PKWY,,,,85.00,Feet,East,STONES RIVER GRNWY,,,,0.00,N,Not at Intersection,N,Non-Junction,None,,,         ,Douglas,Mann,Clear,Not Collision with Motor Vehicle in Transport,no,no,no,no,no,False
102925978,METROPOLITAN NASHVILLE POLICE DEPT,20210154970,Davidson,Nashville,3/17/2021 9:46:00 PM,2,0,0,36.045600,-86.658470,I24 W EXT RAMP,,,,0.00,,,I 24,,,,0.00,Y,Four-Way,N,Non-Junction,None,,,         ,Garrett,Reingardt,Rain,Angle,no,no,no,no,no,False
102925990,METROPOLITAN NASHVILLE POLICE DEPT,20210154978,Davidson,Nashville,3/17/2021 12:00:00 AM,2,0,0,36.150050,-86.625420,BELL RD,,,,801.00,Feet,South,BLACKWOOD DR,,,,0.00,N,Not at Intersection,N,Non-Junction,None,,,         ,Keenan,McCann,,Angle,no,no,no,no,no,False
102926006,METROPOLITAN NASHVILLE POLICE DEPT,20210154939,Davidson,Nashville,3/17/2021 9:30:00 PM,2,0,0,36.138780,-86.800120,CAPERS AV,,,,139.00,Feet,East,21ST AVS,,,,0.00,N,Not at Intersection,N,Non-Junction,None,,,         ,Cory,Stratton,Rain,Rear to Rear,no,no,no,no,yes,Campus
102926011,METROPOLITAN NASHVILLE POLICE DEPT,20210155049,Davidson,Nashville,3/17/2021 10:48:00 PM,1,0,0,36.150810,-86.822450,I 440,,,,0.00,,,,,,,1.50,N,Not at Intersection,N,Non-Junction,None,,,         ,Douglas,Sykes,Rain,Not Collision with Motor Vehicle in Transport,no,no,no,no,no,False
102926013,METROPOLITAN NASHVILLE POLICE DEPT,20210155041,Davidson,Nashville,3/17/2021 10:45:00 PM,1,0,0,36.160130,-86.821280,I 40,,,,0.00,,,,,,,206.10,N,Not at Intersection,N,Non-Junction,None,,,         ,Chad,Connors,Rain,Unknown,no,no,no,no,yes,False
102926016,METROPOLITAN NASHVILLE POLICE DEPT,20210154956,Davidson,Nashville,3/17/2021 9:53:00 PM,2,4,0,36.177010,-86.754490,MAIN ST,,,,335.00,Feet,East,MCFERRIN AV,,,,0.00,N,Not at Intersection,N,Non-Junction,None,,,         ,Zachary,Aldrich,,"Sideswipe, Opposite Direction",no,no,no,no,yes,False
102926017,METROPOLITAN NASHVILLE POLICE DEPT,20210155000,Davidson,Nashville,3/17/2021 10:15:00 PM,3,0,0,36.143670,-86.737780,I 40,,,,0.00,,,,,,,212.60,N,Not at Intersection,N,Non-Junction,None,,,         ,Joseph,Simon,,Angle,no,no,no,no,yes,False
102926025,METROPOLITAN NASHVILLE POLICE DEPT,20210155110,Davidson,Nashville,3/17/2021 11:15:00 PM,1,1,0,36.206310,-86.790970,BAPTIST WORLD CENTER DR,,,,147.00,Feet,North,GOOCH ST,,,,0.00,N,Not at Intersection,N,Non-Junction,None,,,         ,David,Crisman,Rain,Not Collision with Motor Vehicle in Transport,no,no,no,no,no,False
102926045,METROPOLITAN NASHVILLE POLICE DEPT,20210155157,Davidson,Nashville,3/17/2021 11:41:00 PM,1,0,0,36.255350,-86.752730,DUE WEST AVN,,,,464.00,Feet,East,DUE WEST AV N PVTDR,,,,0.00,N,Not at Intersection,N,Non-Junction,None,,,         ,Derrick,Toney,Rain,Not Collision with Motor Vehicle in Transport,no,no,no,no,no,False
102926046,METROPOLITAN NASHVILLE POLICE DEPT,20210155179,Davidson,Nashville,3/17/2021 11:30:00 PM,2,0,0,36.153020,-86.789610,DEMONBREUN ST,,,,405.00,Feet,West,14TH AVS,,,,0.00,N,Not at Intersection,N,Non-Junction,None,,,         ,Maximillian,Goldberg,Cloudy,"Sideswipe, Same Direction",no,no,no,no,yes,False
102926047,METROPOLITAN NASHVILLE POLICE DEPT,20210155097,Davidson,Nashville,3/17/2021 11:18:00 PM,1,0,0,36.129790,-86.899420,I 40,,,,0.00,,,,,,,201.00,N,Not at Intersection,N,Non-Junction,None,,,         ,David,Moser,Rain,Not Collision with Motor Vehicle in Transport,no,no,no,no,no,False
102926050,METROPOLITAN NASHVILLE POLICE DEPT,20210155263,Davidson,Nashville,3/18/2021 1:07:00 AM,1,1,0,36.100920,-86.724130,ANTIOCH PIKE,,,,254.00,Feet,East,DUMAS DR,,,,0.00,N,Not at Intersection,N,Non-Junction,None,,,         ,Garrett,Latham,Rain,Not Collision with Motor Vehicle in Transport,no,no,no,no,no,False
102926062,METROPOLITAN NASHVILLE POLICE DEPT,20210155050,Davidson,Nashville,3/17/2021 12:00:00 AM,1,1,0,36.129270,-86.899890,I 40,,,,0.00,,,,,,,201.00,N,Not at Intersection,N,Non-Junction,None,,,         ,Colin,Bleem,Rain,Not Collision with Motor Vehicle in Transport,no,no,no,no,no,False
102926071,METROPOLITAN NASHVILLE POLICE DEPT,20210155320,Davidson,Nashville,3/18/2021 1:55:00 AM,1,0,0,36.155850,-86.789240,I 40,,,,0.00,,,,,,,209.15,N,Not at Intersection,N,Non-Junction,None,,,         ,Damon,Hutcheson,Rain,Unknown,no,no,no,no,yes,False
102926073,METROPOLITAN NASHVILLE POLICE DEPT,20210155321,Davidson,Nashville,3/18/2021 1:39:00 AM,2,0,0,36.133540,-86.722930,PLUS PARK BLVD,,,,207.00,Feet,South,MURFREESBORO PKE,,,,0.00,N,Not at Intersection,N,Non-Junction,None,,,         ,Robert,Leverick,Rain,HeadOn,no,no,no,yes,yes,False
102926077,GOODLETTSVILLE POLICE DEPT,21-07493,Davidson,Goodlettsville,3/17/2021 9:35:00 PM,2,0,0,36.308380,-86.704150,I 65,,,,0.00,,,,,,,95.90,N,Not at Intersection,N,Non-Junction,None,,,         ,Christopher,Jones,,Angle,no,no,no,no,no,False
102926078,METROPOLITAN NASHVILLE POLICE DEPT,20210155067,Davidson,Nashville,3/17/2021 12:00:00 AM,2,0,0,36.128560,-86.900500,I40 E EXT RAMP,,,,0.00,Feet,East,I 40,,,,0.00,N,Not at Intersection,N,Non-Junction,None,,,         ,Colin,Bleem,Rain,Angle,no,no,no,no,no,False
102926079,METROPOLITAN NASHVILLE POLICE DEPT,20210155295,Davidson,Nashville,3/18/2021 1:30:00 AM,2,1,0,36.161050,-86.691360,BRILEY PKWYN,,,,1262.00,Feet,North,BRILEY PKWYS,,,,0.00,N,Not at Intersection,N,Non-Junction,None,,,         ,Zachariah,Bush,Rain,Angle,no,no,no,no,no,False