master_record_number,agency,agency_tracking_number,county,city,collision_date,vehicles_involved,number_injured,number_dead,latitude,longitude,roadway_name,roadway_suffix,roadway_number,roadway_local_id,distance_from_reference,miles-feet_indicator,direction_from_reference,intersection_road_name,intersection_road_name_suffix,intersection_road_number,intersection_local_id,mile_marker,intersection_indicator,intersect_type,interchange_related_indicator,relation_to_junction,work_zone_type,construction_maintenance_zone,construction_maintenance_zone_location,fatal_case_number,officer_first_name,officer_last_name,weather_condition(s),manner_of_crash,pedestrian,bicycle,scooter,parking,hitrun,mou
102926084,METROPOLITAN NASHVILLE POLICE DEPT,20210155159,Davidson,Nashville,3/17/2021 11:58:00 PM,2,1,0,36.175950,-86.772410,I24 E EXT RAMP,,,,0.00,Feet,East,I 24,,,,0.00,N,Not at Intersection,Y,Non-Junction,None,,,         ,Kelcey,Bell,Rain,Angle,no,no,no,no,no,False
102926088,METROPOLITAN NASHVILLE POLICE DEPT,20210155241,Davidson,Nashville,3/18/2021 12:50:00 AM,3,2,0,36.155280,-86.760020,I40 E ENT RAMP,,,,0.00,Feet,East,I 40,,,,0.00,N,Not at Intersection,Y,Entrance/Exit Ramp Related,None,,,         ,William,Burnett,,Front to Rear,no,no,no,no,yes,False
102926100,GOODLETTSVILLE POLICE DEPT,21-07502,Davidson,Goodlettsville,3/18/2021 1:45:00 AM,2,0,0,36.310530,-86.704810,I65 S EXT RAMP,,,,0.00,,,I 65,,,,0.00,Y,Y-Intersection,N,Entrance/Exit Ramp Related,None,,,         ,Austin,Herendeen,,"Sideswipe, Same Direction",no,no,no,no,no,False
102926105,METROPOLITAN NASHVILLE POLICE DEPT,20210155202,Davidson,Nashville,3/18/2021 12:27:00 AM,1,0,0,36.080020,-86.697560,LINBAR DR,,,,958.00,Feet,South,LUNA DR,,,,0.00,N,Not at Intersection,N,Non-Junction,None,,,         ,William,Williams,Rain,Not Collision with Motor Vehicle in Transport,no,no,no,no,no,False
102926107,METROPOLITAN NASHVILLE POLICE DEPT,20210155475,Davidson,Nashville,3/18/2021 4:15:00 AM,1,0,0,36.039080,-86.610350,HOBSON,PIKE,,,500.00,Feet,North,OLD HICKORY,BLVD,,,0.00,N,Not at Intersection,N,Non-Junction,None,,,         ,Kevin,Breeding,Rain,Not Collision with Motor Vehicle in Transport,no,no,no,no,no,False
102926122,METROPOLITAN NASHVILLE POLICE DEPT,20210155520,Davidson,Nashville,3/18/2021 4:47:00 AM,1,1,0,36.050140,-86.667520,I 24,,,,0.00,,,,,,,58.85,N,Not at Intersection,N,Non-Junction,Construction Zone,Work On Shoulder Or Median,Unknown,         ,Kaleigh,Pearce,,Not Collision with Motor Vehicle in Transport,no,no,no,no,no,False
102926133,METROPOLITAN NASHVILLE POLICE DEPT,20210154067,Davidson,Not in City Limit,3/17/2021 1:15:00 PM,2,0,0,36.272850,-86.689510,MYATT DR,,,,267.00,Feet,North,ANDERSON LN,,,,0.00,N,Not at Intersection,N,OtherLocation,None,,,         ,Brian,Otto,Rain,Angle,no,no,no,yes,yes,False
102926180,METROPOLITAN NASHVILLE POLICE DEPT,20210155635,Davidson,Nashville,3/18/2021 6:12:00 AM,2,0,0,36.130230,-86.727760,I 24,,,,0.00,,,,,,,51.15,N,Not at Intersection, ,Non-Junction,None,,,         ,Joe,Hooper,Clear,Front to Rear,no,no,no,no,no,False
102926182,METROPOLITAN NASHVILLE POLICE DEPT,20210155711,Davidson,Nashville,3/18/2021 7:22:00 AM,1,0,0,36.150410,-86.856880,CHARLOTTE PKE,,,,151.00,Feet,East,ORLANDO AV,,,,0.00,N,Not at Intersection, ,,None,,,         ,Curtis,Rich,,,no,no,no,no,no,False
102926192,METROPOLITAN NASHVILLE POLICE DEPT,20210155694,Davidson,Nashville,3/18/2021 7:43:00 AM,2,2,0,36.141910,-86.640610,TIMBER VALLEY DR,,,,0.00,,,ELM HILL PKE,,,,0.00,Y,T-Intersection,N,Intersection,None,,,         ,Michael,Dance,Clear,Angle,no,no,no,no,no,False
102926198,METROPOLITAN NASHVILLE POLICE DEPT,20210155614,Davidson,Nashville,3/18/2021 6:38:00 AM,4,0,0,36.202010,-86.776850,I 65,,,,0.00,,,,,,,87.00,N,Not at Intersection,N,Non-Junction,None,,,         ,William,Coy,Clear,Front to Rear,no,no,no,no,yes,False
102926217,METROPOLITAN NASHVILLE POLICE DEPT,20210155671,Davidson,Nashville,3/18/2021 6:42:00 AM,3,0,0,36.201310,-86.776840,I 65,,,,0.00,,,,,,,87.00,N,Not at Intersection,N,Non-Junction,None,,,         ,William,Coy,Clear,Front to Rear,no,no,no,no,yes,False
102926220,METROPOLITAN NASHVILLE POLICE DEPT,20210155777,Davidson,Nashville,3/18/2021 8:40:00 AM,3,1,0,36.112620,-86.772310,I 65,,,,0.00,,,,,,,80.00,N,Not at Intersection,N,Non-Junction,None,,,         ,Earl,Davis,,"Sideswipe, Same Direction",no,no,no,no,no,False
102926222,METROPOLITAN NASHVILLE POLICE DEPT,20210155805,Davidson,Nashville,3/18/2021 7:00:00 AM,2,0,0,36.129160,-86.853300,LIONS HEAD VILLAGE PVTDR,,,,176.00,Feet,North,WHITE BRIDGE PKE,,,,0.00,N,Not at Intersection, ,Non-Junction,None,,,         ,Curtis,Rich,Clear,Angle,no,no,no,yes,yes,False
102926224,METROPOLITAN NASHVILLE POLICE DEPT,20210155765,Davidson,Nashville,3/18/2021 8:21:00 AM,2,0,0,36.112580,-86.746090,NOLENSVILLE PKE,,,,50.00,Feet,South,MCCLAIN AV,,,,0.00,N,Not at Intersection, ,Non-Junction,None,,,         ,Joe,Hooper,Clear,"Sideswipe, Same Direction",no,no,no,no,no,False
102926225,METROPOLITAN NASHVILLE POLICE DEPT,20210155789,Davidson,Nashville,3/18/2021 8:20:00 AM,2,0,0,36.157270,-86.760420,I40 W ENT RAMP,,,,0.00,,,I 24,,,,0.00,Y,Y-Intersection, ,Intersection-Related,None,,,         ,Johnathan,Carlisle,Cloudy,Front to Rear,no,no,no,no,no,False
102926235,METROPOLITAN NASHVILLE POLICE DEPT,20210155829,Davidson,Nashville,3/18/2021 9:00:00 AM,1,0,0,36.075590,-86.917580,HIGHWAY 70S,,,,363.00,Feet,East,BELLEVUE VALLEY PLAZA PVTDR,,,,0.00,N,Not at Intersection, ,Non-Junction,None,,,         ,Wesley,Tilley,Unknown,Unknown,no,no,no,no,yes,False
102926240,METROPOLITAN NASHVILLE POLICE DEPT,20210155796,Davidson,Nashville,3/18/2021 8:57:00 AM,1,0,0,36.142850,-86.684520,I 40,,,,0.00,,,,,,,215.60,N,Not at Intersection, ,Non-Junction,None,,,         ,Michael,Dance,,Not Collision with Motor Vehicle in Transport,no,no,no,no,no,False
102926268,METROPOLITAN NASHVILLE POLICE DEPT,20210155841,Davidson,Not in City Limit,3/18/2021 9:27:00 AM,2,0,0,36.324160,-86.869470,I 24,,,,0.00,,,,,,,34.90,N,Not at Intersection, ,Non-Junction,None,,,         ,Jeanine,Sarno,Cloudy,"Sideswipe, Same Direction",no,no,no,no,no,False
102926270,METROPOLITAN NASHVILLE POLICE DEPT,20210155738,Davidson,Nashville,3/18/2021 8:10:00 AM,4,2,0,36.197340,-86.741880,GALLATIN PKE,,,,132.00,Feet,North,CAROLYN AV,,,,0.00,N,Not at Intersection,N,Non-Junction,None,,,         ,Michael,Agee,Clear,HeadOn,no,no,no,no,no,False
102926300,METROPOLITAN NASHVILLE POLICE DEPT,20210155769,Davidson,Not in City Limit,3/18/2021 8:35:00 AM,3,0,0,36.324390,-86.868380,I 24,,,,0.00,,,,,,,34.95,N,Not at Intersection,N,Non-Junction,None,,,         ,James,Wray,Clear,Front to Rear,no,no,no,no,no,False
102926303,METROPOLITAN NASHVILLE POLICE DEPT,20210155985,Davidson,Nashville,3/18/2021 10:44:00 AM,2,2,0,36.152260,-86.624960,BLACKWOOD DR,,,,0.00,,,BELL RD,,,,0.00,Y,Four-Way,N,Intersection,None,,,         ,MIchael,Mihajlov,Cloudy,Angle,no,no,no,no,no,False
102926335,METROPOLITAN NASHVILLE POLICE DEPT,20210156102,Davidson,Nashville,3/18/2021 11:47:00 AM,2,0,0,36.053900,-86.698340,STERRY CT,,,,357.00,Feet,East,MALONE CT,,,,0.00,N,Not at Intersection, ,Non-Junction,None,,,         ,Joe,Hooper,Cloudy,Other,no,no,no,no,no,False
102926342,METROPOLITAN NASHVILLE POLICE DEPT,20210156028,Davidson,Nashville,3/18/2021 11:15:00 AM,2,0,0,36.095330,-86.654420,MURFREESBORO PKE,,,,115.00,Feet,West,MURFREESBORO PKE RAMP,,,,0.00,N,Not at Intersection,N,Non-Junction,None,,,         ,Sandra,Fly,Cloudy,Front to Rear,no,no,no,no,no,False
102926383,VANDERBILT UNIVERSITY POLICE,20210153845,Davidson,Nashville,3/17/2021 10:00:00 AM,2,0,0,36.140010,-86.801140,PIERCE AV,,,,0.00,,,,,,,0.00,,,N,Non-Junction,None,,,         ,Eugene,Kessler,Rain,Other,no,no,no,yes,yes,Campus
102926384,METROPOLITAN NASHVILLE POLICE DEPT,20210156118,Davidson,Nashville,3/18/2021 12:08:00 PM,2,0,0,36.125550,-86.805380,21ST AVS,,,,55.00,Feet,South,SWEETBRIAR AV,,,,0.00,N,Not at Intersection, ,Non-Junction,None,,,         ,Earl,Davis,Cloudy,Angle,no,no,no,no,no,False
102926412,METROPOLITAN NASHVILLE POLICE DEPT,20210156201,Davidson,Nashville,3/18/2021 1:15:00 PM,1,1,0,36.241980,-86.638060,PITTS AV,,,,285.00,Feet,South,RAY AV,,,,0.00,N,Not at Intersection,N,Non-Junction,None,,,         ,Michael,Dance,Cloudy,Not Collision with Motor Vehicle in Transport,no,no,no,no,no,False
102926413,METROPOLITAN NASHVILLE POLICE DEPT,20210155943,Davidson,Nashville,3/18/2021 9:35:00 AM,2,0,0,36.192560,-86.800640,ROSA L PARKS BLVD,,,,382.00,Feet,East,ATHENS WAY,,,,0.00,N,Not at Intersection,N,Non-Junction,None,,,         ,Jean,McCormack,Clear,"Sideswipe, Opposite Direction",no,no,no,yes,yes,False
102926444,METROPOLITAN NASHVILLE POLICE DEPT,20210156195,Davidson,Antioch,3/18/2021 12:47:00 PM,2,0,0,36.004920,-86.621820,OLD HICKORY BLVD,,,,0.00,,,BURKITT RD,,,,0.00,Y,T-Intersection,Y,Intersection,None,,,         ,Joe,Hooper,Cloudy,Angle,no,no,no,no,no,False
102926451,METROPOLITAN NASHVILLE POLICE DEPT,20210156229,Davidson,Nashville,3/18/2021 1:29:00 PM,2,0,0,36.175540,-86.600840,BURNING TREE DR,,,,619.00,Feet,East,OLD HICKORY BLVD,,,,0.00,N,Not at Intersection,N,Non-Junction,None,,,         ,Michael,Dance,Cloudy,Rear to Side,no,no,no,yes,yes,False
102926457,METROPOLITAN NASHVILLE POLICE DEPT,20210156226,Davidson,Nashville,3/18/2021 1:30:00 PM,2,1,0,36.239250,-86.728830,WALTON LN,,,,47.00,Feet,East,QUAIL CREEK CONDOMINIUMS PVTDR,,,,0.00,N,Not at Intersection,N,Non-Junction,None,,,         ,Brian,Otto,Cloudy,"Sideswipe, Opposite Direction",no,no,no,no,no,False
102926506,BERRY HILL POLICE DEPT,21-0774,Davidson,Berry Hill,3/18/2021 12:00:00 PM,2,2,0,36.125790,-86.765870,BRANSFORD AV,,,,0.00,,,CRAIGHEAD ST,,,,0.00,Y,Four-Way,Y,Intersection,None,,,         ,John,Gleixner,Cloudy,Front to Rear,no,no,no,no,yes,False
102926510,METROPOLITAN NASHVILLE POLICE DEPT,20210156299,Davidson,Nashville,3/18/2021 12:00:00 AM,2,1,0,36.189440,-86.627540,LEBANON PKE,,,,687.00,Feet,East,HICKORY HILL LN,,,,0.00,N,Not at Intersection,N,Non-Junction,None,,,         ,Keenan,McCann,Cloudy,Angle,no,no,no,no,no,False
102926514,METROPOLITAN NASHVILLE POLICE DEPT,20210156327,Davidson,Not in City Limit,3/18/2021 2:34:00 PM,2,0,0,36.280380,-86.708350,GALLATIN PKEN,,,,104.00,Feet,South,ODETTE ST,,,,0.00,N,Not at Intersection, ,,None,,,         ,Derek,Sibley,,,no,no,no,no,no,False
102926523,METROPOLITAN NASHVILLE POLICE DEPT,20210156389,Davidson,Nashville,3/18/2021 3:23:00 PM,2,0,0,36.055010,-86.642410,ZELIDA AV,,,,0.00,,,BELL RD,,,,0.00,Y,Four-Way, ,Intersection-Related,None,,,         ,Megan,Arnett,Rain,Front to Rear,no,no,no,no,no,False
102926524,METROPOLITAN NASHVILLE POLICE DEPT,20210156385,Davidson,Nashville,3/18/2021 12:00:00 AM,2,0,0,36.109040,-86.679850,MURFREESBORO PKE,,,,987.00,Feet,West,DELL PKWY,,,,0.00,N,Not at Intersection, ,Non-Junction,None,,,         ,Adam,Gartner,"Cloudy, Rain","Sideswipe, Same Direction",no,no,no,no,yes,False
102926526,METROPOLITAN NASHVILLE POLICE DEPT,20210156377,Davidson,Nashville,3/18/2021 3:10:00 PM,2,0,0,36.055010,-86.642410,ZELIDA AV,,,,0.00,,,BELL RD,,,,0.00,Y,Five Point Or More,N,Intersection,None,,,         ,Steven,Begley,Rain,"Sideswipe, Same Direction",no,no,no,no,yes,False
102926533,METROPOLITAN NASHVILLE POLICE DEPT,20210156468,Davidson,Nashville,3/18/2021 3:59:00 PM,2,1,0,36.188510,-86.776160,I 24,,,,0.00,,,,,,,47.00,N,Not at Intersection,N,Non-Junction,None,,,         ,Gabriel,Vasquez,Clear,Front to Rear,no,no,no,no,no,False
102926538,METROPOLITAN NASHVILLE POLICE DEPT,20210156493,Davidson,Nashville,3/18/2021 3:56:00 PM,2,0,0,36.168380,-86.688330,LEBANON PKE,,,,109.00,Feet,West,BRILEY PKWYN,,,,0.00,N,Not at Intersection, ,,None,,,         ,Evan,Grace,,,no,no,no,no,no,False
102926544,METROPOLITAN NASHVILLE POLICE DEPT,20210156422,Davidson,Nashville,3/18/2021 3:40:00 PM,2,1,0,36.047840,-86.612050,MURFREESBORO PKE,,,,1284.00,Feet,North,MOUNTAIN SPRINGS RD,,,,0.00,N,Not at Intersection,N,Non-Junction,None,,,         ,Beri,Scott,"Cloudy, Rain",HeadOn,no,no,no,no,yes,False
102926549,METROPOLITAN NASHVILLE POLICE DEPT,20210156135,Davidson,Nashville,3/18/2021 12:31:00 PM,2,0,0,36.113540,-86.810950,HILLSBORO PKE,,,,55.00,Feet,South,WOODMONT BLVD,,,,0.00,N,Not at Intersection, ,Non-Junction,None,,,         ,Earl,Davis,Cloudy,Front to Rear,no,no,no,no,no,False
102926552,METROPOLITAN NASHVILLE POLICE DEPT,20210156510,Davidson,Antioch,3/18/2021 4:19:00 PM,2,0,0,36.017540,-86.608390,CORPORATE PL,,,,325.00,Feet,West,HEIL QUAKER BLVD,,,,0.00,N,Not at Intersection,N,Non-Junction,None,,,         ,Brandon,Simpkins,Cloudy,Angle,no,no,no,no,yes,False
102926560,METROPOLITAN NASHVILLE POLICE DEPT,20210156539,Davidson,Nashville,3/18/2021 4:34:00 PM,2,0,0,36.152290,-86.690470,ELM HILL PKE,,,,0.00,,,BRILEY PKWY N EXT RAMP,,,,0.00,Y,Four-Way,Y,Non-Junction,None,,,         ,Joseph,Simon,Rain,"Sideswipe, Same Direction",no,no,no,no,yes,False
102926570,METROPOLITAN NASHVILLE POLICE DEPT,20210156448,Davidson,Nashville,3/18/2021 12:00:00 AM,1,0,0,36.114320,-86.664600,COUCHVILLE PKE,,,,1856.00,Feet,West,DONELSON PKE,,,,0.00,N,Not at Intersection,N,Non-Junction,None,,,         ,Adam,Gartner,"Cloudy, Rain",Not Collision with Motor Vehicle in Transport,no,no,no,no,no,False
102926582,METROPOLITAN NASHVILLE POLICE DEPT,20210156140,Davidson,Nashville,3/18/2021 12:32:00 PM,2,0,0,36.153400,-86.800840,20TH AVN,,,,0.00,,,CHURCH ST,,,,0.00,Y,Four-Way, ,Intersection-Related,None,,,         ,Earl,Davis,Cloudy,"Sideswipe, Same Direction",no,no,no,no,no,Campus
102926585,METROPOLITAN NASHVILLE POLICE DEPT,20210156580,Davidson,Nashville,3/18/2021 4:59:00 PM,2,1,0,36.069190,-86.689520,HAYWOOD LN,,,,0.00,,,-- UNKNOWN RAMP/ROAD --,,,,0.00,Y,OTHER,N,Intersection-Related,None,,,         ,Laura,Williams,Rain,Front to Rear,no,no,no,no,yes,False
102926594,METROPOLITAN NASHVILLE POLICE DEPT,20210156561,Davidson,Nashville,3/18/2021 4:30:00 PM,2,0,0,36.184220,-86.753470,W EASTLAND AV,,,,149.00,Feet,West,LAURENT ST,,,,0.00,N,Not at Intersection,N,Non-Junction,None,,,         ,Ciara,Doherty,Cloudy,Other,no,no,no,no,yes,False
102926597,METROPOLITAN NASHVILLE POLICE DEPT,20210156608,Davidson,Nashville,3/18/2021 5:05:00 PM,2,0,0,36.169220,-86.808570,JEFFERSON ST,,,,307.00,Feet,East,21ST AVN,,,,0.00,N,Not at Intersection,N,Non-Junction,None,,,         ,Brian,Warstadt,Rain,Front to Rear,no,no,no,no,yes,False
102926598,METROPOLITAN NASHVILLE POLICE DEPT,20210156650,Davidson,Nashville,3/18/2021 5:26:00 PM,2,0,0,36.153360,-86.783850,11TH AVS,,,,168.00,Feet,North,PINE ST,,,,0.00,N,Not at Intersection, ,Non-Junction,None,,,         ,Michael,Foster,Clear,Unknown,no,no,no,no,yes,False
102926600,METROPOLITAN NASHVILLE POLICE DEPT,20210156253,Davidson,Nashville,3/18/2021 1:53:00 PM,2,0,0,36.147370,-86.776730,I40 E ENT RAMP,,,,0.00,,,I 40,,,,0.00,Y,OTHER,Y,Entrance/Exit Ramp Related,None,,,         ,Earl,Davis,Cloudy,Front to Rear,no,no,no,no,no,False
102926612,METROPOLITAN NASHVILLE POLICE DEPT,20210156638,Davidson,Nashville,3/18/2021 4:45:00 PM,2,0,0,36.161830,-86.860240,MORROW RD,,,,137.00,Feet,East,MARILYN RD,,,,0.00,N,Not at Intersection, ,"Driveway, Alley Access, etc",None,,,         ,Kyle,Lund,Cloudy,Angle,no,no,no,no,no,False
102926613,METROPOLITAN NASHVILLE POLICE DEPT,20210156530,Davidson,Nashville,3/18/2021 4:18:00 PM,2,0,0,36.174040,-86.605350,I40 E EXT RAMP,,,,0.00,,,CENTRAL PKE,,,,0.00,Y,T-Intersection,N,Entrance/Exit Ramp Related,None,,,         ,Destiny,Zunic,Rain,Angle,no,no,no,no,no,False
102926625,METROPOLITAN NASHVILLE POLICE DEPT,20210156514,Davidson,Not in City Limit,3/18/2021 4:15:00 PM,2,0,0,36.263070,-86.711920,STATE RT 45,,,,0.00,,,OLD HICKORY BLVDW,,,,0.00,Y,Four-Way,Y,Intersection-Related,None,,,         ,Derek,Sibley,Cloudy,Front to Rear,no,no,no,no,no,False
102926627,METROPOLITAN NASHVILLE POLICE DEPT,20210156633,Davidson,Nashville,3/18/2021 5:22:00 PM,2,0,0,36.251540,-86.717940,GALLATIN PKES,,,,154.00,Feet,South,E WEBSTER ST,,,,0.00,N,Not at Intersection,N,Non-Junction,None,,,         ,Philip,Claibourne,Cloudy,Other,no,no,no,no,no,False
102926646,METROPOLITAN NASHVILLE POLICE DEPT,20210156657,Davidson,Nashville,3/18/2021 5:30:00 PM,2,1,0,36.159300,-86.821960,I40 W EXT RAMP,,,,0.00,Feet,East,I 40,,,,0.00,N,Not at Intersection,N,Non-Junction,None,,,         ,Rachel,Susee,Cloudy,Angle,no,no,no,no,no,False
102926655,METROPOLITAN NASHVILLE POLICE DEPT,20210156667,Davidson,Nashville,3/18/2021 5:35:00 PM,2,3,0,36.100550,-86.739920,NOLENSVILLE PKE,,,,0.00,,,CHILTON ST,,,,0.00,Y,T-Intersection,N,Intersection-Related,None,,,         ,Beri,Scott,"Cloudy, Rain",HeadOn,no,no,no,no,no,False
102926664,METROPOLITAN NASHVILLE POLICE DEPT,20210156788,Davidson,Nashville,3/18/2021 5:53:00 PM,2,0,0,36.115070,-86.724850,I 24,,,,0.00,,,,,,,53.30,N,Not at Intersection, ,Non-Junction,None,,,         ,Robert,Higgins,Clear,Angle,no,no,no,no,no,False
102926668,METROPOLITAN NASHVILLE POLICE DEPT,20210156568,Davidson,Nashville,3/18/2021 4:35:00 PM,3,2,0,36.211610,-86.797730,WHITES CREEK PKE,,,,62.00,Feet,North,E NOCTURNE DR,,,,0.00,N,Not at Intersection,N,Non-Junction,None,,,         ,Gabriel,Centeno,Cloudy,Front to Rear,no,no,no,no,no,False
102926672,METROPOLITAN NASHVILLE POLICE DEPT,20210156550,Davidson,Nashville,3/18/2021 4:20:00 PM,2,0,0,36.248910,-86.731920,DUE WEST AVW,,,,106.00,Feet,East,ACRE TRL,,,,0.00,N,Not at Intersection,N,Non-Junction,None,,,         ,Rodney,Phipps,"Cloudy, Rain",Front to Rear,no,no,no,no,no,False
102926674,METROPOLITAN NASHVILLE POLICE DEPT,20210156316,Davidson,Nashville,3/18/2021 2:42:00 PM,2,0,0,36.070100,-86.734900,EDMONDSON PKE,,,,59.00,Feet,North,DURRETT DR,,,,0.00,N,Not at Intersection,N,Non-Junction,None,,,         ,Brandon,Hughes,Rain,Front to Rear,no,no,no,no,yes,False
102926683,METROPOLITAN NASHVILLE POLICE DEPT,20210156907,Davidson,Nashville,3/18/2021 7:21:00 PM,2,0,0,36.045450,-86.703950,OLD HICKORY BLVD,,,,102.00,Feet,West,EULALA DR,,,,0.00,N,Not at Intersection,N,Non-Junction,None,,,         ,Beri,Scott,Cloudy,HeadOn,no,no,no,no,yes,False
102926698,METROPOLITAN NASHVILLE POLICE DEPT,20210156930,Davidson,Nashville,3/18/2021 7:58:00 PM,2,0,0,36.169290,-86.766420,I 24,,,,0.00,,,,,,,48.75,N,Not at Intersection,N,Non-Junction,Work Zone,Laneclosure,Transition Area,         ,Reginald,Pierre-Paul,,Front to Rear,no,no,no,no,no,False
102926701,METROPOLITAN NASHVILLE POLICE DEPT,20210156696,Davidson,Nashville,3/18/2021 5:45:00 PM,2,0,0,36.050160,-86.648890,BELL RD,,,,193.00,Feet,East,MT VIEW RD,,,,0.00,N,Not at Intersection,N,Non-Junction,None,,,         ,Matthew,Swindell,Clear,Front to Rear,no,no,no,no,yes,False
102926712,METROPOLITAN NASHVILLE POLICE DEPT,20210156779,Davidson,Nashville,3/18/2021 6:29:00 PM,2,2,0,36.159450,-86.623500,I 40,,,,0.00,,,,,,,219.40,N,Not at Intersection,N,Non-Junction,None,,,         ,Zaire,Murray,Cloudy,Front to Rear,no,no,no,no,no,False
102926713,METROPOLITAN NASHVILLE POLICE DEPT,20210156948,Davidson,Nashville,3/18/2021 7:49:00 PM,2,0,0,36.146030,-86.776980,I40 E ENT RAMP,,,,0.00,Feet,East,I 65,,,,0.00,N,Not at Intersection, ,Non-Junction,None,,,         ,Samuel,Sundra,Cloudy,"Sideswipe, Same Direction",no,no,no,no,no,False
102926735,METROPOLITAN NASHVILLE POLICE DEPT,20210156986,Davidson,Nashville,3/18/2021 8:30:00 PM,1,0,0,36.128530,-86.816120,I 440,,,,0.00,,,,,,,2.10,N,Not at Intersection,N,Non-Junction,None,,,         ,Matthew,Turppa,Clear,Not Collision with Motor Vehicle in Transport,no,no,no,no,no,False
102926745,METROPOLITAN NASHVILLE POLICE DEPT,20210156922,Davidson,Not in City Limit,3/18/2021 5:45:00 PM,1,0,0,36.281240,-86.925920,GRAYS POINT RD,,,,208.00,Feet,South,RIDGE RD,,,,0.00,N,Not at Intersection, ,Non-Junction,None,,,         ,Keegan,Winchell,Cloudy,Not Collision with Motor Vehicle in Transport,no,no,no,no,no,False
102926750,METROPOLITAN NASHVILLE POLICE DEPT,20210156689,Davidson,Nashville,3/18/2021 5:40:00 PM,2,0,0,36.046690,-86.713420,NOLENSVILLE PKE,,,,482.00,Feet,North,OLD HICKORY BLVD,,,,0.00,N,Not at Intersection, ,Non-Junction,None,,,         ,Jonathan,Watch,Cloudy,Front to Rear,no,no,no,no,no,False
102926751,METROPOLITAN NASHVILLE POLICE DEPT,20210157114,Davidson,Nashville,3/18/2021 9:44:00 PM,2,0,0,36.157870,-86.790150,GEORGE L DAVIS BLVD,,,,306.00,Feet,North,GRUNDY ST,,,,0.00,N,Not at Intersection,N,Non-Junction,None,,,         ,Gabriel,Vasquez,Clear,Front to Rear,no,no,no,no,yes,False
102926766,METROPOLITAN NASHVILLE POLICE DEPT,20210156960,Davidson,Nashville,3/18/2021 8:09:00 PM,2,0,0,36.134220,-86.722840,MURFREESBORO PKE,,,,108.00,Feet,West,PLUS PARK BLVD,,,,0.00,N,Not at Intersection,N,Non-Junction,None,,,         ,Phillip,Burke,Clear,Front to Rear,no,no,no,no,yes,False
102926768,METROPOLITAN NASHVILLE POLICE DEPT,20210156705,Davidson,Nashville,3/18/2021 5:46:00 PM,2,0,0,36.066940,-86.681880,ANTIOCH PKE,,,,729.00,Feet,West,REEVES RD,,,,0.00,N,Not at Intersection, ,Non-Junction,None,,,         ,Megan,Arnett,Rain,Angle,no,no,no,no,no,False
102926792,METROPOLITAN NASHVILLE POLICE DEPT,20210157128,Davidson,Nashville,3/18/2021 9:53:00 PM,2,0,0,36.161340,-86.776430,BROADWAY,,,,153.00,Feet,West,3RD AVN,,,,0.00,N,Not at Intersection, ,Non-Junction,None,,,         ,Stephen,Waterman,Clear,Front to Rear,no,no,no,no,no,False
102926793,METROPOLITAN NASHVILLE POLICE DEPT,20210156876,Davidson,Not in City Limit,3/18/2021 7:20:00 PM,2,0,0,36.284910,-86.706300,GALLATIN PKEN,,,,100.00,Feet,South,TENNYSON AV,,,,0.00,N,Not at Intersection, ,Non-Junction,None,,,         ,Wesley,Carver,Cloudy,Angle,no,no,no,no,no,False
102926816,METROPOLITAN NASHVILLE POLICE DEPT,20210157320,Davidson,Nashville,3/18/2021 11:25:00 PM,2,0,0,36.047550,-86.655930,BELL RD,,,,0.00,,,HICKORY HOLLOW PKWY,,,,0.00,Y,Four-Way,Y,Intersection,None,,,         ,Kevin,Breeding,Cloudy,Front to Rear,no,no,no,no,yes,False
102926820,METROPOLITAN NASHVILLE POLICE DEPT,20210157344,Davidson,Nashville,3/17/2021 11:30:00 PM,1,0,0,36.250950,-86.701320,ROTHWOOD AV,,,,223.00,Feet,East,IDLEWILD DR,,,,0.00,N,Not at Intersection,N,Non-Junction,None,,,         ,Reuben,Hewit,Clear,Not Collision with Motor Vehicle in Transport,no,no,no,no,yes,False
102926830,METROPOLITAN NASHVILLE POLICE DEPT,20210157358,Davidson,Nashville,3/18/2021 11:53:00 PM,2,0,0,36.159740,-86.780140,BROADWAY,,,,77.00,Feet,West,6TH AVS,,,,0.00,N,Not at Intersection,N,Non-Junction,None,,,         ,Nathaniel,Jones,Clear,"Sideswipe, Same Direction",no,no,no,no,yes,False
102926836,METROPOLITAN NASHVILLE POLICE DEPT,20210157462,Davidson,Nashville,3/19/2021 12:58:00 AM,1,0,0,36.152420,-86.835790,CHARLOTTE AV,,,,372.00,Feet,East,42ND AVN,,,,0.00,N,Not at Intersection,N,Non-Junction,None,,,         ,Justin,McCormick,Clear,Not Collision with Motor Vehicle in Transport,no,no,no,no,yes,False
102926847,METROPOLITAN NASHVILLE POLICE DEPT,20210157214,Davidson,Nashville,3/18/2021 10:49:00 PM,1,1,0,36.033660,-86.642260,I 24,,,,0.00,,,,,,,60.65,N,Not at Intersection,N,Non-Junction,None,,,         ,Holly,Davis,Rain,Not Collision with Motor Vehicle in Transport,no,no,no,no,no,False
102926848,METROPOLITAN NASHVILLE POLICE DEPT,20210157376,Davidson,Nashville,3/19/2021 12:16:00 AM,1,1,0,36.167880,-86.809380,21ST AVN,,,,0.00,,,MEHARRY BLVD,,,,0.00,Y,Four-Way,N,Intersection,None,,,         ,Luke,Steigerwalt,Clear,Not Collision with Motor Vehicle in Transport,no,no,no,no,yes,False