master_record_number,agency,agency_tracking_number,county,city,collision_date,vehicles_involved,number_injured,number_dead,latitude,longitude,roadway_name,roadway_suffix,roadway_number,roadway_local_id,distance_from_reference,miles-feet_indicator,direction_from_reference,intersection_road_name,intersection_road_name_suffix,intersection_road_number,intersection_local_id,mile_marker,intersection_indicator,intersect_type,interchange_related_indicator,relation_to_junction,work_zone_type,construction_maintenance_zone,construction_maintenance_zone_location,fatal_case_number,officer_first_name,officer_last_name,weather_condition(s),manner_of_crash,pedestrian,bicycle,scooter,parking,hitrun,mou
102927876,METROPOLITAN NASHVILLE POLICE DEPT,20210160271,Davidson,Antioch,3/20/2021 6:34:00 AM,3,0,0,36.015140,-86.620270,I24 W EXT RAMP,,,,0.00,,,I 24,,,,0.00,Y,Four-Way,Y,Intersection,None,,,         ,Steven,Williams,Clear,Angle,no,no,no,no,yes,False
102927882,METROPOLITAN NASHVILLE POLICE DEPT,20210160256,Davidson,Nashville,3/20/2021 7:13:00 AM,2,0,0,36.086860,-86.695950,HARDING PL,,,,0.00,,,METROPLEX DR,,,,0.00,Y,Four-Way,N,Intersection,None,,,         ,Sandra,Fly,Cloudy,Angle,no,no,no,no,no,False
102927889,GOODLETTSVILLE POLICE DEPT,21-07631,Davidson,Goodlettsville,3/19/2021 4:24:00 PM,2,0,0,36.296030,-86.715650,I 65,,,,0.00,,,,,,,94.80,N,Not at Intersection, ,Non-Junction,None,,,         ,Benny,Alexander,Cloudy,"Sideswipe, Same Direction",no,no,no,no,no,False
102927902,METROPOLITAN NASHVILLE POLICE DEPT,20210160240,Davidson,Nashville,3/20/2021 7:01:00 AM,2,0,0,36.175010,-86.784680,JEFFERSON ST,,,,0.00,,,3RD AVN,,,,0.00,Y,OTHER, ,,None,,,         ,James,Harben,,,no,no,no,no,no,False
102927933,METROPOLITAN NASHVILLE POLICE DEPT,20210160432,Davidson,Nashville,3/20/2021 9:56:00 AM,2,0,0,36.045480,-86.658650,BELL RD,,,,68.00,Feet,West,I24 W EXT RAMP,,,,0.00,N,Not at Intersection,N,Non-Junction,None,,,         ,Marcus,Darden,Clear,"Sideswipe, Same Direction",no,no,no,no,yes,False
102927975,METROPOLITAN NASHVILLE POLICE DEPT,20210160428,Davidson,Nashville,3/20/2021 12:00:00 AM,1,0,0,36.176960,-86.632460,BRANDAU RD,,,,1708.00,Feet,East,STONES RIVER GRNWY,,,,0.00,N,Not at Intersection,N,Non-Junction,None,,,         ,Rex,Engelbert,,Not Collision with Motor Vehicle in Transport,no,no,no,no,yes,False
102927997,METROPOLITAN NASHVILLE POLICE DEPT,20210160468,Davidson,Nashville,3/20/2021 11:03:00 AM,2,0,0,36.116770,-86.810470,HILLSBORO PKE,,,,86.00,Feet,North,MATTHEW LN,,,,0.00,N,Not at Intersection, ,Non-Junction,None,,,         ,Gerry,Hutcheson,Clear,Front to Rear,no,no,no,no,no,False
102928002,METROPOLITAN NASHVILLE POLICE DEPT,20210160226,Davidson,Nashville,3/20/2021 6:28:00 AM,2,1,0,36.203300,-86.776650,I 65,,,,0.00,,,,,,,87.10,N,Not at Intersection,N,Non-Junction,None,,,         ,Jarret,Sonnenberg,Clear,Front to Rear,no,no,no,no,yes,False
102928009,METROPOLITAN NASHVILLE POLICE DEPT,20210160498,Davidson,Nashville,3/20/2021 11:07:00 AM,2,0,0,36.170140,-86.767150,I 24,,,,0.00,,,,,,,48.70,N,Not at Intersection, ,,None,,,         ,Jason,Thomas,,,no,no,no,no,no,False
102928033,METROPOLITAN NASHVILLE POLICE DEPT,20210160520,Davidson,Nashville,3/20/2021 10:09:00 AM,2,0,0,36.040380,-86.649010,HICKORY HOLLOW PKWY,,,,331.00,Feet,North,I24 W EXT RAMP,,,,0.00,N,Not at Intersection, ,Non-Junction,None,,,         ,Joseph,Hurst,Clear,Angle,no,no,no,no,no,False
102928035,METROPOLITAN NASHVILLE POLICE DEPT,20210160554,Davidson,Nashville,3/20/2021 12:19:00 PM,2,0,0,36.183860,-86.798000,I65 N ENT RAMP,,,,0.00,,,I 65,,,,0.00,Y,Four-Way,N,Intersection,None,,,         ,Jordan,Vrbas,Clear,Angle,no,no,no,no,no,False
102928042,METROPOLITAN NASHVILLE POLICE DEPT,20210160574,Davidson,Nashville,3/20/2021 12:46:00 PM,2,0,0,36.176510,-86.769720,SPRING ST,,,,0.00,,,I24 W EXT RAMP,,,,0.00,Y,OTHER, ,Intersection,None,,,         ,Megan,Lamon,Clear,Front to Rear,no,no,no,no,no,False
102928052,METROPOLITAN NASHVILLE POLICE DEPT,20210160518,Davidson,Nashville,3/20/2021 11:55:00 AM,2,1,0,36.087850,-86.649270,MURFREESBORO PKE,,,,384.00,Feet,North,RANSOM PL,,,,0.00,N,Not at Intersection,N,Non-Junction,None,,,         ,MIchael,Mihajlov,Clear,Angle,no,no,no,no,no,False
102928054,METROPOLITAN NASHVILLE POLICE DEPT,20210160543,Davidson,Nashville,3/20/2021 12:10:00 PM,2,0,0,36.133240,-86.797190,18TH AVS,,,,71.00,Feet,North,PORTLAND AV,,,,0.00,N,Not at Intersection, ,Non-Junction,None,,,         ,Cecelia,Brown,Clear,"Sideswipe, Same Direction",no,no,no,no,no,False
102928056,METROPOLITAN NASHVILLE POLICE DEPT,20210160494,Davidson,Nashville,3/20/2021 12:00:00 AM,2,0,0,36.167240,-86.800260,ANDREW JACKSON COURTS PVTDR,,,,391.00,Feet,West,IRELAND ST,,,,0.00,N,Not at Intersection,N,Unknown,None,,,         ,Garren,Hoskins,Unknown,Unknown,no,no,no,no,yes,False
102928081,METROPOLITAN NASHVILLE POLICE DEPT,20210160552,Davidson,Nashville,3/20/2021 12:17:00 PM,3,0,0,36.133040,-86.726870,I24E,,,,79.00,Feet,East,I24 W EXT RAMP,,,,0.00,N,Not at Intersection, ,Non-Junction,None,,,         ,James,Thomas,Clear,Front to Rear,no,no,no,no,no,False
102928082,METROPOLITAN NASHVILLE POLICE DEPT,20210160625,Davidson,Nashville,3/20/2021 12:40:00 PM,1,0,0,36.169910,-86.669500,OLD LEBANON PKE,,,,0.00,Feet,West,KNOBVIEW DR,,,,0.00,N,Not at Intersection,N,Non-Junction,None,,,         ,Aimee,Ortiz,Clear,Not Collision with Motor Vehicle in Transport,no,no,no,no,yes,False
102928097,METROPOLITAN NASHVILLE POLICE DEPT,20210160551,Davidson,Nashville,3/20/2021 12:25:00 PM,3,1,0,36.169650,-86.805900,JEFFERSON ST,,,,223.00,Feet,East,DR D B TODD JR BLVD,,,,0.00,N,Not at Intersection,N,Non-Junction,None,,,         ,Jedidayah,Merriweather,Clear,Front to Rear,no,no,no,no,no,False
102928099,METROPOLITAN NASHVILLE POLICE DEPT,20210160575,Davidson,Nashville,3/20/2021 12:52:00 PM,2,0,0,36.085520,-86.647950,MURFREESBORO PKE,,,,551.00,Feet,South,UNA ANTIOCH PKE,,,,0.00,N,Not at Intersection,N,"Driveway, Alley Access, etc",None,,,         ,Terry,Denton,Clear,Angle,no,no,no,no,no,False
102928101,METROPOLITAN NASHVILLE POLICE DEPT,20210160564,Davidson,Nashville,3/20/2021 12:32:00 PM,2,0,0,36.169470,-86.806620,DR D B TODD JR BLVD,,,,0.00,Feet,,JEFFERSON ST,,,,0.00,Y,Four-Way,N,Intersection-Related,None,,,         ,Alquavious,McDaniel,Clear,Front to Rear,no,no,no,no,yes,False
102928112,METROPOLITAN NASHVILLE POLICE DEPT,20210160565,Davidson,Nashville,3/20/2021 12:22:00 PM,2,0,0,36.062660,-86.630800,HAMILTON CHURCH RD,,,,0.00,,,HAMILTON CROSSINGS,,,,0.00,Y,T-Intersection, ,Intersection-Related,None,,,         ,Gregory,Dixon,Clear,Angle,no,no,no,no,no,False
102928113,METROPOLITAN NASHVILLE POLICE DEPT,20210160621,Davidson,Nashville,3/20/2021 12:00:00 AM,2,0,0,36.085630,-86.701730,I24 E EXT RAMP,,,,0.00,Feet,East,I 24,,,,0.00,N,Not at Intersection,N,Entrance/Exit Ramp Related,None,,,         ,Sandra,Fly,Clear,Front to Rear,no,no,no,no,no,False
102928149,METROPOLITAN NASHVILLE POLICE DEPT,20210160687,Davidson,Nashville,3/20/2021 1:58:00 PM,2,0,0,36.151800,-86.771250,LAFAYETTE ST,,,,0.00,,,4TH AVS,,,,0.00,Y,OTHER, ,Intersection,None,,,         ,Gabriel,Vasquez,,Angle,no,no,no,no,no,False
102928159,METROPOLITAN NASHVILLE POLICE DEPT,20210160643,Davidson,Nashville,3/20/2021 1:20:00 PM,2,0,0,36.152240,-86.840910,CHARLOTTE AV,,,,0.00,,,45TH AVN,,,,0.00,Y,T-Intersection,Y,Non-Junction,None,,,         ,Christopher,Alceus,Clear,Other,no,no,no,no,no,False
102928163,METROPOLITAN NASHVILLE POLICE DEPT,20210160670,Davidson,Nashville,3/20/2021 2:25:00 PM,2,0,0,36.142720,-86.707380,I 40,,,,0.00,,,,,,,214.35,N,Not at Intersection,N,Non-Junction,None,,,         ,Robert,Marquez,Clear,Front to Rear,no,no,no,no,yes,False
102928169,METROPOLITAN NASHVILLE POLICE DEPT,20210160724,Davidson,Nashville,3/20/2021 3:03:00 PM,2,0,0,36.165930,-86.767030,SHELBY AV,,,,0.00,,,,,,,0.00,,Not at Intersection,N,OtherLocation,None,,,         ,Brent,Morris,Clear,Unknown,no,no,no,yes,yes,False
102928170,METROPOLITAN NASHVILLE POLICE DEPT,20210160678,Davidson,Nashville,3/20/2021 2:43:00 PM,2,0,0,36.191860,-86.780290,I 65,,,,0.00,,,,,,,86.30,N,Not at Intersection,N,Non-Junction,None,,,         ,Mary,Hall,Clear,Front to Rear,no,no,no,no,yes,False
102928184,METROPOLITAN NASHVILLE POLICE DEPT,20210160702,Davidson,Nashville,3/20/2021 1:55:00 PM,1,0,0,36.116880,-86.787680,GALE LN,,,,206.00,Feet,West,LEALAND LN,,,,0.00,N,Not at Intersection,N,Non-Junction,None,,,         ,Samuel,Sundra,Clear,Not Collision with Motor Vehicle in Transport,no,no,no,yes,no,False
102928202,METROPOLITAN NASHVILLE POLICE DEPT,20210160736,Davidson,Nashville,3/20/2021 3:30:00 PM,2,0,0,36.188410,-86.718000,CARTER AV,,,,43.00,Feet,West,PRESTON DR,,,,0.00,N,Not at Intersection,N,Non-Junction,None,,,         ,Tyler,Geiger,Clear,HeadOn,no,no,no,no,no,False
102928213,METROPOLITAN NASHVILLE POLICE DEPT,20210160778,Davidson,Nashville,3/20/2021 2:20:00 PM,2,1,0,36.052590,-86.714690,NOLENSVILLE PKE,,,,401.00,Feet,South,BREWER DR,,,,0.00,N,Not at Intersection,N,Non-Junction,None,,,         ,Nadine,Klemenz,Clear,Angle,no,no,no,no,no,False
102928231,METROPOLITAN NASHVILLE POLICE DEPT,20210160790,Davidson,Not in City Limit,3/20/2021 2:40:00 PM,2,0,0,36.261660,-86.712390,GALLATIN PKES,,,,160.00,Feet,North,MAPLE ST,,,,0.00,N,Not at Intersection, ,Non-Junction,None,,,         ,David,Harms,Clear,"Sideswipe, Same Direction",no,no,no,no,no,False
102928238,METROPOLITAN NASHVILLE POLICE DEPT,20210160808,Davidson,Nashville,3/20/2021 3:56:00 PM,2,0,0,36.143460,-86.702750,I 40,,,,0.00,,,,,,,214.60,N,Not at Intersection,N,Non-Junction,None,,,         ,Robert,Marquez,Clear,Front to Rear,no,no,no,no,no,False
102928246,METROPOLITAN NASHVILLE POLICE DEPT,20210160792,Davidson,Not in City Limit,3/20/2021 4:00:00 PM,2,0,0,36.279570,-86.783610,STATE HWY 45,,,,11.00,Feet,West,BRICK CHURCH PIKE,,,,0.00,N,Not at Intersection,N,Non-Junction,None,,,         ,Alexander,Hartle,Clear,Front to Rear,no,no,no,no,no,False
102928248,METROPOLITAN NASHVILLE POLICE DEPT,20210160722,Davidson,Nashville,3/20/2021 12:00:00 AM,2,2,0,36.249390,-86.719410,E PALESTINE AV,,,,0.00,,,GALLATIN PKES,,,,0.00,Y,Four-Way,Y,Intersection,None,,,         ,Amanda,Topping,Clear,Angle,no,no,no,no,no,False
102928249,METROPOLITAN NASHVILLE POLICE DEPT,20210160810,Davidson,Nashville,3/20/2021 4:37:00 PM,2,0,0,36.140670,-86.883270,ANNEX AV,,,,421.00,Feet,South,PREMIER DR,,,,0.00,N,Not at Intersection,N,OtherLocation,None,,,         ,Matthew,Mrowiec,Clear,Other,no,no,no,no,yes,False
102928263,METROPOLITAN NASHVILLE POLICE DEPT,20210160731,Davidson,Nashville,3/20/2021 3:29:00 PM,1,0,0,36.187190,-86.686170,TWO RIVERS PKWY,,,,213.00,Feet,South,STONES RIVER GRNWY,,,,0.00,N,Not at Intersection, ,Non-Junction,None,,,         ,Rami,Rouhi,Clear,Not Collision with Motor Vehicle in Transport,no,no,no,no,no,False
102928269,METROPOLITAN NASHVILLE POLICE DEPT,20210160755,Davidson,Nashville,3/20/2021 12:00:00 AM,1,0,0,36.059960,-86.672110,ANTIOCH PKE,,,,0.00,Feet,East,BLUE HOLE RD,,,,0.00,N,Not at Intersection,N,Non-Junction,None,,,         ,Cameron,VanLierop,Clear,Not Collision with Motor Vehicle in Transport,no,no,no,no,yes,False
102928274,METROPOLITAN NASHVILLE POLICE DEPT,20210160781,Davidson,Nashville,3/20/2021 4:15:00 PM,2,0,0,36.136320,-86.794510,WEDGEWOOD AV,,,,0.00,,East,16TH AVS,,,,0.00,N,Not at Intersection,N,Non-Junction,None,,,         ,Matthew,Hogan,Clear,Angle,no,no,no,no,no,False
102928276,METROPOLITAN NASHVILLE POLICE DEPT,20210160921,Davidson,Nashville,3/20/2021 5:40:00 PM,2,1,0,36.109600,-86.727920,EAST THOMPSON LN,,,,67.00,Feet,North,BRILEY PKWYN,,,,0.00,N,Not at Intersection,N,Non-Junction,None,,,         ,Eric,Laury,,Front to Rear,no,no,no,no,no,False
102928278,METROPOLITAN NASHVILLE POLICE DEPT,2021016090611,Davidson,Nashville,3/20/2021 5:37:00 PM,2,0,0,36.120800,-86.630710,BELL RD,,,,442.00,Feet,West,WOODLAND POINTE DR,,,,0.00,N,Not at Intersection, ,Non-Junction,None,,,         ,Daniel,Johnson,Clear,"Sideswipe, Same Direction",no,no,no,no,no,False
102928283,METROPOLITAN NASHVILLE POLICE DEPT,20210160909,Davidson,Nashville,3/20/2021 3:58:00 PM,2,0,0,36.110690,-86.767070,POWELL AV,,,,405.00,Feet,South,OLD POWELL AV,,,,0.00,N,Not at Intersection,N,Non-Junction,None,,,         ,Douglas,Sykes,Clear,Other,no,no,no,yes,yes,False
102928285,METROPOLITAN NASHVILLE POLICE DEPT,2021-0160940,Davidson,Nashville,3/20/2021 5:50:00 PM,2,0,0,36.152920,-86.765570,I40 W EXT RAMP,,,,0.00,Feet,East,I 40,,,,0.00,N,Not at Intersection,N,Entrance/Exit Ramp Related,None,,,         ,Daniel,Tomlinson,,Front to Rear,no,no,no,no,no,False
102928290,METROPOLITAN NASHVILLE POLICE DEPT,202-10160990,Davidson,Nashville,3/20/2021 6:17:00 PM,2,1,0,36.069190,-86.689490,I24 E EXT RAMP,,,,0.00,Feet,East,I 24,,,,0.00,N,Not at Intersection,N,Non-Junction,None,,,         ,Wayne,Helm,Clear,Front to Rear,no,no,no,no,no,False
102928291,METROPOLITAN NASHVILLE POLICE DEPT,20210160988,Davidson,Nashville,3/20/2021 5:07:00 PM,3,1,0,36.179180,-86.810670,DR DB TODD JR BLVD,,,,123.00,Feet,South,17TH AVE N,,,,0.00,N,Not at Intersection,N,Non-Junction,None,,,         ,Mathew,Clement,Clear,Front to Rear,no,no,no,no,no,False
102928295,METROPOLITAN NASHVILLE POLICE DEPT,20210160966,Davidson,Nashville,3/20/2021 5:25:00 PM,2,0,0,36.158960,-86.818590,28TH AVN,,,,84.00,Feet,North,CLIFTON AV,,,,0.00,N,Not at Intersection,N,Non-Junction,None,,,         ,Keegan,Winchell,Clear,HeadOn,no,no,no,no,yes,False
102928318,METROPOLITAN NASHVILLE POLICE DEPT,20210160999,Davidson,Nashville,3/20/2021 12:00:00 AM,2,1,0,36.163610,-86.762210,I 24,,,,0.00,,,,,,,49.20,N,Not at Intersection,N,Non-Junction,None,,,         ,Maccio,Hightower,Clear,Front to Rear,no,no,no,no,no,False
102928340,METROPOLITAN NASHVILLE POLICE DEPT,20210160718,Davidson,Nashville,3/20/2021 2:00:00 PM,2,0,0,36.330550,-86.899090,I 24,,,,0.00,,,,,,,33.15,N,Not at Intersection, ,Non-Junction,None,,,         ,Craig,Paschetti,Clear,Front to Rear,no,no,no,no,no,False
102928344,METROPOLITAN NASHVILLE POLICE DEPT,20210161067,Davidson,Nashville,3/20/2021 6:46:00 PM,2,1,0,36.151800,-86.771250,LAFAYETTE ST,,,,0.00,,,4TH AVS,,,,0.00,Y,Four-Way,N,Intersection,None,,,         ,Nicholas,Kiraly,,Front to Rear,no,no,no,no,no,False
102928345,METROPOLITAN NASHVILLE POLICE DEPT,20210160923,Davidson,Not in City Limit,3/20/2021 5:06:00 PM,2,0,0,36.264210,-86.733860,HEAD DR,,,,0.00,Feet,North,OLD HICKORY BLVDW,,,,0.00,N,Not at Intersection,N,Non-Junction,None,,,         ,Wallace,Seay III,Clear,Front to Rear,no,no,no,no,no,False
102928346,METROPOLITAN NASHVILLE POLICE DEPT,20210160900,Davidson,Nashville,3/20/2021 4:41:00 PM,2,0,0,36.086860,-86.697030,HARDING PL,,,,251.00,Feet,East,I24 W EXT RAMP,,,,0.00,N,Not at Intersection,N,Non-Junction,None,,,         ,Cameron,VanLierop,Clear,"Sideswipe, Same Direction",no,no,no,no,yes,False
102928348,METROPOLITAN NASHVILLE POLICE DEPT,20210161157,Davidson,Nashville,3/20/2021 7:30:00 PM,2,0,0,36.175860,-86.772080,I 24,,,,0.00,,,,,,,48.00,N,Not at Intersection,N,Non-Junction,None,,,         ,Gabriel,Vasquez,,Front to Rear,no,no,no,no,yes,False
102928355,METROPOLITAN NASHVILLE POLICE DEPT,20210161121,Davidson,Nashville,3/20/2021 7:30:00 PM,3,2,0,36.156550,-86.759670,I24 W ENT RAMP,,,,0.00,Feet,East,I 24,,,,0.00,N,Not at Intersection,N,Entrance/Exit Ramp Related,None,,,         ,Theodore,Flick,Clear,Front to Rear,no,no,no,no,yes,False
102928357,METROPOLITAN NASHVILLE POLICE DEPT,20210161099,Davidson,Nashville,3/20/2021 5:07:00 PM,2,1,0,36.077090,-86.725560,EDMONDSON PKE,,,,0.00,,,WALLACE RD,,,,0.00,Y,Four-Way,Y,Intersection,None,,,         ,Douglas,Sykes,Clear,Front to Rear,no,no,no,no,no,False
102928478,METROPOLITAN NASHVILLE POLICE DEPT,20210161257,Davidson,Nashville,3/20/2021 8:19:00 PM,2,0,0,36.047390,-86.662800,I 24,,,,0.00,,,,,,,59.15,N,Not at Intersection,N,Non-Junction,None,,,         ,Cameron,VanLierop,Clear,Front to Rear,no,no,no,no,yes,False
102928479,METROPOLITAN NASHVILLE POLICE DEPT,20210161256,Davidson,Nashville,3/20/2021 8:30:00 PM,2,0,0,36.201200,-86.769660,DICKERSON PKE,,,,376.00,Feet,North,GATEWOOD AV,,,,0.00,N,Not at Intersection,N,Non-Junction,None,,,         ,Cooper,HIll,Clear,Angle,no,no,no,no,no,False
102928480,METROPOLITAN NASHVILLE POLICE DEPT,20210161212,Davidson,Nashville,3/20/2021 8:05:00 PM,3,1,0,36.066920,-86.718140,NOLENSVILLE PKE,,,,110.00,Feet,North,NORTHCREST DR,,,,0.00,N,Not at Intersection,N,Non-Junction,None,,,         ,Tyler,Shanks,Clear,Front to Rear,no,no,no,no,no,False
102928486,METROPOLITAN NASHVILLE POLICE DEPT,20210161254,Davidson,Nashville,3/20/2021 8:33:00 PM,2,1,0,36.146970,-86.815020,29TH AVN,,,,0.00,Feet,West,BURCH AV,,,,0.00,N,Not at Intersection,N,Non-Junction,None,,,         ,Travis,Pemberton,Clear,Angle,no,no,no,no,no,False
102928488,METROPOLITAN NASHVILLE POLICE DEPT,20210161310,Davidson,Antioch,3/20/2021 9:06:00 PM,2,0,0,36.051730,-86.602840,ROCKGLADE RUN,,,,25.00,Feet,South,HIGHWATER DR,,,,0.00,N,Not at Intersection, ,Non-Junction,None,,,         ,Matthew,Swindell,Clear,Rear to Rear,no,no,no,no,no,False
102928505,THP District 3 - Nashville,321018029,Davidson,Not in City Limit,3/19/2021 6:14:00 PM,2,0,0,36.348560,-86.931310,I 24,,,,0.00,,,,,,,31.00,N,Not at Intersection,N,Non-Junction,None,,,         ,Brandon,Wehrle,Clear,Front to Rear,no,no,no,no,no,False
102928515,METROPOLITAN NASHVILLE POLICE DEPT,20210161030,Davidson,Not in City Limit,3/20/2021 4:50:00 PM,2,0,0,35.991230,-86.682800,BURKITT RD,,,,205.00,Feet,East,NOLENSVILLE RD,,,,0.00,N,Not at Intersection, ,,None,,,         ,Luis,Pena,,,no,no,no,no,no,False
102928522,METROPOLITAN NASHVILLE POLICE DEPT,2021-0161384,Davidson,Nashville,3/20/2021 12:00:00 AM,2,0,0,36.140790,-86.732420,I 40,,,,0.00,,,,,,,213.00,N,Not at Intersection,N,Non-Junction,None,,,         ,Daniel,Tomlinson,Clear,Angle,no,no,no,no,yes,False
102928523,METROPOLITAN NASHVILLE POLICE DEPT,20210161376,Davidson,Nashville,3/20/2021 9:24:00 PM,2,2,0,36.199660,-86.826570,MATTIE ST,,,,72.00,Feet,South,LINCOLN AV,,,,0.00,N,Not at Intersection,N,Non-Junction,None,,,         ,Andrey,Volfson,Clear,HeadOn,no,no,no,no,no,False
102928534,METROPOLITAN NASHVILLE POLICE DEPT,20210161442,Davidson,Nashville,3/20/2021 10:01:00 PM,2,0,0,36.044630,-86.659550,I24 E ENT RAMP,,,,0.00,Feet,East,I 24,,,,0.00,N,Not at Intersection, ,Entrance/Exit Ramp Related,None,,,         ,Garrett,Latham,,Front to Rear,no,no,no,no,no,False
102928550,METROPOLITAN NASHVILLE POLICE DEPT,20210161248,Davidson,Nashville,3/20/2021 8:25:00 PM,2,3,0,36.236620,-86.758070,DICKERSON PKE,,,,0.00,Feet,,I65 N EXT RAMP,,,,0.00,Y,OTHER,N,Intersection-Related,None,,,         ,Flynn,Ireland,Clear,HeadOn,no,no,no,no,no,False
102928563,METROPOLITAN NASHVILLE POLICE DEPT,20210161594,Davidson,Nashville,3/21/2021 12:08:00 AM,1,1,0,36.178400,-86.763600,ELLINGTON PKWYS,,,,131.00,Feet,North,ELLINGTON PKWYN,,,,0.00,N,Not at Intersection,N,Non-Junction,None,,,         ,Ryan,Coll,Clear,Not Collision with Motor Vehicle in Transport,no,no,no,no,no,False
102928591,METROPOLITAN NASHVILLE POLICE DEPT,20210161461,Davidson,Nashville,3/20/2021 10:50:00 PM,3,1,0,36.152460,-86.754380,I 40,,,,0.00,,,,,,,211.30,N,Not at Intersection,N,Non-Junction,None,,,         ,Dallas,Johnson,,"Sideswipe, Same Direction",no,no,no,no,no,False
102928594,METROPOLITAN NASHVILLE POLICE DEPT,20210161517,Davidson,Nashville,3/20/2021 8:54:00 PM,2,0,0,36.133500,-86.721790,MURFREESBORO PKE,,,,295.00,Feet,East,PLUS PARK BLVD,,,,0.00,N,Not at Intersection,N,Non-Junction,None,,,         ,William,Sutherland,,Front to Rear,no,no,no,no,yes,False
102928598,METROPOLITAN NASHVILLE POLICE DEPT,20210161578,Davidson,Nashville,3/20/2021 11:57:00 PM,1,0,0,36.070260,-86.702280,HAYWOOD LN,,,,197.00,Feet,West,HAYWOOD CT,,,,0.00,N,Not at Intersection,N,Non-Junction,None,,,         ,Jose,Oliveros,Clear,Not Collision with Motor Vehicle in Transport,no,no,no,no,yes,False
102928599,METROPOLITAN NASHVILLE POLICE DEPT,20210161688,Davidson,Nashville,3/21/2021 12:52:00 AM,2,0,0,36.068200,-86.719110,NOLENSVILLE PKE,,,,0.00,Feet,,HAYWOOD LN,,,,0.00,Y,Four-Way,N,Intersection,None,,,         ,Robert,Leverick,Clear,Angle,no,no,no,no,yes,False
102928600,METROPOLITAN NASHVILLE POLICE DEPT,20210161568,Davidson,Nashville,3/20/2021 11:40:00 PM,3,0,0,36.129520,-86.903150,CHARLOTTE PKE,,,,49.00,Feet,East,DAVIDSON DR,,,,0.00,N,Not at Intersection, ,Non-Junction,None,,,         ,Christopher,Alceus,Clear,Front to Rear,no,no,no,no,no,False
102928608,METROPOLITAN NASHVILLE POLICE DEPT,20210161765,Davidson,Not in City Limit,3/21/2021 1:30:00 AM,2,0,0,36.263660,-86.687150,STATE RT 45,,,,0.00,Feet,,ARCHWOOD DR,,,,0.00,Y,Four-Way,N,Intersection,None,,,         ,Zachary,Lang,Clear,"Sideswipe, Same Direction",no,no,no,no,yes,False
102928611,METROPOLITAN NASHVILLE POLICE DEPT,20210161844,Davidson,Nashville,3/21/2021 2:04:00 AM,1,0,0,36.205490,-86.813400,W TRINITY LN,,,,734.00,Feet,West,OLD BUENA VISTA RD,,,,0.00,N,Not at Intersection,N,Non-Junction,None,,,         ,Brian,DeMarce,,Not Collision with Motor Vehicle in Transport,no,no,no,no,yes,False
102928635,METROPOLITAN NASHVILLE POLICE DEPT,20210161979,Davidson,Nashville,3/21/2021 3:45:00 AM,2,0,0,36.073524,-86.619177,MOSSDALE DR,DR,,,0.00,,,ANDERSON RD,RD,,,0.00,Y,Four-Way,N,Intersection,None,,,         ,Samuel,Fredericks,,Angle,no,no,no,no,no,False
102928654,METROPOLITAN NASHVILLE POLICE DEPT,20210162020,Davidson,Not in City Limit,3/21/2021 12:00:00 AM,1,0,0,36.354150,-86.881280,WHITES CREEK PKE,,,,774.00,Feet,North,BAXTER RD,,,,0.00,N,Not at Intersection,N,Non-Junction,None,,,         ,Jacob,Ross,,Not Collision with Motor Vehicle in Transport,no,no,no,no,no,False
102928660,METROPOLITAN NASHVILLE POLICE DEPT,20210161635,Davidson,Nashville,3/21/2021 12:28:00 AM,2,0,0,36.166170,-86.764700,I 24,,,,0.00,,,,,,,49.00,N,Not at Intersection, ,Non-Junction,None,,,         ,Ebony,Brown,Clear,Front to Rear,no,no,no,no,yes,False
102928756,METROPOLITAN NASHVILLE POLICE DEPT,20210162259,Davidson,Nashville,3/21/2021 8:40:00 AM,1,1,0,36.167390,-86.765440,I 24,,,,0.00,,,,,,,48.90,N,Not at Intersection,N,Non-Junction,None,,,         ,Shawn,Kaelin,Clear,Not Collision with Motor Vehicle in Transport,no,no,no,no,no,False
102928774,METROPOLITAN NASHVILLE POLICE DEPT,20210162268,Davidson,Nashville,3/21/2021 2:16:00 AM,2,0,0,36.082780,-86.658940,BISHOPSGATE RD,,,,135.00,Feet,East,STRAND FLEET DR,,,,0.00,N,Not at Intersection,N,Non-Junction,None,,,         ,Marcus,Darden,Clear,Front to Rear,no,no,no,no,yes,False
102928787,THP District 3 - Nashville,321018176,Davidson,Nashville,3/20/2021 10:05:00 AM,1,0,0,36.238390,-86.593230,GENERAL KERSHAW DR,,,,69.00,Feet,West,CONFEDERATE CIR,,,,0.00,N,Not at Intersection,N,Non-Junction,None,,,         ,Oscar,Cruz,Clear,Not Collision with Motor Vehicle in Transport,no,no,no,no,no,False
102928797,METROPOLITAN NASHVILLE POLICE DEPT,20210162309,Davidson,Nashville,3/21/2021 9:35:00 AM,2,0,0,36.181290,-86.606840,OLD HICKORY BLVD,,,,488.00,Feet,South,FRIST BLVD,,,,0.00,N,Not at Intersection,N,Non-Junction,None,,,         ,Ian,Hammond,Clear,Front to Rear,no,no,no,no,no,False
102928803,METROPOLITAN NASHVILLE POLICE DEPT,20210162378,Davidson,Nashville,3/21/2021 12:00:00 AM,2,0,0,36.075050,-86.721920,FLORA MAXWELL RD,,,,486.00,Feet,West,TAYLOR RD,,,,0.00,N,Not at Intersection,N,Non-Junction,None,,,         ,Ryan,Howard,Clear,Unknown,no,no,no,no,yes,False