master_record_number,agency,agency_tracking_number,county,city,collision_date,vehicles_involved,number_injured,number_dead,latitude,longitude,roadway_name,roadway_suffix,roadway_number,roadway_local_id,distance_from_reference,miles-feet_indicator,direction_from_reference,intersection_road_name,intersection_road_name_suffix,intersection_road_number,intersection_local_id,mile_marker,intersection_indicator,intersect_type,interchange_related_indicator,relation_to_junction,work_zone_type,construction_maintenance_zone,construction_maintenance_zone_location,fatal_case_number,officer_first_name,officer_last_name,weather_condition(s),manner_of_crash,pedestrian,bicycle,scooter,parking,hitrun,mou
102928805,GOODLETTSVILLE POLICE DEPT,21-07765,Davidson,Goodlettsville,3/21/2021 10:30:00 AM,2,0,0,36.321120,-86.713230,MEMORIAL DR,,,,0.00,,,S MAIN ST,,,,0.00,Y,Four-Way,N,Intersection,None,,,         ,Benny,Alexander,Clear,HeadOn,no,no,no,no,no,False
102928815,METROPOLITAN NASHVILLE POLICE DEPT,20210162266,Davidson,Nashville,3/21/2021 8:49:00 AM,1,0,0,36.220810,-86.689090,PENNINGTON BEND RD,,,,892.00,Feet,South,VALLEY BEND DR,,,,0.00,N,Not at Intersection,N,Non-Junction,None,,,         ,Ryan,Sherry,Clear,Not Collision with Motor Vehicle in Transport,no,no,no,yes,no,False
102928819,WILLIAMSON CO SHERIFFS OFFICE,217124,Davidson,Nashville,3/21/2021 11:29:00 AM,1,0,0,36.037470,-86.871150,HILLSBORO RD,,,,911.00,Feet,South,HILLSBORO VALLEY RD,,,,0.00,N,Not at Intersection,N,Non-Junction,None,,,         ,Debbie,Rogers,Clear,Not Collision with Motor Vehicle in Transport,no,no,no,no,no,False
102928829,METROPOLITAN NASHVILLE POLICE DEPT,20210162393,Davidson,Not in City Limit,3/21/2021 10:23:00 AM,2,0,0,36.325910,-86.868970,I24 W EXT RAMP,,,,0.00,,,I 24,,,,0.00,Y,Y-Intersection, ,Entrance/Exit Ramp Related,None,,,         ,William,Coy,Clear,Front to Rear,no,no,no,no,no,False
102928869,METROPOLITAN NASHVILLE POLICE DEPT,20210162448,Davidson,Not in City Limit,3/21/2021 11:38:00 AM,3,1,0,36.324810,-86.874370,I 24,,,,0.00,,,,,,,34.60,N,Not at Intersection,N,Non-Junction,None,,,         ,William,Coy,Clear,Angle,no,no,no,no,no,False
102928906,METROPOLITAN NASHVILLE POLICE DEPT,20210162464,Davidson,Nashville,3/21/2021 12:00:00 PM,2,0,0,36.171280,-86.773430,N 1ST,,,,0.00,,,,,,,0.00,,, ,,None,,,         ,Daniel,Russett,,,no,no,no,no,no,False
102928930,METROPOLITAN NASHVILLE POLICE DEPT,20210162522,Davidson,Nashville,3/21/2021 12:55:00 PM,2,0,0,36.090960,-86.651100,MURFREESBORO PKE,,,,0.00,,,BOROWOOD DR,,,,0.00,Y,T-Intersection, ,Intersection,None,,,         ,Sandra,Fly,Clear,Front to Rear,no,no,no,no,no,False
102928937,METROPOLITAN NASHVILLE POLICE DEPT,20210162537,Davidson,Nashville,3/21/2021 1:19:00 PM,2,1,0,36.079100,-86.727780,HARDING PL,,,,468.00,Feet,West,NOLENSVILLE PKE,,,,0.00,N,Not at Intersection,N,Non-Junction,None,,,         ,Nicholas,Smith,Clear,Angle,no,no,no,yes,no,False
102928941,METROPOLITAN NASHVILLE POLICE DEPT,20210162555,Davidson,Nashville,3/21/2021 1:41:00 PM,2,0,0,36.163350,-86.762160,I 24,,,,0.00,,,,,,,49.20,N,Not at Intersection, ,Non-Junction,None,,,         ,Shawn,Kaelin,Clear,Front to Rear,no,no,no,no,no,False
102928957,METROPOLITAN NASHVILLE POLICE DEPT,20210162430,Davidson,Nashville,3/21/2021 11:00:00 AM,2,1,0,36.071000,-86.635220,MURFREESBORO PKE,,,,425.00,Feet,South,BELL RD,,,,0.00,N,Not at Intersection,N,Non-Junction,None,,,         ,Joshua,Belk,Clear,Other,no,no,no,no,no,False
102928959,METROPOLITAN NASHVILLE POLICE DEPT,20210162450,Davidson,Nashville,3/21/2021 11:41:00 AM,2,0,0,36.069080,-86.682320,RICHARDS RD,,,,331.00,Feet,West,CUMMINGS PARK DR,,,,0.00,N,Not at Intersection,N,Non-Junction,None,,,         ,Marcus,Darden,Clear,Rear to Rear,no,no,no,yes,no,False
102928960,METROPOLITAN NASHVILLE POLICE DEPT,20210162550,Davidson,Nashville,3/21/2021 1:08:00 PM,3,0,0,36.162520,-86.761040,I 24,,,,0.00,,,,,,,49.30,N,Not at Intersection, ,Non-Junction,None,,,         ,Nathan,Mayo,Clear,Front to Rear,no,no,no,no,no,False
102928980,METROPOLITAN NASHVILLE POLICE DEPT,20210162570,Davidson,Nashville,3/21/2021 1:32:00 PM,3,0,0,36.098610,-86.659380,HARDING PL,,,,0.00,,,MURFREESBORO PKE,,,,0.00,Y,T-Intersection,N,Intersection,None,,,         ,Joseph,Hurst,Clear,HeadOn,no,no,no,no,no,False
102928999,METROPOLITAN NASHVILLE POLICE DEPT,20210162609,Davidson,Nashville,3/21/2021 2:52:00 PM,2,0,0,36.186730,-86.795600,I 65,,,,0.00,,,,,,,85.55,N,Not at Intersection, ,Non-Junction,None,,,         ,Andrey,Volfson,Clear,Front to Rear,no,no,no,no,no,False
102929031,METROPOLITAN NASHVILLE POLICE DEPT,20210162623,Davidson,Nashville,3/21/2021 3:00:00 PM,2,0,0,36.192490,-86.759380,N 7TH ST,,,,120.00,Feet,North,RICHARDSON AV,,,,0.00,N,Not at Intersection,N,Non-Junction,None,,,         ,Adam,Warren,Clear,Angle,no,no,no,no,yes,False
102929036,METROPOLITAN NASHVILLE POLICE DEPT,20210162684,Davidson,Nashville,3/21/2021 12:00:00 AM,2,0,0,36.173080,-86.758300,RUSSELL ST,,,,87.00,Feet,West,S 8TH ST,,,,0.00,N,Not at Intersection,N,Non-Junction,None,,,         ,Maccio,Hightower,Clear,Unknown,no,no,no,no,yes,False
102929037,BERRY HILL POLICE DEPT,21-0783,Davidson,Berry Hill,3/19/2021 4:56:00 PM,2,0,0,36.122560,-86.775860,FRANKLIN PKE,,,,0.00,,,BILOXI AV,,,,0.00,Y,OTHER, ,,None,,,         ,Yamil,Jimenez,,,no,no,no,yes,no,False
102929101,METROPOLITAN NASHVILLE POLICE DEPT,20210162709,Davidson,Nashville,3/21/2021 3:47:00 PM,2,0,0,36.180590,-86.796350,GARFIELD ST,,,,0.00,Feet,West,ROSA L PARKS BLVD,,,,0.00,N,Not at Intersection,N,Non-Junction,None,,,         ,Lucas,Thomas,Clear,Angle,no,no,no,no,yes,False
102929102,METROPOLITAN NASHVILLE POLICE DEPT,20210162688,Davidson,Nashville,3/21/2021 1:40:00 PM,3,0,0,36.153990,-86.757310,I 24,,,,0.00,,,,,,,49.90,N,Not at Intersection,N,Non-Junction,None,,,         ,Donovan,Coble,Clear,Front to Rear,no,no,no,no,no,False
102929104,METROPOLITAN NASHVILLE POLICE DEPT,20210162822,Davidson,Nashville,3/21/2021 12:00:00 AM,2,0,0,36.135290,-86.827350,RICHLAND AV,,,,327.00,Feet,East,CRAIGHEAD AV,,,,0.00,N,Not at Intersection,N,Non-Junction,None,,,         ,Matthew,Mrowiec,Unknown,Unknown,no,no,no,no,yes,False
102929116,METROPOLITAN NASHVILLE POLICE DEPT,20210162782,Davidson,Nashville,3/21/2021 1:41:00 PM,2,2,0,36.064550,-86.717220,NOLENSVILLE PKE,,,,558.00,Feet,East,FAIRLANE DR,,,,0.00,N,Not at Intersection,N,Non-Junction,None,,,         ,Steven,Powers,Clear,Angle,no,no,no,no,yes,False
102929118,METROPOLITAN NASHVILLE POLICE DEPT,20210162704,Davidson,Nashville,3/21/2021 4:01:00 PM,2,1,0,36.229520,-86.757670,BROADMOOR DR,,,,413.00,Feet,West,HILLSIDE RD,,,,0.00,N,Not at Intersection,N,Non-Junction,None,,,         ,Flynn,Ireland,Clear,Rear to Side,no,no,no,yes,yes,False
102929120,METROPOLITAN NASHVILLE POLICE DEPT,20210162820,Davidson,Nashville,3/21/2021 5:40:00 PM,2,0,0,36.087240,-86.692680,HARDING PL,,,,155.00,Feet,West,ANTIOCH PKE,,,,0.00,N,Not at Intersection,N,Non-Junction,None,,,         ,Austin,Binner,Clear,Angle,no,no,no,no,no,False
102929131,METROPOLITAN NASHVILLE POLICE DEPT,20210162725,Davidson,Nashville,3/21/2021 4:20:00 PM,2,0,0,36.050620,-86.668360,I 24,,,,0.00,,,,,,,58.80,N,Not at Intersection,N,Non-Junction,None,,,         ,Steven,Begley,Clear,Angle,no,no,no,no,yes,False
102929135,METROPOLITAN NASHVILLE POLICE DEPT,20210162649,Davidson,Not in City Limit,3/21/2021 3:15:00 PM,2,0,0,36.263200,-86.713320,OLD HICKORY BLVDW,,,,69.00,Feet,West,OLD TIME VILLAGE PVTDR,,,,0.00,N,Not at Intersection, ,Non-Junction,None,,,         ,David,Harms,Clear,Front to Rear,no,no,no,no,no,False
102929136,METROPOLITAN NASHVILLE POLICE DEPT,20210162857,Davidson,Nashville,3/21/2021 6:00:00 PM,2,0,0,36.229440,-86.757930,BROADMOOR DR,,,,399.00,Feet,East,DICKERSON PKE,,,,0.00,N,Not at Intersection,N,Non-Junction,None,,,         ,Adam,Warren,Clear,Angle,no,no,no,yes,yes,False
102929137,METROPOLITAN NASHVILLE POLICE DEPT,20210162858,Davidson,Not in City Limit,3/21/2021 6:10:00 PM,1,1,0,36.311900,-86.860120,WHITES CREEK PKE,,,,1465.00,Feet,East,OLD CLARKSVILLE PKE,,,,0.00,N,Not at Intersection,N,Non-Junction,None,,,         ,Keegan,Winchell,Clear,Not Collision with Motor Vehicle in Transport,no,no,no,no,no,False
102929150,METROPOLITAN NASHVILLE POLICE DEPT,20210162830,Davidson,Nashville,3/21/2021 4:20:00 PM,2,0,0,36.050620,-86.668360,I 24,,,,0.00,,,,,,,58.80,N,Not at Intersection,N,Non-Junction,None,,,         ,Steven,Begley,Clear,"Sideswipe, Same Direction",no,no,no,no,yes,False
102929156,METROPOLITAN NASHVILLE POLICE DEPT,20210162911,Davidson,Nashville,3/21/2021 7:11:00 PM,1,1,0,36.145460,-86.659210,ELM HILL PKE,,,,0.00,Feet,East,COLFAX DR,,,,0.00,N,Not at Intersection,N,Non-Junction,None,,,         ,Brandon,Chapman,Clear,Not Collision with Motor Vehicle in Transport,no,no,no,no,no,False
102929170,METROPOLITAN NASHVILLE POLICE DEPT,20210162931,Davidson,Nashville,3/21/2021 12:00:00 AM,2,0,0,36.116280,-86.719320,EAST THOMPSON LN,,,,0.00,Feet,East,GLENROSE AV,,,,0.00,N,Not at Intersection,N,Non-Junction,None,,,         ,Taylor,Blackwelder,Clear,Unknown,no,no,no,no,yes,False
102929173,METROPOLITAN NASHVILLE POLICE DEPT,20210162958,Davidson,Nashville,3/21/2021 6:39:00 PM,2,0,0,36.233560,-86.724820,GALLATIN PKE,,,,0.00,,,JOYCE LN,,,,0.00,Y,Four-Way, ,Intersection-Related,None,,,         ,Adam,Warren,Clear,Front to Rear,no,no,no,no,no,False
102929182,METROPOLITAN NASHVILLE POLICE DEPT,20210162963,Davidson,Nashville,3/21/2021 7:48:00 PM,3,1,0,36.089520,-86.688640,HARDING PL,,,,44.00,Feet,West,EZELL PKE,,,,0.00,N,Not at Intersection,N,Non-Junction,None,,,         ,Timothy,Ward,Clear,Front to Rear,no,no,no,no,yes,False
102929187,METROPOLITAN NASHVILLE POLICE DEPT,20210162754,Davidson,Nashville,3/21/2021 4:30:00 PM,2,0,0,36.235820,-86.708850,BRILEY PKWYW,,,,489.00,Feet,East,MUSIC VALLEY DR,,,,0.00,N,Not at Intersection, ,Non-Junction,None,,,         ,David,Harms,Clear,"Sideswipe, Same Direction",no,no,no,no,yes,False
102929254,METROPOLITAN NASHVILLE POLICE DEPT,20210162619,Davidson,Not in City Limit,3/21/2021 3:00:00 PM,2,0,0,36.221560,-86.969910,ASHLAND CITY HWY,,,,2384.00,Feet,East,BULL RUN RD,,,,0.00,N,Not at Intersection,N,Non-Junction,None,,,         ,Alec,Pellissier,Clear,Not Collision with Motor Vehicle in Transport,no,no,no,no,yes,False
102929257,METROPOLITAN NASHVILLE POLICE DEPT,20210163035,Davidson,Nashville,3/21/2021 7:29:00 PM,2,0,0,36.246680,-86.721170,BERKLEY DR,,,,0.00,Feet,,GALLATIN PKES,,,,0.00,Y,T-Intersection, ,Intersection-Related,None,,,         ,Forrest,Punke,Clear,Front to Rear,no,no,no,no,no,False
102929258,METROPOLITAN NASHVILLE POLICE DEPT,20210163020,Davidson,Nashville,3/21/2021 2:30:00 PM,2,0,0,36.159020,-86.773060,2ND AVS,,,,0.00,,,,,,,0.00,,,N,Non-Junction,None,,,         ,James,Hill,Clear,Angle,no,no,no,yes,yes,False
102929260,METROPOLITAN NASHVILLE POLICE DEPT,20210162978,Davidson,Nashville,3/21/2021 8:03:00 PM,5,3,0,36.084020,-86.706320,HARDING PL,,,,141.00,Feet,West,LINBAR DR,,,,0.00,N,Not at Intersection,N,Non-Junction,None,,,         ,Keith,Parlato,Clear,Front to Rear,no,no,no,no,no,False
102929261,METROPOLITAN NASHVILLE POLICE DEPT,20210163094,Davidson,Nashville,3/21/2021 9:28:00 PM,2,0,0,36.195890,-86.775580,I 65,,,,0.00,,,,,,,86.60,N,Not at Intersection,N,Non-Junction,None,,,         ,Jeremy,Smith,Clear,"Sideswipe, Same Direction",no,no,no,no,no,False
102929272,METROPOLITAN NASHVILLE POLICE DEPT,20210162984,Davidson,Nashville,3/21/2021 8:08:00 PM,2,1,0,36.252610,-86.717210,GALLATIN PKES,,,,251.00,Feet,South,MADISON SQ,,,,0.00,N,Not at Intersection,N,Non-Junction,None,,,         ,Marcus,Mitchell,Clear,Angle,no,no,no,no,no,False
102929282,METROPOLITAN NASHVILLE POLICE DEPT,20210162943,Davidson,Nashville,3/21/2021 7:35:00 PM,4,0,0,36.071190,-86.652260,PEBBLE CREEK DR,,,,70.00,Feet,West,PEBBLE CREEK CTE,,,,0.00,N,Not at Intersection,N,Non-Junction,None,,,         ,Steven,Begley,Clear,Front to Rear,no,no,no,no,yes,False
102929283,METROPOLITAN NASHVILLE POLICE DEPT,20210162920,Davidson,Not in City Limit,3/21/2021 7:17:00 PM,1,1,0,36.290730,-86.809840,I 24,,,,0.00,,,,,,,39.45,N,Not at Intersection,N,Non-Junction,None,,,         ,Bradley,Campbell,Clear,Not Collision with Motor Vehicle in Transport,no,no,no,no,no,False
102929286,METROPOLITAN NASHVILLE POLICE DEPT,20210163173,Davidson,Nashville,3/21/2021 11:05:00 PM,1,0,0,36.123650,-86.716850,EAST THOMPSON LN,,,,532.00,Feet,North,LAWNDALE DR,,,,0.00,N,Not at Intersection,N,Non-Junction,None,,,         ,Jonathan,Handley,Clear,Not Collision with Motor Vehicle in Transport,no,no,no,no,no,False
102929306,METROPOLITAN NASHVILLE POLICE DEPT,20210163195,Davidson,Not in City Limit,3/21/2021 12:00:00 AM,2,3,0,36.307880,-86.820640,I 24,,,,0.00,,,,,,,38.05,N,Not at Intersection,N,Non-Junction,None,,,         ,Jacob,Ross,,"Sideswipe, Same Direction",no,no,no,no,no,False
102929311,METROPOLITAN NASHVILLE POLICE DEPT,20210163203,Davidson,Nashville,3/21/2021 11:00:00 PM,3,0,0,36.246630,-86.714940,BARRY DR,,,,347.00,Feet,East,ARGLE AV,,,,0.00,N,Not at Intersection,N,Non-Junction,None,,,         ,John,Hoesli,Clear,Angle,no,no,no,no,no,False
102929319,METROPOLITAN NASHVILLE POLICE DEPT,20210163269,Davidson,Nashville,3/21/2021 9:26:00 PM,2,1,0,36.200930,-86.847960,WINDOVER DR,,,,0.00,,,ASHLAND CITY HWY,,,,0.00,Y,T-Intersection,N,Intersection,None,,,         ,Joel,Bennett,,Front to Rear,no,no,no,no,no,False
102929334,METROPOLITAN NASHVILLE POLICE DEPT,20210163283,Davidson,Nashville,3/21/2021 11:45:00 PM,2,0,0,36.016310,-86.620010,OLD HICKORY BLVD,,,,200.00,Feet,South,FIRESTONE PKWY,,,,0.00,N,Not at Intersection,N,Non-Junction,None,,,         ,Leonard,Cato,Clear,Rear to Side,no,no,no,yes,yes,False
102929335,METROPOLITAN NASHVILLE POLICE DEPT,20210163392,Davidson,Nashville,3/22/2021 1:46:00 AM,2,0,0,36.034240,-86.668850,BOMBADIL LN,,,,227.00,Feet,North,SHIRE DR,,,,0.00,N,Not at Intersection, ,Non-Junction,None,,,         ,Lisa,Beck,Clear,Unknown,no,no,no,no,yes,False
102929336,METROPOLITAN NASHVILLE POLICE DEPT,20210163232,Davidson,Nashville,3/21/2021 11:29:00 PM,2,0,0,36.156790,-86.786990,BROADWAY,,,,165.00,Feet,East,12TH AVS,,,,0.00,N,Not at Intersection,N,Non-Junction,None,,,         ,John,Jones,Clear,Other,no,no,no,yes,yes,False
102929337,METROPOLITAN NASHVILLE POLICE DEPT,20210163367,Davidson,Nashville,3/22/2021 2:00:00 AM,2,2,0,36.118300,-86.700320,MURFREESBORO PKE,,,,0.00,,,BRILEY PKWYS,,,,0.00,Y,OTHER,N,Intersection,None,,,         ,Samuel,Fredericks,,Angle,no,no,no,no,no,False
102929342,METROPOLITAN NASHVILLE POLICE DEPT,20210163415,Davidson,Nashville,3/21/2021 12:00:00 AM,2,0,0,36.217200,-86.794170,OLD MATTHEWS RD,,,,0.00,,,TROY CT,,,,0.00,Y,T-Intersection, ,Non-Junction,None,,,         ,Joseph,Gawlowski,,Unknown,no,no,no,no,yes,False
102929369,METROPOLITAN NASHVILLE POLICE DEPT,20210163500,Davidson,Nashville,3/22/2021 4:20:00 AM,1,0,0,36.230220,-86.624760,OLD HICKORY BLVD,,,,748.00,Feet,South,SHUTE LN,,,,0.00,N,Not at Intersection,N,Non-Junction,None,,,         ,Jacob,West,,Not Collision with Motor Vehicle in Transport,no,no,no,no,no,False
102929419,METROPOLITAN NASHVILLE POLICE DEPT,20210163555,Davidson,Not in City Limit,3/22/2021 12:20:00 AM,2,0,0,36.075440,-86.989030,AVONDALE PARK BLVD,,,,369.00,Feet,North,LEEDS LN,,,,0.00,N,Not at Intersection,N,Non-Junction,None,,,         ,Lynsey,Fish,Clear,HeadOn,no,no,no,no,no,False
102929437,Metro Park Police,20210151572,Davidson,Nashville,3/16/2021 8:30:00 AM,1,0,0,36.044770,-86.661530,CANE RIDGE RD,,,,0.00,,,BELL RD,,,,0.00,Y,OTHER, ,Non-Junction,None,,,         ,Aubrey,"Whitworth, Jr.",Clear,Not Collision with Motor Vehicle in Transport,no,no,no,yes,no,False
102929445,METROPOLITAN NASHVILLE POLICE DEPT,20210163693,Davidson,Nashville,3/22/2021 7:12:00 AM,2,0,0,36.045310,-86.713250,NOLENSVILLE PKE,,,,20.00,Feet,North,OLD HICKORY BLVD,,,,0.00,N,Not at Intersection, ,Non-Junction,None,,,         ,Joe,Hooper,Cloudy,Front to Rear,no,no,no,no,no,False
102929474,METROPOLITAN NASHVILLE POLICE DEPT,20210163720,Davidson,Nashville,3/22/2021 7:34:00 AM,2,0,0,36.039910,-86.742090,OLD HICKORY BLVD,,,,350.00,Feet,East,EDMONDSON PKE,,,,0.00,N,Not at Intersection,N,Non-Junction,None,,,         ,Earl,Davis,Cloudy,Front to Rear,no,no,no,no,no,False
102929498,METROPOLITAN NASHVILLE POLICE DEPT,20210163767,Davidson,Nashville,3/22/2021 8:00:00 AM,2,0,0,36.163460,-86.809910,HERMOSA ST,,,,418.00,Feet,North,24TH AVN,,,,0.00,N,Not at Intersection,N,Non-Junction,None,,,         ,Isaac,Wood,Clear,Other,no,no,no,no,no,False
102929523,METROPOLITAN NASHVILLE POLICE DEPT,20210163712,Davidson,Nashville,3/22/2021 7:10:00 AM,2,0,0,36.193110,-86.830330,CLARKSVILLE PKE,,,,328.00,Feet,East,S HAMILTON RD,,,,0.00,N,Not at Intersection,N,Non-Junction,None,,,         ,Alquavious,McDaniel,Clear,Angle,no,no,no,no,no,False
102929524,METROPOLITAN NASHVILLE POLICE DEPT,20210163821,Davidson,Nashville,3/22/2021 8:35:00 AM,2,2,0,36.141140,-86.730920,I 40,,,,0.00,,,,,,,212.90,N,Not at Intersection,Y,Entrance/Exit Ramp Related,None,,,         ,Michael,Brooks,Cloudy,"Sideswipe, Same Direction",no,no,no,no,no,False
102929542,METROPOLITAN NASHVILLE POLICE DEPT,20210163889,Davidson,Nashville,3/22/2021 9:29:00 AM,1,0,0,36.133940,-86.779120,8TH AVS,,,,145.00,Feet,South,WEDGEWOOD AV,,,,0.00,N,Not at Intersection,N,Non-Junction,None,,,         ,Earl,Davis,Cloudy,Not Collision with Motor Vehicle in Transport,no,no,no,no,no,False
102929553,METROPOLITAN NASHVILLE POLICE DEPT,20210163924,Davidson,Nashville,3/22/2021 9:47:00 AM,3,1,0,36.153100,-86.688700,ELM HILL PKE,,,,264.00,Feet,East,MARRIOTT DR,,,,0.00,N,Not at Intersection,N,Non-Junction,None,,,         ,Michael,Dance,Clear,Angle,no,no,no,no,no,False
102929555,METROPOLITAN NASHVILLE POLICE DEPT,20210163883,Davidson,Nashville,3/22/2021 9:00:00 AM,2,0,0,36.067900,-86.737220,EDMONDSON PKE,,,,50.00,Feet,North,BRIARWOOD DR,,,,0.00,N,Not at Intersection,N,Non-Junction,None,,,         ,Earl,Davis,Cloudy,Front to Rear,no,no,no,no,yes,False
102929565,METROPOLITAN NASHVILLE POLICE DEPT,20210163958,Davidson,Nashville,3/22/2021 10:02:00 AM,2,0,0,36.131030,-86.755640,WOODYCREST AV,,,,75.00,Feet,East,NOLENSVILLE PKE,,,,0.00,N,Not at Intersection,N,Non-Junction,None,,,         ,Joe,Hooper,Clear,Angle,no,no,no,no,no,False
102929567,METROPOLITAN NASHVILLE POLICE DEPT,20210164054,Davidson,Nashville,3/20/2021 4:20:00 PM,2,0,0,36.159800,-86.774100,DEMONBREUN ST,,,,81.00,Feet,West,2ND AVS,,,,0.00,N,Not at Intersection,N,Non-Junction,None,,,         ,Michael,Dance,Clear,Unknown,no,no,no,no,yes,False
102929578,METROPOLITAN NASHVILLE POLICE DEPT,20210164019,Davidson,Nashville,3/22/2021 10:38:00 AM,2,1,0,36.046490,-86.657320,BELL RD,,,,248.00,Feet,East,COLLINS PARK DR,,,,0.00,N,Not at Intersection,N,Non-Junction,None,,,         ,Stanley,Collins,Clear,Angle,no,no,no,no,no,False
102929585,BERRY HILL POLICE DEPT,21-0820,Davidson,Berry Hill,3/22/2021 10:44:00 AM,2,0,0,36.119850,-86.771360,BERRY RD,,,,0.00,,,,,,,0.00,,, ,OtherLocation,None,,,         ,Ronnie,Hill,Clear,Rear to Rear,no,no,no,yes,yes,False
102929587,METROPOLITAN NASHVILLE POLICE DEPT,20210164138,Davidson,Nashville,3/22/2021 10:20:00 AM,2,0,0,36.150760,-86.856600,CHARLOTTE PKE,,,,284.00,Feet,East,ORLANDO AV,,,,0.00,N,Not at Intersection, ,Non-Junction,None,,,         ,Curtis,Rich,Cloudy,Rear to Side,no,no,no,yes,yes,False
102929590,METROPOLITAN NASHVILLE POLICE DEPT,20210164000,Davidson,Nashville,3/22/2021 10:15:00 AM,2,1,0,36.126700,-86.742240,FOSTER AV,,,,481.00,Feet,North,GLENROSE AV,,,,0.00,N,Not at Intersection,N,Non-Junction,None,,,         ,Todd,Watson,Clear,HeadOn,no,no,no,no,yes,False
102929591,METROPOLITAN NASHVILLE POLICE DEPT,20210164152,Davidson,Nashville,3/22/2021 11:39:00 AM,1,1,0,36.071360,-86.635620,MURFREESBORO PKE,,,,248.00,Feet,South,BELL RD,,,,0.00,N,Not at Intersection,N,Non-Junction,None,,,         ,Joe,Hooper,Clear,Not Collision with Motor Vehicle in Transport,yes,no,no,no,yes,False
102929621,METROPOLITAN NASHVILLE POLICE DEPT,20210164094,Davidson,Nashville,3/22/2021 9:55:00 AM,2,0,0,36.157420,-86.792630,CHURCH ST,,,,0.00,,,15TH AVN,,,,0.00,Y,Four-Way, ,Intersection,None,,,         ,Earl,Davis,Clear,"Sideswipe, Same Direction",no,no,no,no,no,False
102929641,METROPOLITAN NASHVILLE POLICE DEPT,20210164137,Davidson,Nashville,3/22/2021 11:16:00 AM,2,0,0,36.040900,-86.779380,OLD HICKORY BLVD,,,,0.00,,,STONE BROOK DR,,,,0.00,Y,Four-Way, ,Intersection,None,,,         ,Earl,Davis,Clear,Angle,no,no,no,no,no,False
102929646,VANDERBILT UNIVERSITY POLICE,20210163830,Davidson,Nashville,3/22/2021 8:15:00 AM,2,0,0,36.139370,-86.805450,24TH AVS,,,,0.00,,,,,,,0.00,,, ,Non-Junction,None,,,         ,Christopher,Dion,,Rear to Side,no,no,no,yes,no,Campus
102929669,METROPOLITAN NASHVILLE POLICE DEPT,20210164239,Davidson,Antioch,3/22/2021 12:16:00 PM,2,0,0,36.042850,-86.606550,MURFREESBORO PKE,,,,0.00,,,HOBSON PKE,,,,0.00,Y,Four-Way, ,Intersection,None,,,         ,Joe,Hooper,Clear,Angle,no,no,no,no,no,False
102929674,METROPOLITAN NASHVILLE POLICE DEPT,20210164278,Davidson,Nashville,3/22/2021 12:00:00 PM,2,1,0,36.152260,-86.690430,BRILEY PKWY N EXT RAMP,,,,0.00,,,ELM HILL PKE,,,,0.00,Y,Four-Way,N,Intersection,None,,,         ,Michael,Dance,Clear,Angle,no,no,no,no,yes,False
102929675,METROPOLITAN NASHVILLE POLICE DEPT,20210164167,Davidson,Nashville,3/22/2021 12:01:00 PM,2,4,0,36.150840,-86.692600,ELM HILL PKE,,,,0.00,,,SANBORN DR,,,,0.00,Y,T-Intersection,N,Intersection,None,,,         ,Michael,Dance,Clear,Angle,no,no,no,no,yes,False
102929701,METROPOLITAN NASHVILLE POLICE DEPT,20210163896,Davidson,Nashville,3/22/2021 7:28:00 AM,2,0,0,36.187470,-86.822010,ED TEMPLE BLVD,,,,231.00,Feet,South,ROSA L PARKS BLVD,,,,0.00,N,Not at Intersection, ,Non-Junction,None,,,         ,Jedidayah,Merriweather,Clear,Front to Rear,no,no,no,no,yes,False
102929715,METROPOLITAN NASHVILLE POLICE DEPT,20210164254,Davidson,Nashville,3/22/2021 12:56:00 PM,3,2,0,36.196520,-86.621260,LEBANON PKE,,,,759.00,Feet,South,OLD HICKORY BLVD,,,,0.00,N,Not at Intersection,N,Non-Junction,None,,,         ,Michael,Brooks,Cloudy,Front to Rear,no,no,no,no,yes,False
102929722,METROPOLITAN NASHVILLE POLICE DEPT,20210164217,Davidson,Nashville,3/22/2021 11:55:00 AM,2,0,0,36.206130,-86.776340,I 65,,,,0.00,,,,,,,87.30,N,Not at Intersection, ,,None,,,         ,Matthew,Herod,,,no,no,no,no,no,False
102929748,METROPOLITAN NASHVILLE POLICE DEPT,20210164293,Davidson,Nashville,3/22/2021 1:16:00 PM,2,0,0,36.045630,-86.708950,OLD HICKORY BLVD,,,,738.00,Feet,West,HICKORY VALLEY CONDOS PVTDR,,,,0.00,N,Not at Intersection,N,Non-Junction,None,,,         ,Joe,Hooper,Clear,Angle,no,no,no,yes,yes,False
102929751,METROPOLITAN NASHVILLE POLICE DEPT,20210164182,Davidson,Nashville,3/22/2021 12:04:00 PM,2,2,0,36.107020,-86.813150,HILLSBORO PKE,,,,318.00,Feet,South,GREEN HILLS VILLAGE DR,,,,0.00,N,Not at Intersection,N,Non-Junction,None,,,         ,Michael,Pyle,Clear,Angle,no,no,no,no,no,False