master_record_number,agency,agency_tracking_number,county,city,collision_date,vehicles_involved,number_injured,number_dead,latitude,longitude,roadway_name,roadway_suffix,roadway_number,roadway_local_id,distance_from_reference,miles-feet_indicator,direction_from_reference,intersection_road_name,intersection_road_name_suffix,intersection_road_number,intersection_local_id,mile_marker,intersection_indicator,intersect_type,interchange_related_indicator,relation_to_junction,work_zone_type,construction_maintenance_zone,construction_maintenance_zone_location,fatal_case_number,officer_first_name,officer_last_name,weather_condition(s),manner_of_crash,pedestrian,bicycle,scooter,parking,hitrun,mou
102932280,METROPOLITAN NASHVILLE POLICE DEPT,20210170154,Davidson,Not in City Limit,3/25/2021 9:00:00 AM,1,1,0,36.105120,-86.930860,I 40,,,,0.00,,,,,,,198.70,N,Not at Intersection,N,Non-Junction,None,,,         ,Curtis,Rich,"Cloudy, Rain",Not Collision with Motor Vehicle in Transport,no,no,no,no,no,False
102932282,METROPOLITAN NASHVILLE POLICE DEPT,20210170220,Davidson,Nashville,3/25/2021 9:50:00 AM,2,0,0,36.149220,-86.747170,I 40,,,,0.00,,,,,,,211.80,N,Not at Intersection,N,Non-Junction,None,,,         ,Michael,Dance,Rain,Unknown,no,no,no,no,yes,False
102932284,GOODLETTSVILLE POLICE DEPT,21-08093,Davidson,Goodlettsville,3/25/2021 8:22:00 AM,3,1,0,36.300730,-86.700950,RIVERGATE PKWY,,,,0.00,,,BLUEBIRD DR,,,,0.00,Y,Four-Way,N,Intersection-Related,None,,,         ,William,Hunter,Rain,Front to Rear,no,no,no,no,no,False
102932286,METROPOLITAN NASHVILLE POLICE DEPT,20210170164,Davidson,Nashville,3/25/2021 9:15:00 AM,2,1,0,36.155810,-86.789300,BROADWAY,,,,65.00,Feet,West,I40 W EXT RAMP,,,,0.00,N,Not at Intersection,N,Non-Junction,None,,,         ,Wesley,Young,Rain,Front to Rear,no,no,no,no,yes,False
102932297,METROPOLITAN NASHVILLE POLICE DEPT,20210170206,Davidson,Nashville,3/25/2021 9:40:00 AM,1,0,0,36.255980,-86.738350,I 65,,,,0.00,,,,,,,91.65,N,Not at Intersection,N,Non-Junction,None,,,         ,Michael,McCord,Rain,Not Collision with Motor Vehicle in Transport,no,no,no,no,no,False
102932298,METROPOLITAN NASHVILLE POLICE DEPT,20210170245,Davidson,Nashville,3/25/2021 10:00:00 AM,2,0,0,36.058470,-86.716140,NOLENSVILLE PKE,,,,170.00,Feet,East,TUSCULUM SQUARE DR,,,,0.00,N,Not at Intersection,N,OtherLocation,None,,,         ,Earl,Davis,Rain,Angle,no,no,no,yes,yes,False
102932304,METROPOLITAN NASHVILLE POLICE DEPT,20210170211,Davidson,Nashville,3/25/2021 9:49:00 AM,1,0,0,36.137490,-86.821980,I 440,,,,0.00,,,,,,,1.40,N,Not at Intersection, ,Non-Junction,None,,,         ,Bradley,Pope,Rain,Not Collision with Motor Vehicle in Transport,no,no,no,no,no,False
102932305,METROPOLITAN NASHVILLE POLICE DEPT,20210170301,Davidson,Nashville,3/25/2021 10:39:00 AM,1,0,0,36.044830,-86.657930,I 24,,,,0.00,,,,,,,59.50,N,Not at Intersection,N,Non-Junction,Construction Zone,Work On Shoulder Or Median,Transition Area,         ,Joe,Hooper,Rain,Not Collision with Motor Vehicle in Transport,no,no,no,no,no,False
102932307,METROPOLITAN NASHVILLE POLICE DEPT,20210170214,Davidson,Nashville,3/25/2021 9:47:00 AM,2,0,0,36.124170,-86.741580,I 440,,,,0.00,,,,,,,6.75,N,Not at Intersection,N,Non-Junction,None,,,         ,Michael,Brooks,"Cloudy, Rain","Sideswipe, Same Direction",no,no,no,no,yes,False
102932308,METROPOLITAN NASHVILLE POLICE DEPT,20210170186,Davidson,Not in City Limit,3/25/2021 9:28:00 AM,1,1,0,36.329140,-86.919390,CLARKSVILLE PKE,,,,1823.00,Feet,North,HARPER RD,,,,0.00,N,Not at Intersection,N,Non-Junction,None,,,         ,William,Coy,Rain,Not Collision with Motor Vehicle in Transport,no,no,no,no,no,False
102932317,METROPOLITAN NASHVILLE POLICE DEPT,20210170300,Davidson,Nashville,3/25/2021 9:45:00 AM,2,0,0,36.133230,-86.862270,VINE RIDGE DR,,,,41.00,Feet,West,PRICE CIRCLE RD,,,,0.00,N,Not at Intersection,N,Non-Junction,None,,,         ,Curtis,Rich,"Cloudy, Rain",Front to Rear,no,no,no,no,no,False
102932331,VANDERBILT UNIVERSITY POLICE,20210169963,Davidson,Nashville,3/25/2021 6:51:00 AM,1,1,0,36.140860,-86.806780,25TH AVE S,,,,623.00,Feet,North,CHILDRENS WAY,,,,0.00,N,Not at Intersection,N,Non-Junction,None,,,         ,Anthony,Jones,Rain,Not Collision with Motor Vehicle in Transport,yes,no,no,no,no,Campus
102932346,METROPOLITAN NASHVILLE POLICE DEPT,20210170318,Davidson,Nashville,3/25/2021 10:48:00 AM,2,0,0,36.133410,-86.726890,I24E,,,,67.00,Feet,East,I24 W EXT RAMP,,,,0.00,N,Not at Intersection, ,Non-Junction,None,,,         ,Joe,Hooper,Rain,Front to Rear,no,no,no,no,no,False
102932349,METROPOLITAN NASHVILLE POLICE DEPT,20210170392,Davidson,Nashville,3/25/2021 11:30:00 AM,2,0,0,36.168280,-86.777130,JAMES ROBERTSON PKWY,,,,96.00,Feet,East,GAY ST,,,,0.00,N,Not at Intersection,N,Non-Junction,None,,,         ,Wesley,Young,Rain,"Sideswipe, Same Direction",no,no,no,no,yes,False
102932352,METROPOLITAN NASHVILLE POLICE DEPT,20210170456,Davidson,Nashville,3/25/2021 9:30:00 AM,2,0,0,36.102700,-86.816820,HILLSBORO PKE,,,,321.00,Feet,South,WARFIELD DR,,,,0.00,N,Not at Intersection, ,,None,,,         ,Curtis,Rich,,,no,no,no,no,no,False
102932365,VANDERBILT UNIVERSITY POLICE,20210170390,Davidson,Nashville,3/25/2021 11:07:00 AM,2,0,0,36.139640,-86.799640,SOUTH DR,,,,0.00,,,,,,,0.00,,, ,Non-Junction,None,,,         ,O'Darra,Beauvais,Cloudy,Rear to Rear,no,no,no,yes,no,Campus
102932377,METROPOLITAN NASHVILLE POLICE DEPT,20210170454,Davidson,Nashville,3/25/2021 12:01:00 PM,2,1,0,36.238840,-86.777970,BRILEY PKWYE,,,,52.00,Feet,South,BRILEY PKWYW,,,,0.00,N,Not at Intersection,N,Non-Junction,None,,,         ,Michael,McCord,Rain,Front to Rear,no,no,no,no,no,False
102932378,METROPOLITAN NASHVILLE POLICE DEPT,20210170424,Davidson,Nashville,3/25/2021 11:46:00 AM,2,0,0,36.134350,-86.775610,I 65,,,,0.00,,,,,,,81.40,N,Not at Intersection,N,Non-Junction,None,,,         ,Earl,Davis,Cloudy,Other,no,no,no,no,no,False
102932392,METROPOLITAN NASHVILLE POLICE DEPT,20210170410,Davidson,Nashville,3/25/2021 11:36:00 AM,2,0,0,36.081260,-86.726860,NOLENSVILLE PKE,,,,503.00,Feet,South,WELSHWOOD DR,,,,0.00,N,Not at Intersection, ,Non-Junction,None,,,         ,Ryan,Howard,Cloudy,Angle,no,no,no,no,no,False
102932395,METROPOLITAN NASHVILLE POLICE DEPT,20210170412,Davidson,Nashville,3/25/2021 11:40:00 AM,2,0,0,36.167330,-86.693870,LEBANON PKE,,,,454.00,Feet,West,COTTAGE LN,,,,0.00,N,Not at Intersection,N,Non-Junction,None,,,         ,Michael,Dance,Clear,Angle,no,no,no,no,no,False
102932405,METROPOLITAN NASHVILLE POLICE DEPT,20210170506,Davidson,Nashville,3/25/2021 12:32:00 PM,2,1,0,36.064790,-86.628480,HAMILTON CHURCH RD,,,,0.00,,,MURFREESBORO PKE,,,,0.00,Y,Four-Way,N,Intersection,None,,,         ,Joe,Hooper,Cloudy,Angle,no,no,no,no,no,False
102932414,METROPOLITAN NASHVILLE POLICE DEPT,20210170494,Davidson,Nashville,3/25/2021 12:00:00 PM,2,0,0,36.148810,-86.666280,ELM HILL PKE,,,,0.00,,,DONELSON PKE,,,,0.00,Y,Four-Way, ,,None,,,         ,Michael,Brooks,,,no,no,no,no,no,False
102932420,METROPOLITAN NASHVILLE POLICE DEPT,20210170508,Davidson,Nashville,3/25/2021 12:31:00 PM,1,1,0,36.230080,-86.830200,BRILEY PKWY W EXT RAMP,,,,0.00,,,BRILEY PKWYW,,,,0.00,Y,T-Intersection,N,Intersection-Related,None,,,         ,Steven,Meador,Cloudy,Not Collision with Motor Vehicle in Transport,no,no,no,no,no,False
102932444,METROPOLITAN NASHVILLE POLICE DEPT,20210170536,Davidson,Nashville,3/25/2021 12:40:00 PM,3,0,0,36.149320,-86.773460,I 40,,,,0.00,,,,,,,210.20,N,Not at Intersection,N,Non-Junction,None,,,         ,Earl,Davis,Cloudy,"Sideswipe, Same Direction",no,no,no,no,no,False
102932465,METROPOLITAN NASHVILLE POLICE DEPT,20210170582,Davidson,Nashville,3/25/2021 1:02:00 PM,2,0,0,36.069970,-86.685630,BAKERTOWN RD,,,,5.00,Feet,South,HAYWOOD LN,,,,0.00,N,Not at Intersection,N,Non-Junction,None,,,         ,Joe,Hooper,Cloudy,Front to Rear,no,no,no,no,yes,False
102932472,METROPOLITAN NASHVILLE POLICE DEPT,20210170626,Davidson,Not in City Limit,3/25/2021 1:50:00 PM,2,0,0,36.265460,-86.732040,N GRAYCROFT AV,,,,375.00,Feet,North,OLD HICKORY BLVDW,,,,0.00,N,Not at Intersection,N,"Driveway, Alley Access, etc",None,,,         ,Ian,Wilson,Clear,Front to Rear,no,no,no,no,no,False
102932474,METROPOLITAN NASHVILLE POLICE DEPT,20210170274,Davidson,Nashville,3/25/2021 10:21:00 AM,2,0,0,36.185960,-86.862260,BRILEY PKWY N EXT RAMP,,,,0.00,,,BRILEY PKWYN,,,,0.00,Y,OTHER,N,Non-Junction,None,,,         ,Royce,McLester,"Cloudy, Rain",Front to Rear,no,no,no,no,yes,False
102932476,METROPOLITAN NASHVILLE POLICE DEPT,20210170572,Davidson,Nashville,3/25/2021 12:00:00 PM,2,0,0,36.169170,-86.766350,I 24,,,,0.00,,,,,,,48.75,N,Not at Intersection, ,Non-Junction,None,,,         ,Curtis,Rich,Cloudy,Front to Rear,no,no,no,no,yes,False
102932478,METROPOLITAN NASHVILLE POLICE DEPT,20210170532,Davidson,Nashville,3/25/2021 12:43:00 PM,1,1,0,36.094420,-86.736770,NOLENSVILLE PKE,,,,391.00,Feet,North,NATCHEZ CT,,,,0.00,N,Not at Intersection,N,Non-Junction,None,,,         ,Sandra,Fly,Cloudy,Not Collision with Motor Vehicle in Transport,no,no,no,no,no,False
102932492,METROPOLITAN NASHVILLE POLICE DEPT,20210170578,Davidson,Nashville,3/25/2021 1:32:00 PM,2,1,0,36.163480,-86.824800,ALBION ST,,,,0.00,,,32ND AVN,,,,0.00,Y,Four-Way,N,Non-Junction,None,,,         ,James,Wray,Cloudy,Other,no,no,no,no,yes,False
102932518,METROPOLITAN NASHVILLE POLICE DEPT,20210170621,Davidson,Nashville,3/25/2021 2:01:00 PM,2,1,0,36.151900,-86.784230,12TH AVS,,,,0.00,,,11TH AVS,,,,0.00,Y,T-Intersection,N,Intersection,None,,,         ,Michael,Douglas,Cloudy,Front to Rear,no,no,no,no,no,False
102932535,METROPOLITAN NASHVILLE POLICE DEPT,20210170668,Davidson,Nashville,3/25/2021 2:00:00 PM,3,0,0,36.155070,-86.848740,51ST AVN,,,,110.00,Feet,South,GEORGIA AV,,,,0.00,N,Not at Intersection,N,Non-Junction,None,,,         ,Wesley,Tilley,Clear,Angle,no,no,no,no,no,False
102932542,METROPOLITAN NASHVILLE POLICE DEPT,20210170736,Davidson,Nashville,3/25/2021 12:00:00 AM,2,0,0,36.080560,-86.703760,WALLACE RD,,,,287.00,Feet,North,WILLARD DR,,,,0.00,N,Not at Intersection,N,OtherLocation,None,,,         ,Beri,Scott,Unknown,Unknown,no,no,no,yes,yes,False
102932546,THP District 9 - Administrative,321018618,Davidson,Nashville,3/23/2021 1:18:00 PM,1,0,0,36.164000,-86.785410,8TH AVE N,,,,117.00,Feet,South,6TH AVE,,,,0.00,N,Not at Intersection, ,Non-Junction,Maintenance Zone,,,         ,Shane,Moore,Clear,Not Collision with Motor Vehicle in Transport,no,no,no,no,no,False
102932549,METROPOLITAN NASHVILLE POLICE DEPT,20210170799,Davidson,Nashville,3/25/2021 2:30:00 PM,2,0,0,36.174650,-86.800300,I65 N ENT RAMP,,,,0.00,Feet,East,11TH AVN,,,,0.00,N,Not at Intersection, ,,None,,,         ,Eric,McCoy,,,no,no,no,no,no,False
102932558,METROPOLITAN NASHVILLE POLICE DEPT,20210170830,Davidson,Nashville,3/25/2021 3:50:00 PM,2,0,0,36.134380,-86.781290,WEDGEWOOD AV,,,,91.00,Feet,West,ACKLEN AV,,,,0.00,N,Not at Intersection, ,,None,,,         ,David,Rehm,,,no,no,no,no,no,False
102932563,METROPOLITAN NASHVILLE POLICE DEPT,20210170748,Davidson,Nashville,3/25/2021 3:20:00 PM,2,0,0,36.155650,-86.789720,I40 E ENT RAMP,,,,0.00,,,BROADWAY,,,,0.00,Y,Four-Way, ,Intersection,None,,,         ,Russell,Freeman,Cloudy,Angle,no,no,no,no,no,False
102932574,VANDERBILT UNIVERSITY POLICE,20210169258,Davidson,Nashville,3/24/2021 9:40:00 PM,2,0,0,36.140450,-86.807960,25TH AVE S,,,,0.00,,,,,,,0.00,,Not at Intersection, ,,None,,,         ,Robert,Gibson,,,no,no,no,yes,no,Campus
102932575,METROPOLITAN NASHVILLE POLICE DEPT,20210170881,Davidson,Nashville,3/25/2021 1:54:00 PM,2,0,0,36.070450,-86.684550,ANTIOCH PKE,,,,57.00,Feet,North,HAYWOOD LN,,,,0.00,N,Not at Intersection, ,Non-Junction,None,,,         ,Taylor,Blackwelder,Rain,"Sideswipe, Same Direction",no,no,no,no,yes,False
102932594,GOODLETTSVILLE POLICE DEPT,21-08113,Davidson,Goodlettsville,3/25/2021 3:58:00 PM,2,0,0,36.319830,-86.698710,PRESTON RUN CIR,,,,0.00,Feet,,NORTHCREEK BLVD,,,,0.00,Y,T-Intersection, ,Intersection,None,,,         ,Donald,Brinton,Cloudy,Angle,no,no,no,no,no,False
102932609,METROPOLITAN NASHVILLE POLICE DEPT,20210170941,Davidson,Nashville,3/25/2021 3:57:00 PM,2,1,0,36.110280,-86.820890,CROSS CREEK RD,,,,0.00,,,VALLEY BROOK RD,,,,0.00,Y,T-Intersection,N,Intersection,None,,,         ,Jared,Dick,Clear,"Sideswipe, Opposite Direction",no,no,no,no,no,False
102932611,METROPOLITAN NASHVILLE POLICE DEPT,20210170884,Davidson,Nashville,3/25/2021 4:32:00 PM,2,0,0,36.153000,-86.857610,BRILEY PKWY,,,,0.00,,,I40 W EXT RAMP,,,,0.00,Y,OTHER,N,Entrance/Exit Ramp Related,None,,,         ,Kyle,Lund,Rain,Angle,no,no,no,no,no,False
102932613,METROPOLITAN NASHVILLE POLICE DEPT,20210170923,Davidson,Nashville,3/25/2021 4:45:00 PM,2,0,0,36.191050,-86.775050,WHITES CREEK PKE,,,,454.00,Feet,South,LOTTA AV,,,,0.00,N,Not at Intersection,N,Non-Junction,None,,,         ,Cooper,HIll,Sleet/Hail,Angle,no,no,no,no,yes,False
102932618,METROPOLITAN NASHVILLE POLICE DEPT,20210170726,Davidson,Nashville,3/25/2021 3:00:00 PM,2,0,0,36.185890,-86.796520,I 65,,,,0.00,,,,,,,85.45,N,Not at Intersection, ,Non-Junction,None,,,         ,Keegan,Winchell,Cloudy,Front to Rear,no,no,no,no,no,False
102932621,METROPOLITAN NASHVILLE POLICE DEPT,20210171089,Davidson,Nashville,3/25/2021 5:15:00 PM,1,0,0,36.207560,-86.835600,W HAMILTON AV,,,,235.00,Feet,East,HAYNES PARK DR,,,,0.00,N,Not at Intersection,N,Non-Junction,None,,,         ,Daniel,Kallman,Rain,Not Collision with Motor Vehicle in Transport,no,no,no,no,yes,False
102932623,METROPOLITAN NASHVILLE POLICE DEPT,20210171023,Davidson,Nashville,3/25/2021 5:34:00 PM,1,0,0,36.115870,-86.795970,I 440,,,,0.00,,,,,,,3.65,N,Not at Intersection,N,Non-Junction,None,,,         ,Brady,Reynolds,Cloudy,Not Collision with Motor Vehicle in Transport,no,no,no,no,no,False
102932628,METROPOLITAN NASHVILLE POLICE DEPT,20210171025,Davidson,Nashville,3/25/2021 5:20:00 PM,2,0,0,36.148740,-86.775110,I 40,,,,0.00,,,,,,,210.10,N,Not at Intersection, ,,None,,,         ,Cory,Stratton,,,no,no,no,no,no,False
102932629,METROPOLITAN NASHVILLE POLICE DEPT,20210171277,Davidson,Nashville,3/25/2021 7:48:00 PM,2,0,0,36.150700,-86.800760,WEST END AV,,,,157.00,Feet,East,21ST AVN,,,,0.00,N,Not at Intersection,N,Non-Junction,None,,,         ,Ryan,Cagle,Rain,HeadOn,no,no,no,no,no,Campus
102932631,METROPOLITAN NASHVILLE POLICE DEPT,20210171128,Davidson,Not in City Limit,3/25/2021 6:05:00 PM,1,1,0,36.264760,-86.707290,KATE ST,,,,256.00,Feet,North,STATE RT 45,,,,0.00,N,Not at Intersection,N,Non-Junction,None,,,         ,Dylan,Bradley,Cloudy,Not Collision with Motor Vehicle in Transport,yes,no,no,no,yes,False
102932637,METROPOLITAN NASHVILLE POLICE DEPT,20210170988,Davidson,Nashville,3/25/2021 5:05:00 PM,1,3,0,36.172860,-86.768740,I24 W EXT RAMP,,,,0.00,Feet,East,I 24,,,,0.00,N,Not at Intersection,N,Non-Junction,None,,,         ,Ciara,Doherty,Rain,Not Collision with Motor Vehicle in Transport,no,no,no,no,no,False
102932649,METROPOLITAN NASHVILLE POLICE DEPT,20210170688,Davidson,Nashville,3/25/2021 2:25:00 PM,2,0,0,36.151830,-86.798390,LYLE AV,,,,0.00,Feet,East,WEST END AV,,,,0.00,N,Not at Intersection, ,,None,,,         ,Jacob,Robbins,,,no,no,no,no,no,False
102932650,METROPOLITAN NASHVILLE POLICE DEPT,20210171053,Davidson,Nashville,3/25/2021 5:47:00 PM,2,0,0,36.152670,-86.764990,CARROLL ST,,,,141.00,Feet,South,I24 W ENT RAMP,,,,0.00,N,Not at Intersection, ,Non-Junction,None,,,         ,Keenan,McCann,Rain,"Sideswipe, Opposite Direction",no,no,no,no,no,False
102932651,METROPOLITAN NASHVILLE POLICE DEPT,20210171189,Davidson,Nashville,3/25/2021 6:50:00 PM,2,0,0,36.082060,-86.712380,HARDING PL,,,,403.00,Feet,East,RICHBRIAR CIR,,,,0.00,N,Not at Intersection,N,Non-Junction,None,,,         ,Beri,Scott,Clear,Front to Rear,no,no,no,no,no,False
102932670,METROPOLITAN NASHVILLE POLICE DEPT,20210170781,Davidson,Nashville,3/25/2021 3:30:00 PM,2,0,0,36.081620,-86.726960,NOLENSVILLE PKE,,,,371.00,Feet,South,WELSHWOOD DR,,,,0.00,N,Not at Intersection,N,Non-Junction,None,,,         ,Savannah,Starbuck,Cloudy,Angle,no,no,no,no,no,False
102932676,METROPOLITAN NASHVILLE POLICE DEPT,20210170964,Davidson,Nashville,3/25/2021 12:00:00 AM,1,0,0,36.142450,-86.685120,MCGAVOCK PKE,,,,0.00,Feet,,KNIGHTS OF COLUMBUS BLVD,,,,0.00,Y,T-Intersection,N,Intersection,None,,,         ,Christian,Vanders,Unknown,Not Collision with Motor Vehicle in Transport,no,no,no,no,yes,False
102932677,METROPOLITAN NASHVILLE POLICE DEPT,20210171169,Davidson,Nashville,3/25/2021 5:42:00 PM,2,0,0,36.177230,-86.772980,I 24,,,,0.00,,,,,,,47.90,N,Not at Intersection,N,Non-Junction,None,,,         ,Roy,Sain Jr.,Rain,Front to Rear,no,no,no,no,yes,False
102932697,METROPOLITAN NASHVILLE POLICE DEPT,20210171274,Davidson,Nashville,3/25/2021 7:46:00 PM,1,0,0,36.178750,-86.784190,MONROE ST,,,,0.00,,,DOWNTOWN GRNWY,,,,0.00,Y,OTHER, ,Non-Junction,None,,,         ,Trevor,Taylor,Rain,Not Collision with Motor Vehicle in Transport,no,no,no,no,no,False
102932703,METROPOLITAN NASHVILLE POLICE DEPT,20210171326,Davidson,Nashville,3/25/2021 7:47:00 PM,2,0,0,36.192570,-86.829460,CLARKSVILLE PKE,,,,149.00,Feet,West,CLIFF DR,,,,0.00,N,Not at Intersection,N,Non-Junction,None,,,         ,Daniel,Kallman,Rain,Front to Rear,no,no,no,no,yes,False
102932704,METROPOLITAN NASHVILLE POLICE DEPT,20210171303,Davidson,Not in City Limit,3/25/2021 8:15:00 PM,1,1,0,36.014330,-86.641580,CANE RIDGE RD,,,,0.53,Miles,South,CANE SPRINGS RD,,,,0.00,N,Not at Intersection,N,Non-Junction,None,,,         ,Nadine,Klemenz,Rain,Not Collision with Motor Vehicle in Transport,no,no,no,no,no,False
102932705,METROPOLITAN NASHVILLE POLICE DEPT,20210170921,Davidson,Nashville,3/25/2021 4:47:00 PM,2,0,0,36.235810,-86.727060,BRILEY PKWYE,,,,1505.00,Feet,East,SAUNDERS AV,,,,0.00,N,Not at Intersection,N,Non-Junction,None,,,         ,Christopher,Littles,"Cloudy, Sleet/Hail","Sideswipe, Same Direction",no,no,no,no,no,False
102932706,METROPOLITAN NASHVILLE POLICE DEPT,20210171027,Davidson,Nashville,3/25/2021 5:01:00 PM,2,0,0,36.234400,-86.721260,BRILEY PKWYW,,,,0.00,,,BRILEY PKWY W EXT RAMP,,,,0.00,Y,Y-Intersection, ,Entrance/Exit Ramp Related,None,,,         ,Christopher,Littles,"Cloudy, Sleet/Hail",Front to Rear,no,no,no,no,no,False
102932707,METROPOLITAN NASHVILLE POLICE DEPT,20210171167,Davidson,Nashville,3/25/2021 4:59:00 PM,2,0,0,36.240430,-86.768200,BRILEY PKWYE,,,,1780.00,Feet,West,VAILVIEW DR,,,,0.00,N,Not at Intersection, ,Non-Junction,None,,,         ,Christopher,Littles,"Cloudy, Sleet/Hail","Sideswipe, Same Direction",no,no,no,no,no,False
102932708,METROPOLITAN NASHVILLE POLICE DEPT,20210171276,Davidson,Nashville,3/25/2021 7:47:00 PM,3,6,0,36.254550,-86.715670,GALLATIN PKES,,,,209.00,Feet,South,MADISON BLVD,,,,0.00,N,Not at Intersection,N,Non-Junction,None,,,         ,Christopher,Littles,"Cloudy, Rain",Angle,no,no,no,no,no,False
102932731,METROPOLITAN NASHVILLE POLICE DEPT,20210171017,Davidson,Not in City Limit,3/25/2021 5:10:00 PM,1,1,0,36.283140,-86.704730,EDGEMEADE DR,,,,14.00,Feet,South,AURORA AV,,,,0.00,N,Not at Intersection,N,Non-Junction,None,,,         ,Alexander,Hartle,Sleet/Hail,Not Collision with Motor Vehicle in Transport,yes,no,no,no,yes,False
102932732,METROPOLITAN NASHVILLE POLICE DEPT,20210171306,Davidson,Nashville,3/25/2021 7:50:00 PM,2,0,0,36.154560,-86.779210,8TH AVS,,,,0.00,,,LAFAYETTE ST,,,,0.00,Y,Roundabout, ,Intersection-Related,None,,,         ,Benny,Pittman,Rain,"Sideswipe, Same Direction",no,no,no,no,no,False
102932735,METROPOLITAN NASHVILLE POLICE DEPT,20210171216,Davidson,Nashville,3/25/2021 6:45:00 PM,2,0,0,36.136210,-86.770060,SOUTHGATE AV,,,,0.00,,,MARTIN ST,,,,0.00,Y,Four-Way,N,Intersection,None,,,         ,Cory,Stratton,Cloudy,Angle,no,no,no,no,no,False
102932738,METROPOLITAN NASHVILLE POLICE DEPT,20210171273,Davidson,Nashville,3/25/2021 7:33:00 PM,2,2,0,36.132390,-86.757510,NOLENSVILLE PKE,,,,720.00,Feet,North,CRAIGHEAD ST,,,,0.00,N,Not at Intersection,N,Non-Junction,None,,,         ,David,Rehm,Rain,Front to Rear,no,no,no,no,no,False
102932740,METROPOLITAN NASHVILLE POLICE DEPT,20210171225,Davidson,Nashville,3/25/2021 7:12:00 PM,2,0,0,36.109450,-86.728050,BRILEY PKWYN,,,,0.00,,,BRILEY PKWYS,,,,0.00,Y,Four-Way, ,,None,,,         ,Robert,Higgins,,,no,no,no,no,no,False
102932741,METROPOLITAN NASHVILLE POLICE DEPT,20210171288,Davidson,Nashville,3/25/2021 8:01:00 PM,2,0,0,36.124550,-86.738100,I 440,,,,0.00,,,,,,,6.95,N,Not at Intersection,N,Non-Junction,None,,,         ,Robert,Higgins,"Rain, Severe Cross-Winds",Front to Rear,no,no,no,no,no,False
102932755,THP District 3 - Nashville,321019270,Davidson,Not in City Limit,3/25/2021 4:03:00 PM,3,0,0,36.313530,-86.830700,I 24,,,,0.00,,,,,,,37.35,N,Not at Intersection, ,Non-Junction,None,,,         ,Nicholas,Lang,Cloudy,Front to Rear,no,no,no,no,no,False
102932757,METROPOLITAN NASHVILLE POLICE DEPT,20210171236,Davidson,Nashville,3/25/2021 7:15:00 PM,1,1,0,36.167000,-86.599210,OLD HICKORY BLVD,,,,82.00,Feet,North,CROSSHILL WAY,,,,0.00,N,Not at Intersection,N,Non-Junction,None,,,         ,Christian,Vanders,Rain,Not Collision with Motor Vehicle in Transport,no,no,no,yes,no,False
102932760,METROPOLITAN NASHVILLE POLICE DEPT,20210171311,Davidson,Nashville,3/25/2021 6:29:00 PM,2,0,0,36.193790,-86.776200,I 24,,,,0.00,,,,,,,46.65,N,Not at Intersection,N,Non-Junction,None,,,         ,Nicholas,Kiraly,Rain,Front to Rear,no,no,no,no,yes,False
102932768,METROPOLITAN NASHVILLE POLICE DEPT,20210170723,Davidson,Nashville,3/25/2021 3:05:00 PM,3,0,0,36.114810,-86.819790,WOODMONT BLVD,,,,412.00,Feet,East,ECHO HILL RD,,,,0.00,N,Not at Intersection,N,Non-Junction,None,,,         ,Matthew,Turppa,Cloudy,Front to Rear,no,no,no,no,no,False
102932775,METROPOLITAN NASHVILLE POLICE DEPT,20210170977,Davidson,Nashville,3/25/2021 5:13:00 PM,1,1,0,36.215160,-86.775390,I 65,,,,0.00,,,,,,,88.00,N,Not at Intersection,N,Non-Junction,None,,,         ,Gabriel,Centeno,Rain,Not Collision with Motor Vehicle in Transport,no,no,no,no,no,False
102932781,METROPOLITAN NASHVILLE POLICE DEPT,20210171366,Davidson,Nashville,3/25/2021 8:45:00 PM,2,0,0,36.154330,-86.758040,I24 W ENT RAMP,,,,0.00,Feet,East,I 40,,,,0.00,N,Not at Intersection, ,Non-Junction,None,,,         ,Kevin,Clausius,Rain,Front to Rear,no,no,no,no,no,False
102932796,METROPOLITAN NASHVILLE POLICE DEPT,20210170949,Davidson,Nashville,3/25/2021 5:04:00 PM,3,3,0,36.140590,-86.737590,MURFREESBORO PKE,,,,71.00,Feet,East,MENZLER RD,,,,0.00,N,Not at Intersection,N,Non-Junction,None,,,         ,Dontaveous,Eubanks,"Cloudy, Rain",Angle,no,no,no,no,no,False
102932797,METROPOLITAN NASHVILLE POLICE DEPT,20210171323,Davidson,Nashville,3/25/2021 8:15:00 PM,2,0,0,36.124540,-86.736240,I 440,,,,0.00,,,,,,,7.05,N,Not at Intersection,N,Non-Junction,None,,,         ,Beri,Scott,Rain,"Sideswipe, Same Direction",no,no,no,no,no,False
102932798,METROPOLITAN NASHVILLE POLICE DEPT,20210171298,Davidson,Nashville,3/25/2021 8:10:00 PM,2,0,0,36.150640,-86.749470,I 40,,,,0.00,,,,,,,211.65,N,Not at Intersection, ,Non-Junction,None,,,         ,Rami,Rouhi,Rain,Front to Rear,no,no,no,no,no,False