master_record_number,agency,agency_tracking_number,county,city,collision_date,vehicles_involved,number_injured,number_dead,latitude,longitude,roadway_name,roadway_suffix,roadway_number,roadway_local_id,distance_from_reference,miles-feet_indicator,direction_from_reference,intersection_road_name,intersection_road_name_suffix,intersection_road_number,intersection_local_id,mile_marker,intersection_indicator,intersect_type,interchange_related_indicator,relation_to_junction,work_zone_type,construction_maintenance_zone,construction_maintenance_zone_location,fatal_case_number,officer_first_name,officer_last_name,weather_condition(s),manner_of_crash,pedestrian,bicycle,scooter,parking,hitrun,mou
102933404,METROPOLITAN NASHVILLE POLICE DEPT,20210172797,Davidson,Nashville,3/26/2021 12:00:00 AM,3,1,0,36.142110,-86.711090,I 40,,,,0.00,,,,,,,214.15,N,Not at Intersection,N,Non-Junction,None,,,         ,Adam,Gartner,Clear,Front to Rear,no,no,no,no,no,False
102933405,METROPOLITAN NASHVILLE POLICE DEPT,20210172847,Davidson,Not in City Limit,3/26/2021 12:00:00 AM,2,0,0,36.264180,-86.735390,I65 N EXT RAMP,,,,0.00,,,OLD HICKORY BLVDW,,,,0.00,Y,Y-Intersection, ,Intersection,None,,,         ,Zachary,Smith,Clear,Front to Rear,no,no,no,no,no,False
102933418,METROPOLITAN NASHVILLE POLICE DEPT,20210172831,Davidson,Nashville,3/26/2021 12:00:00 AM,2,0,0,36.201850,-86.619610,HERMITAGE RD,,,,514.00,Feet,East,LEBANON PKE,,,,0.00,N,Not at Intersection,N,Non-Junction,None,,,         ,Keenan,McCann,Clear,Angle,no,no,no,no,no,False
102933464,METROPOLITAN NASHVILLE POLICE DEPT,20210172962,Davidson,Nashville,3/26/2021 4:11:00 PM,2,0,0,36.161210,-86.760670,I 24,,,,0.00,,,,,,,49.40,N,Not at Intersection, ,Non-Junction,None,,,         ,Roy,Sain Jr.,Clear,"Sideswipe, Same Direction",no,no,no,no,no,False
102933493,METROPOLITAN NASHVILLE POLICE DEPT,20210172853,Davidson,Nashville,3/26/2021 3:10:00 PM,3,1,0,36.145990,-86.870870,CHARLOTTE PKE,,,,58.00,Feet,West,WESTBORO DR,,,,0.00,N,Not at Intersection,N,Non-Junction,None,,,         ,Ryan,Papp,Clear,Front to Rear,no,no,no,no,no,False
102933495,METROPOLITAN NASHVILLE POLICE DEPT,20210172890,Davidson,Nashville,3/26/2021 3:22:00 PM,2,1,0,36.070090,-86.634210,MURFREESBORO PKE,,,,872.00,Feet,South,BELL RD,,,,0.00,N,Not at Intersection,N,Non-Junction,None,,,         ,Nadine,Klemenz,Clear,Angle,no,no,no,no,yes,False
102933500,METROPOLITAN NASHVILLE POLICE DEPT,20210173054,Davidson,Nashville,3/26/2021 4:51:00 PM,1,1,0,36.080030,-86.624300,MOSSDALE DR,,,,153.00,Feet,South,RURAL HILL RD,,,,0.00,N,Not at Intersection,N,Non-Junction,None,,,         ,Rami,Rouhi,Clear,Not Collision with Motor Vehicle in Transport,no,no,no,no,no,False
102933511,METROPOLITAN NASHVILLE POLICE DEPT,20210172929,Davidson,Nashville,3/26/2021 3:49:00 PM,2,1,0,36.230330,-86.743800,BROADMOOR DR,,,,0.00,,,LEMONT DR,,,,0.00,Y,Four-Way,N,Intersection,None,,,         ,Cooper,HIll,Clear,"Sideswipe, Same Direction",no,no,no,no,no,False
102933514,METROPOLITAN NASHVILLE POLICE DEPT,20210172888,Davidson,Nashville,3/26/2021 3:20:00 PM,2,1,0,36.115180,-86.823510,VALLEY BROOK RD,,,,0.00,Feet,East,WOODMONT BLVD,,,,0.00,N,Not at Intersection,N,Non-Junction,None,,,         ,Ryan,Papp,Clear,Front to Rear,no,no,no,no,no,False
102933515,METROPOLITAN NASHVILLE POLICE DEPT,20210172865,Davidson,Nashville,3/26/2021 3:10:00 PM,3,0,0,36.133070,-86.896790,I40 W EXT RAMP,,,,0.00,,,I 40,,,,0.00,Y,OTHER, ,Entrance/Exit Ramp Related,None,,,         ,Michael,Sipos,Clear,Front to Rear,no,no,no,no,no,False
102933518,METROPOLITAN NASHVILLE POLICE DEPT,20210172997,Davidson,Nashville,3/26/2021 4:23:00 PM,2,0,0,36.152350,-86.769010,2ND AVS,,,,0.00,,,LINDSLEY AV,,,,0.00,Y,Four-Way, ,Intersection-Related,None,,,         ,Trevor,Taylor,Clear,"Sideswipe, Same Direction",no,no,no,no,no,False
102933521,METROPOLITAN NASHVILLE POLICE DEPT,20210173021,Davidson,Nashville,3/26/2021 4:40:00 PM,1,1,0,36.156570,-86.775870,KOREAN VETERANS BLVD,,,,0.00,,,5TH AVS,,,,0.00,Y,Four-Way,N,Intersection,None,,,         ,Russell,Freeman,Clear,Not Collision with Motor Vehicle in Transport,no,yes,no,no,no,False
102933522,METROPOLITAN NASHVILLE POLICE DEPT,20210172860,Davidson,Nashville,3/26/2021 3:09:00 PM,2,0,0,36.141760,-86.885170,I 40,,,,0.00,,,,,,,202.20,N,Not at Intersection,N,Non-Junction,None,,,         ,Kyle,Lund,Clear,Front to Rear,no,no,no,no,no,False
102933526,METROPOLITAN NASHVILLE POLICE DEPT,20210172923,Davidson,Nashville,3/26/2021 3:50:00 PM,2,0,0,36.202970,-86.738850,GALLATIN PKE,,,,218.00,Feet,North,LITTON AV,,,,0.00,N,Not at Intersection,N,Non-Junction,None,,,         ,Tyler,Geiger,Clear,Front to Rear,no,no,no,yes,yes,False
102933547,METROPOLITAN NASHVILLE POLICE DEPT,20210172994,Davidson,Nashville,3/26/2021 4:28:00 PM,2,1,0,36.152660,-86.765730,I 40,,,,0.00,,,,,,,210.65,N,Not at Intersection,N,Non-Junction,None,,,         ,Phillip,Burke,Clear,Front to Rear,no,no,no,no,no,False
102933549,METROPOLITAN NASHVILLE POLICE DEPT,20210173116,Davidson,Nashville,3/26/2021 5:00:00 PM,3,0,0,36.087810,-86.691300,HARDING PL,,,,302.00,Feet,East,ANTIOCH PKE,,,,0.00,N,Not at Intersection, ,,None,,,         ,John,Walden,,,no,no,no,no,no,False
102933551,METROPOLITAN NASHVILLE POLICE DEPT,20210173124,Davidson,Nashville,3/26/2021 4:24:00 PM,2,0,0,36.122480,-86.752170,I 440,,,,0.00,,,,,,,6.25,N,Not at Intersection,N,Non-Junction,None,,,         ,Brady,Reynolds,Clear,Front to Rear,no,no,no,no,no,False
102933559,METROPOLITAN NASHVILLE POLICE DEPT,20210172993,Davidson,Not in City Limit,3/26/2021 12:00:00 AM,2,2,0,36.259440,-86.713200,GALLATIN PKES,,,,170.00,Feet,South,WOODRUFF ST,,,,0.00,N,Not at Intersection,N,Non-Junction,None,,,         ,Amanda,Topping,Clear,Front to Rear,no,no,no,no,no,False
102933560,METROPOLITAN NASHVILLE POLICE DEPT,20210173042,Davidson,Nashville,3/26/2021 4:46:00 PM,3,0,0,36.145570,-86.776980,I 65,,,,0.00,,,,,,,82.20,N,Not at Intersection,N,Non-Junction,None,,,         ,David,Rehm,Clear,Front to Rear,no,no,no,no,yes,False
102933562,METROPOLITAN NASHVILLE POLICE DEPT,20210173167,Davidson,Nashville,3/26/2021 5:24:00 PM,2,0,0,36.117970,-86.800820,I 440,,,,0.00,,,,,,,3.20,N,Not at Intersection,N,Non-Junction,None,,,         ,Goran,Manojlovic,Clear,Front to Rear,no,no,no,no,no,False
102933572,METROPOLITAN NASHVILLE POLICE DEPT,20210173077,Davidson,Nashville,3/26/2021 3:30:00 PM,2,0,0,36.116650,-86.838140,WOODMONT BLVD,,,,86.00,Feet,West,WOODMONT HALL PL,,,,0.00,N,Not at Intersection,N,Non-Junction,None,,,         ,Robert,Crow,Clear,Front to Rear,no,no,no,no,no,False
102933583,METROPOLITAN NASHVILLE POLICE DEPT,20210173168,Davidson,Nashville,3/26/2021 5:41:00 PM,2,0,0,36.141420,-86.715130,I 40,,,,0.00,,,,,,,213.90,N,Not at Intersection, ,Non-Junction,None,,,         ,William,Burnett,Clear,Front to Rear,no,no,no,no,no,False
102933587,METROPOLITAN NASHVILLE POLICE DEPT,20210172943,Davidson,Nashville,3/26/2021 2:00:00 PM,2,0,0,36.246000,-86.745520,I65 S EXT RAMP,,,,0.00,,,I 65,,,,0.00,Y,Y-Intersection,N,Entrance/Exit Ramp Related,None,,,         ,Christopher,Littles,Clear,Front to Rear,no,no,no,no,no,False
102933588,METROPOLITAN NASHVILLE POLICE DEPT,20210173097,Davidson,Not in City Limit,3/26/2021 5:11:00 PM,2,0,0,36.279610,-86.708720,GALLATIN PKEN,,,,103.00,Feet,North,ONE MILE PKWY,,,,0.00,N,Not at Intersection, ,Non-Junction,None,,,         ,Christopher,Littles,Clear,Angle,no,no,no,no,no,False
102933589,METROPOLITAN NASHVILLE POLICE DEPT,20210173139,Davidson,Nashville,3/26/2021 5:29:00 PM,2,0,0,36.237970,-86.724100,GALLATIN PKES,,,,314.00,Feet,South,GALLATIN PKE,,,,0.00,N,Not at Intersection, ,Non-Junction,None,,,         ,Christopher,Littles,Clear,"Sideswipe, Same Direction",no,no,no,no,no,False
102933593,METROPOLITAN NASHVILLE POLICE DEPT,20210173176,Davidson,Nashville,3/26/2021 5:55:00 PM,2,0,0,36.150690,-86.767950,2ND AVS,,,,0.00,,,LAFAYETTE ST,,,,0.00,Y,Four-Way, ,,None,,,         ,Mary,Robinson,,,no,no,no,no,no,False
102933594,METROPOLITAN NASHVILLE POLICE DEPT,20210173214,Davidson,Nashville,3/26/2021 4:35:00 PM,2,0,0,36.164240,-86.819900,28TH AVN,,,,0.00,,,ALBION ST,,,,0.00,Y,Four-Way, ,Intersection,None,,,         ,Andrey,Volfson,Clear,Angle,no,no,no,no,no,False
102933596,METROPOLITAN NASHVILLE POLICE DEPT,20210173284,Davidson,Nashville,3/26/2021 6:39:00 PM,2,0,0,36.239450,-86.776300,BRILEY PKWYW,,,,1500.00,Feet,East,BRICK CHURCH PKE,,,,0.00,N,Not at Intersection, ,,None,,,         ,Kyle,Eicholtz,,,no,no,no,no,no,False
102933603,METROPOLITAN NASHVILLE POLICE DEPT,20210173299,Davidson,Nashville,3/26/2021 4:10:00 PM,2,0,0,36.150260,-86.857490,CHARLOTTE PKE,,,,36.00,Feet,West,ORLANDO AV,,,,0.00,N,Not at Intersection, ,Non-Junction,None,,,         ,Robert,Crow,Clear,"Sideswipe, Same Direction",no,no,no,no,no,False
102933612,METROPOLITAN NASHVILLE POLICE DEPT,20210172908,Davidson,Nashville,3/26/2021 3:37:00 PM,3,0,0,36.185320,-86.636420,LEBANON PKE,,,,23.00,Feet,East,JACKSON DOWNS BLVD,,,,0.00,N,Not at Intersection,N,Non-Junction,None,,,         ,Zachary,Carter,Clear,HeadOn,no,no,no,no,no,False
102933617,METROPOLITAN NASHVILLE POLICE DEPT,20210173278,Davidson,Nashville,3/26/2021 6:11:00 PM,2,1,0,36.156450,-86.631310,STEWARTS FERRY PKE,,,,0.00,,,I40 W EXT RAMP,,,,0.00,Y,Four-Way,N,Intersection-Related,None,,,         ,Robert,Marquez,Clear,Front to Rear,no,no,no,no,no,False
102933624,METROPOLITAN NASHVILLE POLICE DEPT,20210172990,Davidson,Nashville,3/26/2021 4:19:00 PM,2,0,0,36.122170,-86.705280,MURFREESBORO PKE,,,,184.00,Feet,West,KERMIT DR,,,,0.00,N,Not at Intersection,N,Non-Junction,None,,,         ,Dontaveous,Eubanks,Clear,Front to Rear,no,no,no,no,no,False
102933627,METROPOLITAN NASHVILLE POLICE DEPT,20210173417,Davidson,Nashville,3/26/2021 7:42:00 PM,2,0,0,36.179910,-86.800460,I 65,,,,0.00,,,,,,,85.00,N,Not at Intersection,N,Non-Junction,None,,,         ,Gabriel,Vasquez,Clear,Front to Rear,no,no,no,no,yes,False
102933628,METROPOLITAN NASHVILLE POLICE DEPT,20210173328,Davidson,Nashville,3/26/2021 6:41:00 PM,2,0,0,36.172440,-86.598860,CENTRAL PKE,,,,218.00,Feet,West,CENTRAL CT,,,,0.00,N,Not at Intersection, ,Non-Junction,None,,,         ,Jason,Kedzierski,Clear,Front to Rear,no,no,no,no,no,False
102933633,METROPOLITAN NASHVILLE POLICE DEPT,20210173115,Davidson,Antioch,3/26/2021 5:13:00 PM,2,1,0,36.073710,-86.597160,COUNTRY WAY RD,,,,0.00,,,SEBETHA CT,,,,0.00,Y,T-Intersection,N,Intersection,None,,,         ,Nathaniel,Myers,Clear,Angle,no,no,no,no,no,False
102933634,METROPOLITAN NASHVILLE POLICE DEPT,20210172669,Davidson,Nashville,3/26/2021 1:11:00 PM,2,2,1,36.131880,-86.895530,OLD CHARLOTTE PKE,,,,0.00,,,I40 E ENT RAMP,,,,0.00,Y,Four-Way,N,Intersection,None,,,         ,Cressie,Prill,Clear,Angle,no,no,no,no,no,False
102933635,METROPOLITAN NASHVILLE POLICE DEPT,20210173381,Davidson,Not in City Limit,3/26/2021 6:38:00 PM,2,0,0,36.091510,-86.987050,NEWSOM STATION RD,,,,37.00,Feet,South,BUFFALO RD,,,,0.00,N,Not at Intersection, ,Non-Junction,None,,,         ,Maria,Reynolds,Clear,Front to Rear,no,no,no,no,yes,False
102933640,METROPOLITAN NASHVILLE POLICE DEPT,20210173437,Davidson,Not in City Limit,3/26/2021 7:55:00 PM,2,2,0,36.266000,-86.741390,OLD HICKORY BLVDW,,,,0.00,,,NESBITT LN,,,,0.00,Y,Four-Way,N,Intersection,None,,,         ,Christopher,Littles,Clear,Angle,no,no,no,no,no,False
102933643,METROPOLITAN NASHVILLE POLICE DEPT,20210173279,Davidson,Not in City Limit,3/26/2021 6:38:00 PM,1,0,0,36.290730,-86.809840,I 24,,,,0.00,,,,,,,39.45,N,Not at Intersection,N,Non-Junction,None,,,         ,Brandon,Lopez,Clear,Not Collision with Motor Vehicle in Transport,no,no,no,no,no,False
102933650,TENNESSEE STATE UNIVERSITY ,21-TSU-10511,Davidson,Nashville,3/26/2021 4:20:00 PM,2,0,0,36.170070,-86.817450,W HEIMAN ST,,,,0.00,,,W H DAVIS DR,,,,0.00,Y,OTHER, ,Non-Junction,None,,,         ,Michael,Russel,Clear,Rear to Side,no,no,no,yes,no,False
102933657,METROPOLITAN NASHVILLE POLICE DEPT,20210172971,Davidson,Nashville,3/26/2021 3:50:00 PM,3,2,0,36.133810,-86.727100,I 24,,,,0.00,,,,,,,52.10,N,Not at Intersection,N,Non-Junction,None,,,         ,Beri,Scott,Clear,Front to Rear,no,no,no,no,no,False
102933658,METROPOLITAN NASHVILLE POLICE DEPT,20210173461,Davidson,Nashville,3/26/2021 7:59:00 PM,2,0,0,36.156550,-86.759670,I24 W ENT RAMP,,,,0.00,Feet,East,I 24,,,,0.00,N,Not at Intersection, ,Non-Junction,None,,,         ,Rami,Rouhi,Clear,Front to Rear,no,no,no,no,no,False
102933667,METROPOLITAN NASHVILLE POLICE DEPT,20210173063,Davidson,Nashville,3/26/2021 4:19:00 PM,2,0,0,36.064740,-86.628420,MURFREESBORO PKE,,,,28.00,Feet,South,HAMILTON CHURCH RD,,,,0.00,N,Not at Intersection,N,Non-Junction,None,,,         ,Nadine,Klemenz,Clear,Front to Rear,no,no,no,no,yes,False
102933688,METROPOLITAN NASHVILLE POLICE DEPT,20210173455,Davidson,Nashville,3/26/2021 8:01:00 PM,2,0,0,36.162000,-86.851240,LOUISIANA AV,,,,239.00,Feet,West,52ND AVN,,,,0.00,N,Not at Intersection, ,Non-Junction,None,,,         ,Kyle,Lund,Clear,"Sideswipe, Same Direction",no,no,no,no,yes,False
102933692,METROPOLITAN NASHVILLE POLICE DEPT,20210173399,Davidson,Not in City Limit,3/26/2021 7:26:00 PM,2,0,0,36.319830,-86.849410,I 24,,,,0.00,,,,,,,36.00,N,Not at Intersection,N,Non-Junction,None,,,         ,Gabriel,Centeno,Clear,"Sideswipe, Same Direction",no,no,no,no,no,False
102933728,METROPOLITAN NASHVILLE POLICE DEPT,20210173520,Davidson,Nashville,3/26/2021 8:09:00 PM,2,0,0,36.176870,-86.776270,SPRING ST,,,,0.00,,,COWAN ST,,,,0.00,Y,Four-Way, ,Intersection,None,,,         ,Roy,Sain Jr.,,HeadOn,no,no,no,no,no,False
102933731,METROPOLITAN NASHVILLE POLICE DEPT,20210173534,Davidson,Nashville,3/26/2021 8:44:00 PM,1,0,0,36.055640,-86.637000,HAMILTON CHURCH RD,,,,290.00,Feet,North,ZELIDA AV,,,,0.00,N,Not at Intersection,N,OtherLocation,None,,,         ,Beri,Scott,Clear,Not Collision with Motor Vehicle in Transport,no,no,no,yes,no,False
102933767,METROPOLITAN NASHVILLE POLICE DEPT,2021-0173046,Davidson,Nashville,3/26/2021 4:09:00 PM,2,0,0,36.045940,-86.856450,OLD HICKORY BLVD,,,,311.00,Feet,West,WILDWOOD VALLEY DR,,,,0.00,N,Not at Intersection,N,Non-Junction,None,,,         ,Dylan,Motes,Clear,"Sideswipe, Same Direction",no,no,no,no,yes,False
102933797,METROPOLITAN NASHVILLE POLICE DEPT,20210173140,Davidson,Nashville,3/26/2021 5:36:00 PM,2,0,0,36.118120,-86.725910,I 24,,,,0.00,,,,,,,53.05,N,Not at Intersection,N,Non-Junction,None,,,         ,Beri,Scott,Clear,"Sideswipe, Same Direction",no,no,no,no,no,False
102933804,METROPOLITAN NASHVILLE POLICE DEPT,20210173502,Davidson,Nashville,3/26/2021 8:23:00 PM,2,0,0,36.080420,-86.624500,MOSSDALE DR,,,,0.00,,,RURAL HILL RD,,,,0.00,Y,Four-Way,N,Intersection,None,,,         ,Phillip,Burke,Clear,Angle,no,no,no,no,no,False
102933809,METROPOLITAN NASHVILLE POLICE DEPT,20210173600,Davidson,Nashville,3/26/2021 9:16:00 PM,2,0,0,36.142350,-86.734980,I 40,,,,0.00,,,,,,,212.80,N,Not at Intersection,N,Non-Junction,None,,,         ,Rami,Rouhi,Clear,Angle,no,no,no,no,no,False
102933821,METROPOLITAN NASHVILLE POLICE DEPT,20210173609,Davidson,Nashville,3/26/2021 9:18:00 PM,2,2,0,36.180460,-86.796670,GARFIELD ST,,,,106.00,Feet,West,ROSA L PARKS BLVD,,,,0.00,N,Not at Intersection,N,Non-Junction,None,,,         ,Lucas,Thomas,Clear,Front to Rear,no,no,no,no,yes,False
102933822,METROPOLITAN NASHVILLE POLICE DEPT,20210172616,Davidson,Nashville,3/26/2021 10:50:00 AM,2,0,0,36.133580,-86.779160,ROYCROFT PL,,,,0.00,,,8TH AVS,,,,0.00,Y,T-Intersection,N,OtherLocation,None,,,         ,Matthew,Sears,Clear,"Sideswipe, Same Direction",no,no,no,no,yes,False
102933828,METROPOLITAN NASHVILLE POLICE DEPT,20210173565,Davidson,Nashville,3/26/2021 8:56:00 PM,2,0,0,36.160470,-86.778440,BROADWAY,,,,0.00,,,5TH AVS,,,,0.00,Y,Four-Way, ,,None,,,         ,Michael,Douglas,,,no,no,no,no,no,False
102933838,METROPOLITAN NASHVILLE POLICE DEPT,20210173704,Davidson,Nashville,3/26/2021 10:29:00 PM,2,0,0,36.156810,-86.771900,PEABODY ST,,,,0.00,,,2ND AVS,,,,0.00,Y,OTHER, ,Non-Junction,None,,,         ,Seth,Quiles,Clear,Angle,no,no,no,no,no,False
102933850,METROPOLITAN NASHVILLE POLICE DEPT,20210173598,Davidson,Nashville,3/26/2021 8:15:00 PM,2,0,0,36.252480,-86.829880,WHITES CREEK PKE,,,,6.00,Feet,East,BUENA VISTA PKE,,,,0.00,N,Not at Intersection, ,Non-Junction,None,,,         ,Craig,Paschetti,Clear,Angle,no,no,no,no,yes,False
102933855,METROPOLITAN NASHVILLE POLICE DEPT,20210173760,Davidson,Nashville,3/26/2021 10:30:00 PM,2,0,0,36.174620,-86.591260,VALLEY GROVE DR,,,,214.00,Feet,North,CENTRAL VALLEY DR,,,,0.00,N,Not at Intersection,N,Non-Junction,None,,,         ,Nelson,Hemingway,Clear,HeadOn,no,no,no,no,yes,False
102933884,METROPOLITAN NASHVILLE POLICE DEPT,20210173783,Davidson,Nashville,3/26/2021 11:00:00 PM,2,1,0,36.118550,-86.700630,MURFREESBORO PKE,,,,129.00,Feet,North,BRILEY PKWY S ENT RAMP,,,,0.00,N,Not at Intersection,N,Non-Junction,None,,,         ,Dylan,Ramos,Clear,Front to Rear,no,no,no,no,no,False
102933892,METROPOLITAN NASHVILLE POLICE DEPT,20210173836,Davidson,Nashville,3/26/2021 11:35:00 PM,3,2,0,36.150160,-86.857920,CHARLOTTE PKE,,,,8.00,Feet,East,WHITE BRIDGE PKE,,,,0.00,N,Not at Intersection,Y,Non-Junction,None,,,         ,Billy,Price,Clear,Angle,no,no,no,no,no,False
102933896,METROPOLITAN NASHVILLE POLICE DEPT,20210173798,Davidson,Nashville,3/26/2021 11:14:00 PM,2,2,0,36.068200,-86.719110,NOLENSVILLE PKE,,,,0.00,,,HAYWOOD LN,,,,0.00,Y,T-Intersection,N,Non-Junction,None,,,         ,Ashley,Kappenmacher,Clear,Angle,no,no,no,no,no,False
102933898,METROPOLITAN NASHVILLE POLICE DEPT,20210173977,Davidson,Nashville,3/27/2021 12:44:00 AM,1,0,0,36.233860,-86.746620,ELLINGTON PKWYN,,,,251.00,Feet,South,ELLINGTON PKWYS,,,,0.00,N,Not at Intersection,N,Non-Junction,None,,,         ,Cody,MIller,Clear,Not Collision with Motor Vehicle in Transport,no,no,no,no,no,False
102933901,METROPOLITAN NASHVILLE POLICE DEPT,20210173760,Davidson,Nashville,3/26/2021 10:30:00 PM,2,0,0,36.174700,-86.591210,VALLEY GROVE DR,,,,245.00,Feet,North,CENTRAL VALLEY DR,,,,0.00,N,Not at Intersection,N,Non-Junction,None,,,         ,Nelson,Hemingway,,HeadOn,no,no,no,no,yes,False
102933902,METROPOLITAN NASHVILLE POLICE DEPT,20210173907,Davidson,Nashville,3/26/2021 10:50:00 PM,2,0,0,36.012880,-86.610860,FIRESTONE,,,,0.00,,,HEIL QUAKER,BLVD,,,0.00,Y,Four-Way, ,Intersection,None,,,         ,Kevin,Breeding,Clear,Angle,no,no,no,no,no,False
102933903,METROPOLITAN NASHVILLE POLICE DEPT,20210172012,Davidson,Nashville,3/26/2021 6:15:00 AM,2,0,0,36.040340,-86.780900,I65 N ENT RAMP,,,,0.00,Feet,East,I 65,,,,0.00,N,Not at Intersection, ,,None,,,         ,Sierra,Walker,,,no,no,no,no,no,False
102933904,METROPOLITAN NASHVILLE POLICE DEPT,20210174111,Davidson,Nashville,3/27/2021 1:59:00 AM,1,1,0,36.125970,-86.904010,I 40,,,,0.00,,,,,,,200.65,N,Not at Intersection,N,Non-Junction,None,,,         ,Jared,Dick,Clear,Not Collision with Motor Vehicle in Transport,no,no,no,no,no,False
102933913,METROPOLITAN NASHVILLE POLICE DEPT,20210174116,Davidson,Nashville,3/27/2021 2:04:00 AM,2,0,0,36.169390,-86.807300,JEFFERSON ST,,,,201.00,Feet,West,DR D B TODD JR BLVD,,,,0.00,N,Not at Intersection, ,,None,,,         ,Mathew,Clement,,,no,no,no,no,no,False
102933939,METROPOLITAN NASHVILLE POLICE DEPT,20210173809,Davidson,Nashville,3/26/2021 11:08:00 PM,2,0,0,36.234550,-86.809920,BRILEY PKWY E ENT RAMP,,,,0.00,,,BRILEY PKWYE,,,,0.00,Y,OTHER, ,Entrance/Exit Ramp Related,None,,,         ,Coleman,McKellar,Clear,"Sideswipe, Same Direction",no,no,no,no,no,False
102933941,METROPOLITAN NASHVILLE POLICE DEPT,20210174158,Davidson,Not in City Limit,3/27/2021 2:25:00 AM,2,0,0,36.020000,-86.627020,I 24,,,,0.00,,,,,,,61.95,N,Not at Intersection,N,Non-Junction,None,,,         ,Kevin,Breeding,Clear,Front to Rear,no,no,no,no,yes,False
102933947,METROPOLITAN NASHVILLE POLICE DEPT,20210174129,Davidson,Nashville,3/27/2021 1:41:00 AM,2,0,0,36.044850,-86.663050,BELL RD,,,,450.00,Feet,West,CANE RIDGE RD,,,,0.00,N,Not at Intersection,N,OtherLocation,None,,,         ,Holly,Davis,Clear,Front to Rear,no,no,no,yes,yes,False
102933948,METROPOLITAN NASHVILLE POLICE DEPT,20210174192,Davidson,Nashville,3/27/2021 3:07:00 AM,2,0,0,36.150490,-86.795720,DIVISION ST,,,,0.00,Feet,East,19TH AVS,,,,0.00,N,Not at Intersection,N,Non-Junction,None,,,         ,Aaron,Brumley,Clear,HeadOn,no,no,no,no,no,False
102933965,METROPOLITAN NASHVILLE POLICE DEPT,20210174170,Davidson,Nashville,3/27/2021 2:48:00 AM,1,1,0,36.140570,-86.723790,I 40,,,,0.00,,,,,,,213.50,N,Not at Intersection,N,Entrance/Exit Ramp Related,None,,,         ,Roger,Luther,,Not Collision with Motor Vehicle in Transport,no,no,no,no,no,False
102933976,METROPOLITAN NASHVILLE POLICE DEPT,20210174152,Davidson,Nashville,3/27/2021 12:00:00 AM,2,1,0,36.106450,-86.719100,I 24,,,,0.00,,,,,,,54.00,N,Not at Intersection,N,Non-Junction,None,,,         ,Ashley,Kappenmacher,Clear,Front to Rear,no,no,no,no,yes,False
102933977,METROPOLITAN NASHVILLE POLICE DEPT,20210174247,Davidson,Nashville,3/27/2021 4:06:00 AM,2,0,0,36.079600,-86.726320,NOLENSVILLE PKE,,,,0.00,,,HARDING PL,,,,0.00,Y,Four-Way,N,Intersection-Related,None,,,         ,James,Wells Jr.,Clear,Angle,no,no,no,no,yes,False
102933979,METROPOLITAN NASHVILLE POLICE DEPT,20210174281,Davidson,Nashville,3/27/2021 4:41:00 AM,2,1,0,36.142650,-86.627110,BELL RD,,,,557.00,Feet,South,LAKERIDGE RUN,,,,0.00,N,Not at Intersection,N,Non-Junction,None,,,         ,Jeffrey,Mullins,,Front to Rear,no,no,no,no,no,False
102934006,METROPOLITAN NASHVILLE POLICE DEPT,20210174371,Davidson,Madison,3/27/2021 6:36:00 AM,2,0,0,36.274160,-86.735760,I 65,,,,0.00,,,,,,,92.90,N,Not at Intersection,N,Non-Junction,None,,,         ,Joshua,Goepper,Rain,"Sideswipe, Same Direction",no,no,no,no,yes,False
102934007,METROPOLITAN NASHVILLE POLICE DEPT,20210174370,Davidson,Nashville,3/27/2021 6:16:00 AM,1,0,0,36.235880,-86.763700,I 65,,,,0.00,,,,,,,89.60,N,Not at Intersection, ,Non-Junction,None,,,         ,Michael,McCord,Rain,Not Collision with Motor Vehicle in Transport,no,no,no,no,no,False
102934008,METROPOLITAN NASHVILLE POLICE DEPT,20210172716,Davidson,Madison,3/26/2021 1:39:00 PM,2,0,0,36.262820,-86.680970,STATE RT 45,,,,0.00,,,RIO VISTA DR,,,,0.00,Y,OTHER,N,Intersection-Related,None,,,         ,Eric,Richardson,Clear,"Sideswipe, Same Direction",no,no,no,no,yes,False
102934017,METROPOLITAN NASHVILLE POLICE DEPT,20210174398,Davidson,Nashville,3/27/2021 7:07:00 AM,1,0,0,36.062840,-86.682850,I 24,,,,0.00,,,,,,,57.60,N,Not at Intersection,N,Non-Junction,None,,,         ,Caleb,Jernigan,Rain,Not Collision with Motor Vehicle in Transport,no,no,no,no,no,False
102934041,METROPOLITAN NASHVILLE POLICE DEPT,20210174452,Davidson,Not in City Limit,3/27/2021 12:00:00 AM,1,0,0,36.268040,-86.703400,DELAWARE AV,,,,36.00,Feet,North,N DUPONT AV,,,,0.00,N,Not at Intersection,N,Unknown,None,,,         ,Wesley,Mcclelland,Rain,Unknown,no,no,no,no,yes,False
102934042,METROPOLITAN NASHVILLE POLICE DEPT,20210174413,Davidson,Nashville,3/27/2021 7:00:00 AM,2,0,0,36.079190,-86.695700,I 24,,,,0.00,,,,,,,56.25,N,Not at Intersection,N,Non-Junction,None,,,         ,Ryan,Howard,Rain,Angle,no,no,no,no,yes,False