master_record_number,agency,agency_tracking_number,county,city,collision_date,vehicles_involved,number_injured,number_dead,latitude,longitude,roadway_name,roadway_suffix,roadway_number,roadway_local_id,distance_from_reference,miles-feet_indicator,direction_from_reference,intersection_road_name,intersection_road_name_suffix,intersection_road_number,intersection_local_id,mile_marker,intersection_indicator,intersect_type,interchange_related_indicator,relation_to_junction,work_zone_type,construction_maintenance_zone,construction_maintenance_zone_location,fatal_case_number,officer_first_name,officer_last_name,weather_condition(s),manner_of_crash,pedestrian,bicycle,scooter,parking,hitrun,mou
102935427,METROPOLITAN NASHVILLE POLICE DEPT,20210177787,Davidson,Nashville,3/29/2021 12:00:00 AM,2,0,0,36.150650,-86.785240,I 40,,,,0.00,,,,,,,209.50,N,Not at Intersection, ,,None,,,         ,James,Thornton,,,no,no,no,no,no,False
102935447,METROPOLITAN NASHVILLE POLICE DEPT,20210177744,Davidson,Not in City Limit,3/29/2021 7:23:00 AM,2,0,0,36.323980,-86.868150,I 24,,,,0.00,,,,,,,35.00,N,Not at Intersection, ,Non-Junction,None,,,         ,William,Coy,Clear,"Sideswipe, Same Direction",no,no,no,no,no,False
102935452,VANDERBILT UNIVERSITY POLICE,2021-00030779,Davidson,Nashville,3/28/2021 12:25:00 PM,1,0,0,36.141290,-86.800620,21ST AVS,,,,0.00,,,,,,,0.00,,, ,Non-Junction,None,,,         ,Laresa,Gore,Clear,Not Collision with Motor Vehicle in Transport,no,no,no,yes,no,Campus
102935458,METROPOLITAN NASHVILLE POLICE DEPT,20210177703,Davidson,Nashville,3/29/2021 6:55:00 AM,2,0,0,36.126870,-86.903850,HAPWOOD DR,,,,196.00,Feet,West,DAVIDSON DR,,,,0.00,N,Not at Intersection, ,Non-Junction,None,,,         ,Curtis,Rich,Clear,Angle,no,no,no,no,no,False
102935461,METROPOLITAN NASHVILLE POLICE DEPT,20210177859,Davidson,Nashville,3/29/2021 8:37:00 AM,2,0,0,36.059020,-86.683640,SANTEE CT,,,,0.00,,,BARELLA DR,,,,0.00,Y,T-Intersection, ,Intersection,None,,,         ,Darrin,Hardin,Clear,Angle,no,no,no,no,no,False
102935463,METROPOLITAN NASHVILLE POLICE DEPT,20210177864,Davidson,Nashville,3/29/2021 8:41:00 AM,2,0,0,36.144370,-86.744420,FESSLERS LN,,,,153.00,Feet,West,ELM HILL PKE,,,,0.00,N,Not at Intersection,N,Non-Junction,None,,,         ,Michael,Dance,Clear,Angle,no,no,no,yes,yes,False
102935469,METROPOLITAN NASHVILLE POLICE DEPT,20210174810,Davidson,Nashville,3/27/2021 2:03:00 PM,2,1,0,36.154420,-86.792530,BROADWAY,,,,120.00,Feet,East,16TH AVS,,,,0.00,N,Not at Intersection,N,Non-Junction,None,,,         ,Cynthia,Quirouette,Cloudy,"Sideswipe, Same Direction",no,no,no,no,no,False
102935471,METROPOLITAN NASHVILLE POLICE DEPT,20210177846,Davidson,Nashville,3/29/2021 8:20:00 AM,2,0,0,36.158190,-86.876980,JAMES AV,,,,47.00,Feet,North,ROBERTSON AV,,,,0.00,N,Not at Intersection,N,Non-Junction,None,,,         ,George,Spencer,Clear,Angle,no,no,no,no,no,False
102935477,METROPOLITAN NASHVILLE POLICE DEPT,20210177756,Davidson,Nashville,3/29/2021 7:34:00 AM,2,0,0,36.205910,-86.768820,W TRINITY LN,,,,62.00,Feet,West,E TRINITY LN,,,,0.00,N,Not at Intersection, ,,None,,,         ,Brandon,Evans,,,no,no,no,no,no,False
102935481,METROPOLITAN NASHVILLE POLICE DEPT,20210177910,Davidson,Nashville,3/29/2021 9:20:00 AM,3,1,0,36.140700,-86.729480,I 24,,,,0.00,,,,,,,51.55,N,Not at Intersection,N,Non-Junction,None,,,         ,Michael,Dance,Clear,Front to Rear,no,no,no,no,no,False
102935490,METROPOLITAN NASHVILLE POLICE DEPT,20210177962,Davidson,Nashville,3/29/2021 9:27:00 AM,2,0,0,36.134500,-86.726760,I 24,,,,0.00,,,,,,,52.10,N,Not at Intersection,Y,Entrance/Exit Ramp Related,None,,,         ,Michael,Brooks,Clear,"Sideswipe, Same Direction",no,no,no,no,no,False
102935492,METROPOLITAN NASHVILLE POLICE DEPT,20210177825,Davidson,Nashville,3/29/2021 8:00:00 AM,2,0,0,36.177550,-86.749950,S 11TH ST,,,,2.00,Feet,South,WOODLAND ST,,,,0.00,N,Not at Intersection, ,Non-Junction,None,,,         ,Michael,Agee,Clear,Angle,no,no,no,no,yes,False
102935548,METROPOLITAN NASHVILLE POLICE DEPT,20210178049,Davidson,Nashville,3/29/2021 9:00:00 AM,2,0,0,36.118400,-86.809650,HILLSBORO PKE,,,,207.00,Feet,North,GOLF CLUB LN,,,,0.00,N,Not at Intersection, ,,None,,,         ,Curtis,Rich,,,no,no,no,no,no,False
102935567,METROPOLITAN NASHVILLE POLICE DEPT,20210177998,Davidson,Nashville,3/29/2021 10:45:00 AM,2,0,0,36.152870,-86.785080,12TH AVS,,,,124.00,Feet,North,PINE ST,,,,0.00,N,Not at Intersection, ,Non-Junction,Construction Zone,,,         ,Wesley,Young,Clear,Front to Rear,no,no,no,no,no,False
102935574,METROPOLITAN NASHVILLE POLICE DEPT,20210178081,Davidson,Nashville,3/29/2021 11:04:00 AM,2,1,0,36.156810,-86.771900,PEABODY ST,,,,0.00,Feet,East,2ND AVS,,,,0.00,N,Not at Intersection,N,OtherLocation,None,,,         ,Harold,Wells,Clear,Angle,no,no,no,no,no,False
102935584,METROPOLITAN NASHVILLE POLICE DEPT,20210177899,Davidson,Not in City Limit,3/29/2021 9:00:00 AM,1,0,0,36.325420,-86.788130,LICKTON PKE PVTDR,,,,229.00,Feet,South,LICKTON PKE,,,,0.00,N,Not at Intersection,N,Non-Junction,None,,,         ,Ricki,Armstrong,Clear,Not Collision with Motor Vehicle in Transport,no,no,no,no,no,False
102935603,METROPOLITAN NASHVILLE POLICE DEPT,20210178020,Davidson,Nashville,3/29/2021 9:55:00 AM,2,1,0,36.104790,-86.742080,NOLENSVILLE PKE,,,,173.00,Feet,South,RADNOR ST,,,,0.00,N,Not at Intersection,N,Non-Junction,None,,,         ,Joshua,Belk,Clear,Front to Rear,no,no,no,no,no,False
102935645,METROPOLITAN NASHVILLE POLICE DEPT,20210178211,Davidson,Nashville,3/29/2021 12:39:00 PM,1,0,0,36.193050,-86.733050,SCOTT AV,,,,167.00,Feet,North,STRAIGHTWAY AV,,,,0.00,N,Not at Intersection,N,Non-Junction,None,,,         ,Michael,Agee,Clear,Not Collision with Motor Vehicle in Transport,no,no,no,no,no,False
102935647,METROPOLITAN NASHVILLE POLICE DEPT,20210178180,Davidson,Nashville,3/29/2021 12:07:00 PM,2,0,0,36.048170,-86.775710,I 65,,,,0.00,,,,,,,75.35,N,Not at Intersection,N,Non-Junction,None,,,         ,Justin,mathias,,"Sideswipe, Same Direction",no,no,no,no,no,False
102935666,BELLE MEADE POLICE DEPT,21-0070,Davidson,Belle Meade,3/29/2021 10:45:00 AM,2,0,0,36.085090,-86.861500,CHICKERING RD,,,,135.00,Feet,North,HERBERT PL,,,,0.00,N,Not at Intersection, ,Non-Junction,None,,,         ,David,Read,Clear,Angle,no,no,no,no,no,False
102935667,METROPOLITAN NASHVILLE POLICE DEPT,20210178208,Davidson,Antioch,3/29/2021 11:50:00 AM,2,0,0,36.026440,-86.588360,MURFREESBORO PKE,,,,0.00,,,HICKORY WOODS DR,,,,0.00,Y,T-Intersection,N,Intersection,None,,,         ,Nicholas,Carter,Clear,Angle,no,no,no,no,no,False
102935669,METROPOLITAN NASHVILLE POLICE DEPT,2021-0177980,Davidson,Nashville,3/29/2021 10:17:00 AM,2,1,0,36.110950,-86.745660,THOMPSON LN,,,,72.00,Feet,East,ELIZABETH ST,,,,0.00,N,Not at Intersection,N,Non-Junction,None,,,         ,Sean,Williams,,Angle,no,no,no,no,no,False
102935680,METROPOLITAN NASHVILLE POLICE DEPT,20210178310,Davidson,Nashville,3/29/2021 1:47:00 PM,2,0,0,36.114570,-86.724600,I 24,,,,0.00,,,,,,,53.30,N,Not at Intersection, ,Non-Junction,None,,,         ,Joe,Hooper,Clear,"Sideswipe, Same Direction",no,no,no,no,no,False
102935684,METROPOLITAN NASHVILLE POLICE DEPT,20210178275,Davidson,Nashville,3/29/2021 1:25:00 PM,2,0,0,36.053000,-86.672270,I 24,,,,0.00,,,,,,,58.50,N,Not at Intersection,N,Non-Junction,None,,,         ,Stanley,Collins,Clear,"Sideswipe, Same Direction",no,no,no,no,yes,False
102935738,METROPOLITAN NASHVILLE POLICE DEPT,20210178393,Davidson,Nashville,3/29/2021 2:48:00 PM,2,0,0,36.148880,-86.746570,I 40,,,,0.00,,,,,,,211.85,N,Not at Intersection, ,Non-Junction,None,,,         ,Robert,Marquez,Clear,Front to Rear,no,no,no,no,no,False
102935739,VANDERBILT UNIVERSITY POLICE,20210178349,Davidson,Nashville,3/29/2021 12:00:00 AM,2,0,0,36.139490,-86.801160,PIERCE AVE,,,,0.00,,,,,,,0.00,,, ,"Driveway, Alley Access, etc",None,,,         ,O'Darra,Beauvais,,"Sideswipe, Opposite Direction",no,no,no,yes,yes,Campus
102935746,METROPOLITAN NASHVILLE POLICE DEPT,20210178431,Davidson,Nashville,3/29/2021 1:26:00 PM,2,0,0,36.201250,-86.761930,LISCHEY AV,,,,7.00,Feet,South,MARSHALL ST,,,,0.00,N,Not at Intersection,N,Non-Junction,None,,,         ,Maccio,Hightower,Clear,"Sideswipe, Opposite Direction",no,no,no,no,yes,False
102935759,METROPOLITAN NASHVILLE POLICE DEPT,20210178519,Davidson,Nashville,3/29/2021 2:45:00 PM,2,0,0,36.105860,-86.767830,I 65,,,,0.00,,,,,,,79.50,N,Not at Intersection, ,Non-Junction,None,,,         ,Dakota,Davis,Clear,"Sideswipe, Same Direction",no,no,no,no,no,False
102935766,METROPOLITAN NASHVILLE POLICE DEPT,20210178376,Davidson,Nashville,3/29/2021 2:18:00 PM,2,0,0,36.090690,-86.734350,NOLENSVILLE PKE,,,,305.00,Feet,South,ZOO RD,,,,0.00,N,Not at Intersection, ,Non-Junction,None,,,         ,Matthew,Hogan,Clear,Front to Rear,no,no,no,no,no,False
102935771,GOODLETTSVILLE POLICE DEPT,21-08483,Davidson,Goodlettsville,3/29/2021 3:23:00 PM,2,0,0,36.294660,-86.717370,I 65,,,,0.00,,,,,,,94.65,N,Not at Intersection,N,Non-Junction,None,,,         ,William,Hunter,Clear,Front to Rear,no,no,no,no,no,False
102935780,METROPOLITAN NASHVILLE POLICE DEPT,20210178419,Davidson,Nashville,3/29/2021 12:00:00 AM,2,0,0,36.046090,-86.710850,OLD HICKORY BLVD,,,,759.00,Feet,East,NOLENSVILLE PKE,,,,0.00,N,Not at Intersection, ,OtherLocation,None,,,         ,Beri,Scott,Clear,Unknown,no,no,no,yes,yes,False
102935781,METROPOLITAN NASHVILLE POLICE DEPT,20210178576,Davidson,Nashville,3/29/2021 4:41:00 PM,2,0,0,36.248190,-86.742630,I 65,,,,0.00,,,,,,,91.05,N,Not at Intersection,N,Non-Junction,None,,,         ,Kyle,Eicholtz,Clear,Front to Rear,no,no,no,no,no,False
102935786,METROPOLITAN NASHVILLE POLICE DEPT,20210178529,Davidson,Nashville,3/29/2021 12:00:00 AM,2,0,0,36.052300,-86.706640,OCALA DR,,,,97.00,Feet,West,OCALA CTN,,,,0.00,N,Not at Intersection,N,Non-Junction,None,,,         ,Luis,Pena,Clear,Angle,no,no,no,no,no,False
102935787,METROPOLITAN NASHVILLE POLICE DEPT,20210178613,Davidson,Nashville,3/29/2021 5:17:00 PM,1,1,0,36.223170,-86.773370,I 65,,,,0.00,,,,,,,88.50,N,Not at Intersection,N,Non-Junction,None,,,         ,Jeremy,Smith,Clear,Not Collision with Motor Vehicle in Transport,no,no,no,no,no,False
102935789,METROPOLITAN NASHVILLE POLICE DEPT,20210178585,Davidson,Nashville,3/29/2021 4:43:00 PM,2,0,0,36.253170,-86.739240,I 65,,,,0.00,,,,,,,91.45,N,Not at Intersection, ,Non-Junction,None,,,         ,Austin,Bowles,Clear,Front to Rear,no,no,no,no,no,False
102935790,METROPOLITAN NASHVILLE POLICE DEPT,20210178536,Davidson,Goodlettsville,3/29/2021 3:00:00 PM,2,0,0,36.303950,-86.690120,GALLATIN PKEN,,,,136.00,Feet,West,RIVERGATE MARKETPLACE PVTDR,,,,0.00,N,Not at Intersection, ,Non-Junction,None,,,         ,Thomas,Denenea,Clear,"Sideswipe, Same Direction",no,no,no,no,no,False
102935794,METROPOLITAN NASHVILLE POLICE DEPT,20210178611,Davidson,Nashville,3/29/2021 4:34:00 PM,2,0,0,36.150300,-86.749140,I 40,,,,0.00,,,,,,,211.65,N,Not at Intersection,N,Non-Junction,None,,,         ,Robert,Marquez,Clear,Front to Rear,no,no,no,no,yes,False
102935795,METROPOLITAN NASHVILLE POLICE DEPT,20210178628,Davidson,Nashville,3/29/2021 5:10:00 PM,2,0,0,36.167630,-86.758660,SYLVAN ST,,,,341.00,Feet,East,CAYCE PLACE PVTDR,,,,0.00,N,Not at Intersection,N,Non-Junction,None,,,         ,Randy,Puckett,Clear,Angle,no,no,no,no,yes,False
102935805,METROPOLITAN NASHVILLE POLICE DEPT,20210178411,Davidson,Nashville,3/29/2021 2:14:00 PM,2,0,0,36.065620,-86.629340,MURFREESBORO PKE,,,,59.00,Feet,South,HAMILTON CROSSINGS,,,,0.00,N,Not at Intersection, ,Non-Junction,None,,,         ,Nathaniel,Myers,Clear,Front to Rear,no,no,no,no,no,False
102935806,METROPOLITAN NASHVILLE POLICE DEPT,20210178410,Davidson,Nashville,3/29/2021 2:33:00 PM,2,0,0,36.065700,-86.629420,MURFREESBORO PKE,,,,21.00,Feet,South,HAMILTON CROSSINGS,,,,0.00,N,Not at Intersection,N,Non-Junction,None,,,         ,Nathaniel,Myers,Clear,"Sideswipe, Same Direction",no,no,no,no,no,False
102935809,WILLIAMSON CO SHERIFFS OFFICE,217878,Davidson,Not in City Limit,3/29/2021 3:44:00 PM,2,0,0,36.020880,-86.888060,SNEED RDW,,,,576.00,Feet,North,HILLSBORO RD,,,,0.00,N,Not at Intersection, ,,None,,,         ,Wesley,Crigger,,,no,no,no,no,no,False
102935828,METROPOLITAN NASHVILLE POLICE DEPT,20210178604,Davidson,Nashville,3/29/2021 4:45:00 PM,3,0,0,36.149450,-86.857920,WHITE BRIDGE PKE,,,,255.00,Feet,South,CHARLOTTE PKE,,,,0.00,N,Not at Intersection,N,Non-Junction,None,,,         ,Heather,Fox,Clear,Angle,no,no,no,no,no,False
102935834,METROPOLITAN NASHVILLE POLICE DEPT,20210178600,Davidson,Nashville,3/29/2021 3:59:00 PM,2,0,0,36.142710,-86.776800,I 65,,,,0.00,,,,,,,82.00,N,Not at Intersection,N,Non-Junction,None,,,         ,William,Hamblen,Clear,Front to Rear,no,no,no,no,yes,False
102935835,METROPOLITAN NASHVILLE POLICE DEPT,20210178683,Davidson,Nashville,3/29/2021 6:03:00 PM,2,0,0,36.183140,-86.748660,GALLATIN AV,,,,81.00,Feet,South,W EASTLAND AV,,,,0.00,N,Not at Intersection,N,Non-Junction,None,,,         ,Adam,Warren,Clear,"Sideswipe, Same Direction",no,no,no,no,no,False
102935836,METROPOLITAN NASHVILLE POLICE DEPT,20210178636,Davidson,Madison,3/29/2021 3:26:00 PM,2,0,0,36.248050,-86.720330,DUE WEST AVE,,,,0.00,,,GALLATIN PKES,,,,0.00,Y,Four-Way,N,Intersection,None,,,         ,Forrest,Punke,Clear,Angle,no,no,no,no,yes,False
102935841,METROPOLITAN NASHVILLE POLICE DEPT,20210178583,Davidson,Nashville,3/29/2021 4:50:00 PM,2,0,0,36.094140,-86.706650,I 24,,,,0.00,,,,,,,55.00,N,Not at Intersection,N,Non-Junction,None,,,         ,Beri,Scott,Clear,Front to Rear,no,no,no,no,no,False
102935845,METROPOLITAN NASHVILLE POLICE DEPT,20210178724,Davidson,Nashville,3/29/2021 6:20:00 PM,2,0,0,36.046530,-86.683350,BELL RD,,,,0.00,Feet,,BRENTRIDGE DR,,,,0.00,Y,T-Intersection, ,Non-Junction,None,,,         ,Beri,Scott,Clear,Angle,no,no,no,no,no,False
102935873,METROPOLITAN NASHVILLE POLICE DEPT,20210178677,Davidson,Nashville,3/29/2021 6:00:00 PM,2,0,0,36.084920,-86.703440,TRAVELERS INN DR,,,,0.00,Feet,,HARDING PL,,,,0.00,Y,T-Intersection, ,Intersection,None,,,         ,Megan,Arnett,Clear,Front to Rear,no,no,no,no,no,False
102935876,GOODLETTSVILLE POLICE DEPT,21-08498,Davidson,Goodlettsville,3/29/2021 5:53:00 PM,2,2,0,36.294880,-86.728420,DICKERSON PKES,,,,611.00,Feet,West,THE RETREAT AT DRY CREEK FARMS,,,,0.00,N,Not at Intersection,N,Non-Junction,None,,,         ,Jessica,Gistarb,Clear,Front to Rear,no,no,no,no,no,False
102935877,METROPOLITAN NASHVILLE POLICE DEPT,20210178699,Davidson,Nashville,3/29/2021 6:16:00 PM,2,3,0,36.100450,-86.672280,CITATION DR,,,,0.00,,,EZELL PKE,,,,0.00,Y,Four-Way,N,Intersection,None,,,         ,Robert,Higgins,Clear,Angle,no,no,no,no,no,False
102935895,METROPOLITAN NASHVILLE POLICE DEPT,20210178828,Davidson,Nashville,3/29/2021 8:00:00 PM,1,1,0,36.165360,-86.762020,SUMMER PL,,,,64.00,Feet,East,I24 W EXT RAMP,,,,0.00,N,Not at Intersection,N,Non-Junction,None,,,         ,Kevin,Clausius,Clear,Not Collision with Motor Vehicle in Transport,yes,no,no,no,yes,False
102935898,METROPOLITAN NASHVILLE POLICE DEPT,20210178704,Davidson,Nashville,3/29/2021 6:03:00 PM,2,2,0,36.072130,-86.732890,WHISPERING HILLS DR,,,,0.00,,,EDMONDSON PKE,,,,0.00,Y,Four-Way,N,Intersection,None,,,         ,Steven,Powers,Clear,HeadOn,no,no,no,no,no,False
102935899,METROPOLITAN NASHVILLE POLICE DEPT,20210178720,Davidson,Not in City Limit,3/29/2021 12:00:00 AM,2,0,0,36.263910,-86.690300,STATE RT 45,,,,0.00,Feet,,MYATT DR,,,,0.00,Y,OTHER,N,Intersection,None,,,         ,Thomas,Denenea,Clear,"Sideswipe, Same Direction",no,no,no,no,no,False
102935908,METROPOLITAN NASHVILLE POLICE DEPT,20210178834,Davidson,Not in City Limit,3/29/2021 7:50:00 PM,2,0,0,36.264870,-86.737480,I 65,,,,0.00,,,,,,,92.30,N,Not at Intersection, ,Non-Junction,None,,,         ,Austin,Bowles,Clear,Not Collision with Motor Vehicle in Transport,no,no,no,no,yes,False
102935926,METROPOLITAN NASHVILLE POLICE DEPT,20210178653,Davidson,Not in City Limit,3/29/2021 5:48:00 PM,2,2,0,36.054470,-86.928800,HIGHWAY 100,,,,273.00,Feet,West,EXCHANGE CLUB GRNWY,,,,0.00,N,Not at Intersection,N,Non-Junction,None,,,         ,Adam,Reese,Clear,Front to Rear,no,no,no,no,no,False
102935939,METROPOLITAN NASHVILLE POLICE DEPT,20210178818,Davidson,Nashville,3/29/2021 7:38:00 PM,2,0,0,36.046430,-86.654700,HICKORY HOLLOW PKWY,,,,0.00,Feet,,HICKORY HOLLOW LN,,,,0.00,Y,Four-Way,N,Intersection,None,,,         ,Beri,Scott,Clear,Angle,no,no,no,no,no,False
102935953,METROPOLITAN NASHVILLE POLICE DEPT,20210178481,Davidson,Nashville,3/29/2021 3:00:00 PM,2,0,0,36.066210,-86.772990,HOGAN RD,,,,366.00,Feet,East,FRANKLIN PKE,,,,0.00,N,Not at Intersection, ,,None,,,         ,Brandon,Hughes,,,no,no,no,no,no,False
102935972,METROPOLITAN NASHVILLE POLICE DEPT,20210178595,Davidson,Nashville,3/29/2021 12:00:00 AM,2,0,0,36.133050,-86.892350,CHARLOTTE PKE,,,,157.00,Feet,North,OLD CHARLOTTE PKE,,,,0.00,N,Not at Intersection,N,Non-Junction,None,,,         ,Maria,Reynolds,Clear,Front to Rear,no,no,no,no,no,False
102935986,METROPOLITAN NASHVILLE POLICE DEPT,20210178875,Davidson,Nashville,3/29/2021 12:00:00 AM,2,0,0,36.106750,-86.703870,MCGAVOCK PKE,,,,166.00,Feet,North,TARA ANN CT,,,,0.00,N,Not at Intersection,N,Non-Junction,None,,,         ,Garrett,Short,Clear,Unknown,no,no,no,yes,yes,False
102935990,METROPOLITAN NASHVILLE POLICE DEPT,20210178854,Davidson,Not in City Limit,3/29/2021 7:42:00 PM,2,0,0,36.068130,-86.944360,GEORGE GAINES RD,,,,100.00,Feet,West,JAMES MILTON CT,,,,0.00,N,Not at Intersection,N,Non-Junction,None,,,         ,Jeremy,Huffine,Clear,Angle,no,no,no,no,yes,False
102935996,METROPOLITAN NASHVILLE POLICE DEPT,20210178946,Davidson,Nashville,3/29/2021 9:15:00 PM,2,0,0,36.045530,-86.778540,I 65,,,,0.00,,,,,,,75.10,N,Not at Intersection,N,Non-Junction,None,,,         ,Steven,Powers,Clear,"Sideswipe, Same Direction",no,no,no,no,yes,False
102935997,METROPOLITAN NASHVILLE POLICE DEPT,20210178918,Davidson,Nashville,3/29/2021 9:15:00 PM,2,1,0,36.169390,-86.579750,I 40,,,,0.00,,,,,,,222.00,N,Not at Intersection,N,Non-Junction,None,,,         ,Cheri,Cox,,"Sideswipe, Same Direction",no,no,no,no,yes,False
102935998,METROPOLITAN NASHVILLE POLICE DEPT,20210178685,Davidson,Nashville,3/29/2021 12:00:00 AM,2,0,0,36.121820,-86.704830,MURFREESBORO PKE,,,,0.00,,,KERMIT DR,,,,0.00,Y,Four-Way,Y,Intersection,None,,,         ,Adam,Gartner,,Angle,no,no,no,no,no,False
102935999,METROPOLITAN NASHVILLE POLICE DEPT,20210178817,Davidson,Nashville,3/29/2021 10:20:00 PM,2,0,0,36.059070,-86.716220,TUSCULUM RD,,,,0.00,Feet,,NOLENSVILLE PKE,,,,0.00,Y,Four-Way, ,Intersection,None,,,         ,Gary,Anderson,Clear,Angle,no,no,no,no,no,False
102936000,METROPOLITAN NASHVILLE POLICE DEPT,20210178548,Davidson,Nashville,3/29/2021 4:22:00 PM,2,1,0,36.039830,-86.768400,CLOVERLAND DR,,,,160.00,Feet,South,OLD HICKORY BLVD,,,,0.00,N,Not at Intersection,N,"Driveway, Alley Access, etc",None,,,         ,William,King,Clear,Angle,no,no,no,no,no,False
102936006,METROPOLITAN NASHVILLE POLICE DEPT,20210178897,Davidson,Goodlettsville,3/29/2021 12:00:00 AM,2,0,0,36.301370,-86.693860,GALLATIN PKEN,,,,160.00,Feet,West,THE GALLERY AT RIVERGATE PVTDR,,,,0.00,N,Not at Intersection,N,Non-Junction,None,,,         ,Thomas,Denenea,Clear,Angle,no,no,no,no,yes,False
102936016,METROPOLITAN NASHVILLE POLICE DEPT,20210178870,Davidson,Nashville,3/29/2021 7:36:00 PM,2,0,0,36.069050,-86.681940,RICHARDS RD,,,,218.00,Feet,West,CUMMINGS PARK DR,,,,0.00,N,Not at Intersection,N,Non-Junction,None,,,         ,Robert,Higgins,Clear,Front to Rear,no,no,no,no,yes,False
102936017,METROPOLITAN NASHVILLE POLICE DEPT,20210178895,Davidson,Nashville,3/29/2021 9:05:00 PM,1,0,0,36.047840,-86.647100,BELL FORGE LNE,,,,385.00,Feet,North,MT VIEW RD,,,,0.00,N,Not at Intersection, ,,None,,,         ,Robert,Higgins,,,no,no,no,yes,no,False
102936021,METROPOLITAN NASHVILLE POLICE DEPT,20210178703,Davidson,Nashville,3/29/2021 6:10:00 PM,2,0,0,36.162890,-86.761390,I 24,,,,0.00,,,,,,,49.30,N,Not at Intersection, ,Non-Junction,None,,,         ,Esther,Poysti,Clear,Angle,no,no,no,no,no,False
102936031,METROPOLITAN NASHVILLE POLICE DEPT,20210178965,Davidson,Nashville,3/29/2021 10:00:00 PM,2,1,0,36.148310,-86.779880,I 40,,,,0.00,,,,,,,209.85,N,Not at Intersection,N,Non-Junction,None,,,         ,Dakota,Davis,Clear,Angle,no,no,no,no,yes,False
102936070,METROPOLITAN NASHVILLE POLICE DEPT,20210179249,Davidson,Nashville,3/30/2021 2:10:00 AM,2,0,0,36.187290,-86.794880,I 65,,,,0.00,,,,,,,85.40,N,Not at Intersection,N,Non-Junction,None,,,         ,Jonathon,Sheppard,Clear,"Sideswipe, Same Direction",no,no,no,no,yes,False
102936095,GOODLETTSVILLE POLICE DEPT,21-08519,Davidson,Goodlettsville,3/29/2021 12:00:00 AM,1,0,0,36.323390,-86.701080,CONFERENCE DR,,,,51.00,Feet,South,NORTHGATE CIR,,,,0.00,N,Not at Intersection,N,Non-Junction,None,,,         ,Shane,Farrell,Clear,Not Collision with Motor Vehicle in Transport,no,no,no,no,no,False
102936102,METROPOLITAN NASHVILLE POLICE DEPT,20210179325,Davidson,Madison,3/30/2021 3:54:00 AM,2,1,0,36.263460,-86.684270,STATE RT 45,,,,0.00,,,LARKIN SPRINGS RD,,,,0.00,Y,T-Intersection,N,Intersection,None,,,         ,Michael,Reid,Clear,Angle,no,no,no,no,yes,False
102936153,METROPOLITAN NASHVILLE POLICE DEPT,20210172202,Davidson,Nashville,3/26/2021 8:28:00 AM,1,0,1,36.167050,-86.655760,STEWARTS FERRY PKE,,,,325.00,Feet,South,DONELSONWOOD DR,,,,0.00,N,Not at Intersection,N,Non-Junction,None,,,         ,Donald,Davidson,Clear,Not Collision with Motor Vehicle in Transport,no,no,no,no,no,False
102936205,METROPOLITAN NASHVILLE POLICE DEPT,20210179532,Davidson,Nashville,3/30/2021 7:07:00 AM,2,0,0,36.085130,-86.699390,I 24,,,,0.00,,,,,,,55.80,N,Not at Intersection,N,Non-Junction,None,,,         ,Joe,Hooper,Clear,"Sideswipe, Same Direction",no,no,no,no,yes,False
102936211,METROPOLITAN NASHVILLE POLICE DEPT,20210179536,Davidson,Nashville,3/30/2021 6:50:00 AM,2,0,0,36.195850,-86.776120,I 65,,,,0.00,,,,,,,86.60,N,Not at Intersection,N,Non-Junction,None,,,         ,Jean,McCormack,Clear,Front to Rear,no,no,no,no,yes,False
102936236,METROPOLITAN NASHVILLE POLICE DEPT,20210179632,Davidson,Nashville,3/30/2021 7:57:00 AM,2,1,0,36.143210,-86.705140,I 40,,,,0.00,,,,,,,214.50,N,Not at Intersection,N,Non-Junction,None,,,         ,Michael,Dance,,Front to Rear,no,no,no,no,no,False
102936237,METROPOLITAN NASHVILLE POLICE DEPT,20210179659,Davidson,Nashville,3/30/2021 7:59:00 AM,2,0,0,36.044810,-86.662200,BELL RD,,,,200.00,Feet,West,CANE RIDGE RD,,,,0.00,N,Not at Intersection, ,Non-Junction,None,,,         ,Joe,Hooper,Clear,Angle,no,no,no,no,no,False
102936250,METROPOLITAN NASHVILLE POLICE DEPT,20210179656,Davidson,Nashville,3/30/2021 8:05:00 AM,2,0,0,36.135800,-86.725040,MURFREESBORO PKE,,,,0.00,,,SPENCE LN,,,,0.00,Y,OTHER, ,,None,,,         ,Michael,Brooks,,,no,no,no,no,no,False
102936256,METROPOLITAN NASHVILLE POLICE DEPT,20210179677,Davidson,Nashville,3/30/2021 8:12:00 AM,2,0,0,36.150690,-86.767950,2ND AVS,,,,0.00,,,LAFAYETTE ST,,,,0.00,Y,OTHER, ,Intersection,None,,,         ,Michael,Dance,,Front to Rear,no,no,no,no,no,False
102936259,METROPOLITAN NASHVILLE POLICE DEPT,20210179587,Davidson,Nashville,3/30/2021 7:20:00 AM,1,0,0,36.126170,-86.728110,I440 W ENT RAMP,,,,0.00,Feet,East,I 440,,,,0.00,N,Not at Intersection,N,Non-Junction,None,,,         ,Neil,Wolfe,Clear,Not Collision with Motor Vehicle in Transport,no,no,no,no,no,False