master_record_number,agency,agency_tracking_number,county,city,collision_date,vehicles_involved,number_injured,number_dead,latitude,longitude,roadway_name,roadway_suffix,roadway_number,roadway_local_id,distance_from_reference,miles-feet_indicator,direction_from_reference,intersection_road_name,intersection_road_name_suffix,intersection_road_number,intersection_local_id,mile_marker,intersection_indicator,intersect_type,interchange_related_indicator,relation_to_junction,work_zone_type,construction_maintenance_zone,construction_maintenance_zone_location,fatal_case_number,officer_first_name,officer_last_name,weather_condition(s),manner_of_crash,pedestrian,bicycle,scooter,parking,hitrun,mou
102936271,METROPOLITAN NASHVILLE POLICE DEPT,20210179737,Davidson,Nashville,3/30/2021 8:47:00 AM,2,0,0,36.081110,-86.755390,HARDING PL,,,,0.00,,,TIMBERHILL DR,,,,0.00,Y,Four-Way,N,Intersection,None,,,         ,Earl,Davis,,Angle,no,no,no,no,no,False
102936281,METROPOLITAN NASHVILLE POLICE DEPT,20210179765,Davidson,Nashville,3/30/2021 8:52:00 AM,2,0,0,36.152190,-86.690330,BRILEY PKWY N EXT RAMP,,,,0.00,,,ELM HILL PKE,,,,0.00,Y,OTHER,N,Intersection,None,,,         ,Michael,Brooks,,Front to Rear,no,no,no,no,yes,False
102936282,METROPOLITAN NASHVILLE POLICE DEPT,20210178735,Davidson,Nashville,3/29/2021 6:40:00 PM,2,1,0,36.256030,-86.712800,NEELYS BEND RD,,,,0.00,Feet,East,ARGLE AV,,,,0.00,N,Not at Intersection,N,Non-Junction,None,,,         ,Edmond,Strickling,,Angle,no,no,no,no,no,False
102936312,METROPOLITAN NASHVILLE POLICE DEPT,20210179696,Davidson,Nashville,3/30/2021 7:50:00 AM,2,0,0,36.192690,-86.800950,ROSA L PARKS BLVD,,,,283.00,Feet,East,ATHENS WAY,,,,0.00,N,Not at Intersection, ,Non-Junction,None,,,         ,Jean,McCormack,Clear,Front to Rear,no,no,no,no,no,False
102936320,METROPOLITAN NASHVILLE POLICE DEPT,20210179809,Davidson,Nashville,3/30/2021 9:26:00 AM,2,0,0,36.045480,-86.647290,MT VIEW RD,,,,0.00,,,CROSSINGS BLVD,,,,0.00,Y,Four-Way, ,Intersection,None,,,         ,Nicholas,Carter,Clear,"Sideswipe, Same Direction",no,no,no,no,no,False
102936346,METROPOLITAN NASHVILLE POLICE DEPT,20210180025,Davidson,Nashville,3/30/2021 11:18:00 AM,2,0,0,36.075050,-86.918620,BELLEVUE VALLEY PLAZA PVTDR,,,,63.00,Feet,South,HIGHWAY 70S,,,,0.00,N,Not at Intersection, ,OtherLocation,None,,,         ,Curtis,Rich,Clear,"Sideswipe, Opposite Direction",no,no,no,yes,yes,False
102936370,WILLIAMSON CO SHERIFFS OFFICE,217929,Davidson,Nashville,3/30/2021 7:34:00 AM,2,0,0,36.024500,-86.881560,HILLSBORO RD,,,,937.00,Feet,West,SUNNYSIDE DR,,,,0.00,N,Not at Intersection,N,Non-Junction,None,,,         ,Wesley,Crigger,Clear,Front to Rear,no,no,no,no,no,False
102936371,METROPOLITAN NASHVILLE POLICE DEPT,20210179982,Davidson,Nashville,3/30/2021 10:56:00 AM,2,1,0,36.158020,-86.772550,KOREAN VETERANS BLVD,,,,0.00,,,2ND AVS,,,,0.00,Y,Four-Way,N,Intersection-Related,None,,,         ,Joshua,Reece,Clear,Front to Rear,no,no,no,no,no,False
102936383,METROPOLITAN NASHVILLE POLICE DEPT,20210179789,Davidson,Nashville,3/30/2021 9:15:00 AM,2,0,0,36.222030,-86.774820,I65 S ENT RAMP,,,,0.00,Feet,East,I 65,,,,0.00,N,Not at Intersection,Y,Entrance/Exit Ramp Related,None,,,         ,Jeanine,Sarno,Clear,Front to Rear,no,no,no,no,no,False
102936418,METROPOLITAN NASHVILLE POLICE DEPT,20210180103,Davidson,Nashville,3/30/2021 12:02:00 PM,2,0,0,36.128590,-86.777890,8TH AVS,,,,0.00,,,BRADFORD AV,,,,0.00,Y,Four-Way, ,Intersection,None,,,         ,Earl,Davis,,Angle,no,no,no,no,no,False
102936431,METROPOLITAN NASHVILLE POLICE DEPT,20210180057,Davidson,Nashville,3/30/2021 10:10:00 AM,2,0,0,36.203020,-86.776850,I 65,,,,0.00,,,,,,,87.10,N,Not at Intersection,N,Non-Junction,None,,,         ,William,Coy,Clear,"Sideswipe, Same Direction",no,no,no,no,yes,False
102936436,METROPOLITAN NASHVILLE POLICE DEPT,20210180173,Davidson,Nashville,3/30/2021 12:30:00 PM,2,0,0,36.129550,-86.792430,15TH AVS,,,,53.00,Feet,South,DELMAR AV,,,,0.00,N,Not at Intersection,N,Non-Junction,None,,,         ,William,Caillouette,,Unknown,no,no,no,no,yes,False
102936442,METROPOLITAN NASHVILLE POLICE DEPT,20210180131,Davidson,Nashville,3/30/2021 12:05:00 PM,2,0,0,36.232890,-86.624890,OLD HICKORY BLVD,,,,225.00,Feet,North,SHUTE LN,,,,0.00,N,Not at Intersection,N,Non-Junction,None,,,         ,Michael,Dance,,Angle,no,no,no,no,no,False
102936467,METROPOLITAN NASHVILLE POLICE DEPT,2021-0178354,Davidson,Nashville,3/29/2021 2:32:00 PM,2,1,0,36.094030,-86.742790,KEYSTONE AV,,,,41.00,Feet,South,ATLAS DR,,,,0.00,N,Not at Intersection,N,Non-Junction,None,,,         ,Sean,Williams,,Front to Rear,no,no,no,no,no,False
102936488,METROPOLITAN NASHVILLE POLICE DEPT,20210179946,Davidson,Nashville,3/30/2021 10:46:00 AM,1,1,0,36.069590,-86.693910,HAYWOOD LN,,,,0.00,,,EZELL RD,,,,0.00,Y,Four-Way,Y,Intersection,None,,,         ,Zachary,Akers,Clear,Not Collision with Motor Vehicle in Transport,yes,no,no,no,no,False
102936490,METROPOLITAN NASHVILLE POLICE DEPT,20210180119,Davidson,Not in City Limit,3/30/2021 12:19:00 PM,1,1,0,36.184970,-86.953880,RIVER ROAD PKE,,,,869.00,Feet,South,RIVER ROAD PKE PVTDR,,,,0.00,N,Not at Intersection,N,Non-Junction,None,,,         ,Curtis,Rich,Clear,Not Collision with Motor Vehicle in Transport,no,no,no,no,no,False
102936538,METROPOLITAN NASHVILLE POLICE DEPT,20210180094,Davidson,Nashville,3/30/2021 11:53:00 AM,2,0,0,36.037710,-86.784820,OLD HICKORY BLVD,,,,0.00,,,I65 S EXT RAMP,,,,0.00,Y,OTHER, ,,None,,,         ,Earl,Davis,,,no,no,no,no,no,False
102936579,METROPOLITAN NASHVILLE POLICE DEPT,20210180244,Davidson,Nashville,3/30/2021 12:38:00 PM,2,0,0,36.149150,-86.773920,I 40,,,,0.00,,,,,,,210.20,N,Not at Intersection, ,Entrance/Exit Ramp Related,None,,,         ,Earl,Davis,,"Sideswipe, Same Direction",no,no,no,no,no,False
102936594,METROPOLITAN NASHVILLE POLICE DEPT,20210180260,Davidson,Nashville,3/30/2021 1:07:00 PM,2,0,0,36.064680,-86.684760,I 24,,,,0.00,,,,,,,57.40,N,Not at Intersection, ,Non-Junction,None,,,         ,Gregory,Dixon,Clear,"Sideswipe, Same Direction",no,no,no,no,yes,False
102936600,METROPOLITAN NASHVILLE POLICE DEPT,20210179899,Davidson,Nashville,3/30/2021 9:47:00 AM,1,1,0,36.107980,-86.711300,DRUMMOND DR,,,,616.00,Feet,North,WILDVIEW DR,,,,0.00,N,Not at Intersection,N,Non-Junction,None,,,         ,Marcus,Darden,Clear,Not Collision with Motor Vehicle in Transport,no,no,no,no,no,False
102936625,METROPOLITAN NASHVILLE POLICE DEPT,20210180226,Davidson,Nashville,3/30/2021 1:00:00 PM,2,0,0,36.148580,-86.807150,ELLISTON PL,,,,42.00,Feet,West,24TH AVN,,,,0.00,N,Not at Intersection, ,Non-Junction,None,,,         ,Rachael,Robinson,Clear,"Sideswipe, Same Direction",no,no,no,no,no,Campus
102936640,METROPOLITAN NASHVILLE POLICE DEPT,20210180149,Davidson,Not in City Limit,3/30/2021 12:25:00 PM,2,1,0,36.020670,-86.705000,SUNNYWOOD DR,,,,0.00,,,CONCORD MILL PL,,,,0.00,Y,T-Intersection,N,Non-Junction,None,,,         ,Caleb,Jernigan,Clear,HeadOn,no,no,no,no,no,False
102936643,METROPOLITAN NASHVILLE POLICE DEPT,20210180258,Davidson,Nashville,3/30/2021 12:42:00 PM,2,0,0,36.198120,-86.776920,BRICK CHURCH PKE,,,,0.00,,,WEAKLEY AV,,,,0.00,Y,T-Intersection,N,Non-Junction,None,,,         ,James,Wray,Clear,Angle,no,no,no,no,no,False
102936647,BERRY HILL POLICE DEPT,21-0923,Davidson,Berry Hill,3/30/2021 1:41:00 PM,2,0,0,36.123480,-86.765650,BRANSFORD AV,,,,0.00,,,FESSEY PARK RD,,,,0.00,Y,T-Intersection, ,Intersection,None,,,         ,Ronnie,Hill,Clear,"Sideswipe, Opposite Direction",no,no,no,no,no,False
102936671,METROPOLITAN NASHVILLE POLICE DEPT,20210180321,Davidson,Nashville,3/30/2021 2:11:00 PM,2,0,0,36.169840,-86.675960,LEBANON PKE,,,,0.00,Feet,South,PARK DR,,,,0.00,N,Not at Intersection, ,Non-Junction,None,,,         ,Eric,Cunningham,Clear,HeadOn,no,no,no,no,no,False
102936719,METROPOLITAN NASHVILLE POLICE DEPT,20210180451,Davidson,Nashville,3/30/2021 2:24:00 PM,2,0,0,36.069970,-86.685630,HAYWOOD LN,,,,0.00,Feet,,BAKERTOWN RD,,,,0.00,Y,T-Intersection,N,Intersection,None,,,         ,Thomas,Parsons,Clear,Angle,no,no,no,no,yes,False
102936731,METROPOLITAN NASHVILLE POLICE DEPT,20210180369,Davidson,Nashville,3/30/2021 2:10:00 PM,2,1,0,36.110530,-86.773320,FRANKLIN PKE,,,,21.00,Feet,South,WOODMONT BLVD WB ENT RAMP,,,,0.00,N,Not at Intersection,N,Non-Junction,None,,,         ,Dakota,Davis,Clear,Front to Rear,no,no,no,no,yes,False
102936738,METROPOLITAN NASHVILLE POLICE DEPT,20210180415,Davidson,Nashville,3/30/2021 2:51:00 PM,2,0,0,36.102580,-86.713840,I 24,,,,0.00,,,,,,,54.40,N,Not at Intersection, ,Non-Junction,None,,,         ,Andrew,Brazee,Clear,Front to Rear,no,no,no,no,no,False
102936742,METROPOLITAN NASHVILLE POLICE DEPT,20210180370,Davidson,Nashville,3/30/2021 2:48:00 PM,2,0,0,36.142060,-86.884500,I 40,,,,0.00,,,,,,,202.25,N,Not at Intersection, ,Non-Junction,None,,,         ,Gregory,Rdzok,Clear,"Sideswipe, Same Direction",no,no,no,no,no,False
102936744,METROPOLITAN NASHVILLE POLICE DEPT,20210180430,Davidson,Not in City Limit,3/30/2021 3:18:00 PM,2,0,0,36.279350,-86.708830,GALLATIN PKEN,,,,0.00,,,ONE MILE PKWY,,,,0.00,Y,Four-Way,N,Intersection,None,,,         ,Christopher,Littles,Clear,Front to Rear,no,no,no,no,yes,False
102936755,METROPOLITAN NASHVILLE POLICE DEPT,20210180532,Davidson,Nashville,3/30/2021 3:45:00 PM,2,0,0,36.206080,-86.771100,W TRINITY LN,,,,0.00,,,LUCAS LN,,,,0.00,Y,T-Intersection,N,Intersection,None,,,         ,Kevin,Clausius,Clear,Front to Rear,no,no,no,no,yes,False
102936757,METROPOLITAN NASHVILLE POLICE DEPT,20210180410,Davidson,Nashville,3/30/2021 2:10:00 PM,2,2,0,36.086540,-86.648440,MURFREESBORO PKE,,,,153.00,Feet,South,NASHBORO BLVD,,,,0.00,N,Not at Intersection,N,Non-Junction,None,,,         ,Beri,Scott,Clear,Front to Rear,no,no,no,no,no,False
102936759,METROPOLITAN NASHVILLE POLICE DEPT,20210180510,Davidson,Nashville,3/30/2021 4:08:00 PM,2,0,0,36.159080,-86.792520,I40 E EXT RAMP,,,,0.00,,,I 40,,,,0.00,Y,Y-Intersection, ,,None,,,         ,William,Hamblen,,,no,no,no,no,no,False
102936760,METROPOLITAN NASHVILLE POLICE DEPT,20210180475,Davidson,Nashville,3/30/2021 3:48:00 PM,3,1,0,36.183820,-86.748370,EASTLAND AV,,,,0.00,Feet,,GALLATIN AV,,,,0.00,Y,Four-Way,Y,Intersection,None,,,         ,Jason,Milyaro Lucas,Clear,Front to Rear,no,no,no,no,no,False
102936766,METROPOLITAN NASHVILLE POLICE DEPT,20210180416,Davidson,Nashville,3/30/2021 2:30:00 PM,2,0,0,36.156570,-86.795740,CHURCH STREET ALY,,,,188.00,Feet,East,17TH AVN,,,,0.00,N,Not at Intersection, ,Non-Junction,None,,,         ,John,Kelley,Clear,Other,no,no,no,yes,yes,False
102936768,METROPOLITAN NASHVILLE POLICE DEPT,20210180355,Davidson,Nashville,3/30/2021 2:45:00 PM,2,0,0,36.228030,-86.759540,DICKERSON PKE,,,,495.00,Feet,South,BROADMOOR DR,,,,0.00,N,Not at Intersection, ,,None,,,         ,Wade,Johnson,,,no,no,no,no,no,False
102936774,METROPOLITAN NASHVILLE POLICE DEPT,20210180435,Davidson,Nashville,3/30/2021 2:30:00 PM,2,1,0,36.089440,-86.633830,VILLAGE GREEN DR,,,,0.00,,,NASHBORO BLVD,,,,0.00,Y,Four-Way,Y,Intersection,None,,,         ,Theodore,Flick,Clear,Front to Rear,no,no,no,yes,no,False
102936782,GOODLETTSVILLE POLICE DEPT,21-08541,Davidson,Goodlettsville,3/30/2021 8:47:00 AM,2,0,0,36.307540,-86.694530,VIETNAM VETERANS BLVDS,,,,57.00,Feet,East,CONFERENCE DR,,,,0.00,N,Not at Intersection,N,Non-Junction,None,,,         ,Benny,Alexander,Clear,Front to Rear,no,no,no,no,no,False
102936784,METROPOLITAN NASHVILLE POLICE DEPT,20210180538,Davidson,Nashville,3/30/2021 4:20:00 PM,2,0,0,36.154080,-86.784420,LAUREL ST,,,,0.00,,,11TH AVS,,,,0.00,Y,OTHER, ,,None,,,         ,Michael,Douglas,,,no,no,no,yes,no,False
102936791,METROPOLITAN NASHVILLE POLICE DEPT,20210180544,Davidson,Lakewood,3/30/2021 12:00:00 AM,2,0,0,36.239290,-86.628330,LAKESHORE DR,,,,530.00,Feet,East,OLD HICKORY BLVD,,,,0.00,N,Not at Intersection,N,Non-Junction,None,,,         ,Cheri,Cox,Clear,Unknown,no,no,no,no,yes,False
102936792,METROPOLITAN NASHVILLE POLICE DEPT,20210180572,Davidson,Nashville,3/29/2021 12:00:00 PM,2,0,0,36.045610,-86.710760,OLD HICKORY BLVD,,,,744.00,Feet,East,NOLENSVILLE PKE,,,,0.00,N,Not at Intersection,N,Non-Junction,None,,,         ,Nathaniel,Myers,Clear,Front to Rear,no,no,no,no,yes,False
102936798,METROPOLITAN NASHVILLE POLICE DEPT,20210180559,Davidson,Nashville,3/30/2021 4:23:00 PM,2,0,0,36.132520,-86.719440,MURFREESBORO PKE,,,,43.00,Feet,East,WILHAGAN RD,,,,0.00,N,Not at Intersection, ,Non-Junction,None,,,         ,Beri,Scott,Cloudy,Front to Rear,no,no,no,no,no,False
102936805,METROPOLITAN NASHVILLE POLICE DEPT,20210178956,Davidson,Nashville,3/29/2021 9:52:00 PM,1,2,0,36.064790,-86.628480,HAMILTON CHURCH RD,,,,0.00,,,MURFREESBORO PKE,,,,0.00,Y,Four-Way,N,Intersection,None,,,         ,Robert,Higgins,Clear,Not Collision with Motor Vehicle in Transport,no,no,no,no,no,False
102936806,METROPOLITAN NASHVILLE POLICE DEPT,20210180500,Davidson,Nashville,3/30/2021 2:20:00 PM,2,0,0,36.127220,-86.753320,NOLENSVILLE PKE,,,,134.00,Feet,North,VIVELLE AV,,,,0.00,N,Not at Intersection, ,Non-Junction,None,,,         ,Robert,Higgins,Clear,Angle,no,no,no,no,no,False
102936809,METROPOLITAN NASHVILLE POLICE DEPT,20210180646,Davidson,Nashville,3/30/2021 5:31:00 PM,1,1,0,36.185460,-86.863120,BRILEY PKWYN,,,,96.00,Feet,North,BRILEY PKWYS,,,,0.00,N,Not at Intersection,N,Non-Junction,None,,,         ,Daniel,Kallman,Clear,Not Collision with Motor Vehicle in Transport,no,no,no,no,no,False
102936810,METROPOLITAN NASHVILLE POLICE DEPT,20210180537,Davidson,Nashville,3/30/2021 4:19:00 PM,2,0,0,36.150350,-86.785250,I 40,,,,0.00,,,,,,,209.50,N,Not at Intersection, ,Non-Junction,None,,,         ,Matthew,Hogan,Clear,Front to Rear,no,no,no,no,no,False
102936811,METROPOLITAN NASHVILLE POLICE DEPT,20210180490,Davidson,Nashville,3/30/2021 2:41:00 PM,2,0,0,36.138650,-86.882100,6620 CHARLOTTE PIKE,,,,20.00,Feet,North,CHARLOTTE PIKE,,,,0.00,N,Not at Intersection,N,Non-Junction,None,,,         ,Jeremy,Huffine,Cloudy,Angle,no,no,no,yes,yes,False
102936817,METROPOLITAN NASHVILLE POLICE DEPT,20210180670,Davidson,Not in City Limit,3/30/2021 5:49:00 PM,2,0,0,36.264030,-86.691870,STATE RT 45,,,,109.00,Feet,West,MCARTHUR DR,,,,0.00,N,Not at Intersection,N,Non-Junction,None,,,         ,Christopher,Littles,Cloudy,"Sideswipe, Same Direction",no,no,no,no,no,False
102936820,METROPOLITAN NASHVILLE POLICE DEPT,20210180540,Davidson,Nashville,3/30/2021 3:45:00 PM,2,0,0,36.125710,-86.814250,I 440,,,,0.00,,,,,,,2.35,N,Not at Intersection, ,Non-Junction,None,,,         ,Matthew,Mrowiec,Clear,"Sideswipe, Same Direction",no,no,no,no,no,False
102936826,METROPOLITAN NASHVILLE POLICE DEPT,20210180597,Davidson,Nashville,3/30/2021 4:57:00 PM,4,2,0,36.185540,-86.775210,I 24,,,,0.00,,,,,,,47.20,N,Not at Intersection,N,Non-Junction,None,,,         ,Steffani,Dahlstrom,Clear,Front to Rear,no,no,no,no,no,False
102936828,METROPOLITAN NASHVILLE POLICE DEPT,20210180651,Davidson,Nashville,3/30/2021 5:33:00 PM,3,0,0,36.155480,-86.765800,HERMITAGE AV,,,,0.00,Feet,,ACADEMY PL,,,,0.00,Y,Four-Way,Y,Intersection-Related,None,,,         ,Joel,Cottrill,Cloudy,Angle,no,no,no,no,no,False
102936830,METROPOLITAN NASHVILLE POLICE DEPT,20210180684,Davidson,Not in City Limit,3/29/2021 4:00:00 PM,2,0,0,36.324440,-86.859370,UNION HILL RD,,,,42.00,Feet,North,PIPER CT,,,,0.00,N,Not at Intersection, ,Non-Junction,None,,,         ,Melvin,Taylor,Clear,Front to Rear,no,no,no,no,no,False
102936836,METROPOLITAN NASHVILLE POLICE DEPT,20210180709,Davidson,Nashville,3/30/2021 5:11:00 PM,2,0,0,36.114950,-86.739020,WHITSETT RD,,,,0.00,,,STERLING BOONE DR,,,,0.00,Y,T-Intersection,N,Intersection,None,,,         ,Beri,Scott,Cloudy,Angle,no,no,no,no,yes,False
102936865,METROPOLITAN NASHVILLE POLICE DEPT,20210180675,Davidson,Nashville,3/30/2021 5:07:00 PM,2,0,0,36.147160,-86.743540,I 40,,,,0.00,,,,,,,212.00,N,Not at Intersection,N,Non-Junction,None,,,         ,Joseph,Simon,Clear,Front to Rear,no,no,no,no,no,False
102936873,METROPOLITAN NASHVILLE POLICE DEPT,20210180758,Davidson,Nashville,3/30/2021 6:26:00 PM,2,0,0,36.109300,-86.813210,CRESTMOOR RD,,,,391.00,Feet,West,HILLSBORO PKE,,,,0.00,N,Not at Intersection, ,Non-Junction,None,,,         ,Edin,Plancic,Clear,Front to Rear,no,no,no,no,no,False
102936874,METROPOLITAN NASHVILLE POLICE DEPT,20210180745,Davidson,Nashville,3/30/2021 6:26:00 PM,2,0,0,36.088900,-86.702420,I 24,,,,0.00,,,,,,,55.50,N,Not at Intersection,N,Non-Junction,None,,,         ,Beri,Scott,Cloudy,Front to Rear,no,no,no,no,yes,False
102936876,METROPOLITAN NASHVILLE POLICE DEPT,20210180703,Davidson,Nashville,3/30/2021 6:02:00 PM,1,1,0,36.143760,-86.747250,MURFREESBORO PKE,,,,113.00,Feet,East,PARRIS AV,,,,0.00,N,Not at Intersection,N,Non-Junction,None,,,         ,Douglas,Mann,Clear,Not Collision with Motor Vehicle in Transport,no,no,no,no,no,False
102936897,METROPOLITAN NASHVILLE POLICE DEPT,20210180726,Davidson,Nashville,3/30/2021 5:25:00 PM,1,0,0,36.137020,-86.785580,WADE AV,,,,0.00,,,,,,,0.00,,, ,Non-Junction,None,,,         ,Dakota,Davis,Cloudy,Not Collision with Motor Vehicle in Transport,no,no,no,yes,yes,False
102936911,METROPOLITAN NASHVILLE POLICE DEPT,20210180629,Davidson,Goodlettsville,3/30/2021 5:21:00 PM,2,0,0,36.292350,-86.733820,DICKERSON PKES,,,,29.00,Feet,West,W CAMPBELL RD,,,,0.00,N,Not at Intersection,N,Non-Junction,None,,,         ,Wesley,Carver,Cloudy,Angle,no,no,no,no,yes,False
102936927,METROPOLITAN NASHVILLE POLICE DEPT,20210180788,Davidson,Nashville,3/30/2021 6:12:00 PM,2,0,0,36.087770,-86.731160,NOLENSVILLE PKE,,,,427.00,Feet,North,ELYSIAN FIELDS CT,,,,0.00,N,Not at Intersection, ,Non-Junction,None,,,         ,Shedie,Herbert III,Clear,Angle,no,no,no,no,no,False
102936940,METROPOLITAN NASHVILLE POLICE DEPT,20210180708,Davidson,Nashville,3/30/2021 5:54:00 PM,2,0,0,36.154030,-86.787570,I40 W EXT RAMP,,,,0.00,,,I 40,,,,0.00,Y,Four-Way,N,Intersection-Related,None,,,         ,Michael,Moss,Rain,Angle,no,no,no,no,no,False
102936945,METROPOLITAN NASHVILLE POLICE DEPT,20210180765,Davidson,Nashville,3/30/2021 6:50:00 PM,2,0,0,36.151340,-86.768360,2ND AVS,,,,0.00,,,I40 E ENT RAMP,,,,0.00,Y,Four-Way, ,,None,,,         ,William,Hamblen,,,no,no,no,no,no,False
102936953,METROPOLITAN NASHVILLE POLICE DEPT,20210180895,Davidson,Not in City Limit,3/30/2021 12:00:00 AM,2,0,0,36.277290,-86.794380,OLD HICKORY BLVD,,,,546.00,Feet,East,HICKORY HILLS BLVD,,,,0.00,N,Not at Intersection,N,Non-Junction,None,,,         ,Christopher,Littles,Cloudy,Angle,no,no,no,yes,yes,False
102936968,METROPOLITAN NASHVILLE POLICE DEPT,20210180517,Davidson,Nashville,3/30/2021 3:24:00 PM,2,0,0,36.125310,-86.805610,HILLSBORO PKE,,,,0.00,Feet,,WOODLAWN DR,,,,0.00,Y,Four-Way,N,Intersection,None,,,         ,Dylan,Motes,Clear,Angle,no,no,no,no,yes,False
102936970,METROPOLITAN NASHVILLE POLICE DEPT,20210180756,Davidson,Nashville,3/30/2021 6:48:00 PM,2,0,0,36.112260,-86.767030,POWELL AV,,,,25.00,Feet,South,THOMPSON LN,,,,0.00,N,Not at Intersection, ,Non-Junction,None,,,         ,Edmond,Strickling,Clear,"Sideswipe, Same Direction",no,no,no,no,no,False
102936986,METROPOLITAN NASHVILLE POLICE DEPT,20210180702,Davidson,Nashville,3/30/2021 4:32:00 PM,2,0,0,36.120430,-86.750610,GRANDVIEW AV,,,,0.00,,,MELROSE AV,,,,0.00,Y,T-Intersection, ,Intersection,Maintenance Zone,,,         ,Steven,Powers,Clear,Angle,no,no,no,no,no,False
102937009,METROPOLITAN NASHVILLE POLICE DEPT,20210176617,Davidson,Nashville,3/28/2021 12:50:00 PM,2,0,0,36.147340,-86.625880,TRAILS CIR,,,,0.00,,,BELL RD,,,,0.00,Y,OTHER, ,Non-Junction,None,,,         ,Frank,Walker,,Front to Rear,no,no,no,no,no,False
102937010,METROPOLITAN NASHVILLE POLICE DEPT,20210180769,Davidson,Nashville,3/30/2021 5:38:00 PM,2,0,0,36.088060,-86.771800,FRANKLIN PKE,,,,0.00,,,S CURTISWOOD LN,,,,0.00,Y,T-Intersection, ,Intersection-Related,None,,,         ,Dylan,Motes,Clear,Angle,no,no,no,no,no,False
102937014,METROPOLITAN NASHVILLE POLICE DEPT,20210180934,Davidson,Nashville,3/30/2021 9:10:00 PM,2,1,0,36.161260,-86.792540,CHARLOTTE AV,,,,46.00,Feet,East,GEORGE L DAVIS BLVD,,,,0.00,N,Not at Intersection,N,Non-Junction,None,,,         ,Brent,Morris,Rain,Angle,no,no,no,no,no,False
102937021,METROPOLITAN NASHVILLE POLICE DEPT,20210181031,Davidson,Antioch,3/30/2021 9:01:00 PM,2,0,0,36.037390,-86.586390,MAXWELL RD,,,,0.00,,,LAVERGNE COUCHVILLE PKE,,,,0.00,Y,Four-Way,N,Intersection-Related,None,,,         ,Holly,Davis,Clear,Angle,no,no,no,no,yes,False
102937022,GOODLETTSVILLE POLICE DEPT,21-08593,Davidson,Goodlettsville,3/30/2021 10:26:00 PM,1,0,0,36.307720,-86.698290,VIETNAM VETERANS BLVD SB ENT R,,,,0.00,Feet,East,VIETNAM VETERANS BLVD SB EXT R,,,,0.00,N,Not at Intersection, ,Entrance/Exit Ramp Related,None,,,         ,Jessica,Gistarb,Rain,Not Collision with Motor Vehicle in Transport,no,no,no,no,no,False
102937033,METROPOLITAN NASHVILLE POLICE DEPT,20210181057,Davidson,Nashville,3/30/2021 10:45:00 PM,2,0,0,36.134890,-86.704710,MASSMAN DR,,,,22.00,Feet,East,PATRICIA DR,,,,0.00,N,Not at Intersection, ,Non-Junction,None,,,         ,Mario,Diaz,,Front to Rear,no,no,no,no,yes,False
102937042,METROPOLITAN NASHVILLE POLICE DEPT,20210181096,Davidson,Nashville,3/30/2021 10:39:00 PM,2,0,0,36.087350,-86.692390,HARDING PL,,,,59.00,Feet,West,ANTIOCH PKE,,,,0.00,N,Not at Intersection,N,Non-Junction,None,,,         ,Jose,Oliveros,Clear,"Sideswipe, Same Direction",no,no,no,no,yes,False
102937064,METROPOLITAN NASHVILLE POLICE DEPT,20210181253,Davidson,Not in City Limit,3/31/2021 1:44:00 AM,1,0,0,36.263630,-86.737920,I 65,,,,0.00,,,,,,,92.20,N,Not at Intersection,N,Non-Junction,None,,,         ,Coleman,McKellar,Rain,Not Collision with Motor Vehicle in Transport,no,no,no,no,no,False
102937071,METROPOLITAN NASHVILLE POLICE DEPT,20210181235,Davidson,Nashville,3/31/2021 1:30:00 AM,1,0,0,36.246160,-86.717510,BERKLEY DR,,,,230.00,Feet,East,BARRY DR,,,,0.00,N,Not at Intersection,N,Non-Junction,None,,,         ,Michael,Reid,Rain,Not Collision with Motor Vehicle in Transport,no,no,no,no,yes,False
102937075,METROPOLITAN NASHVILLE POLICE DEPT,20210181279,Davidson,Nashville,3/31/2021 2:08:00 AM,1,0,0,36.089710,-86.703050,I 24,,,,0.00,,,,,,,55.40,N,Not at Intersection,N,Non-Junction,Work Zone,,,         ,Clayton,Smith,Rain,Not Collision with Motor Vehicle in Transport,no,no,no,no,no,False
102937124,METROPOLITAN NASHVILLE POLICE DEPT,20210181478,Davidson,Nashville,3/31/2021 5:17:00 AM,1,1,0,36.114170,-86.917740,SONYA DR,,,,782.00,Feet,North,STONECREST WAY,,,,0.00,N,Not at Intersection,N,Non-Junction,None,,,         ,Benjamin,Tasto,Cloudy,Not Collision with Motor Vehicle in Transport,no,no,no,no,no,False
102937133,METROPOLITAN NASHVILLE POLICE DEPT,20210181547,Davidson,Nashville,3/31/2021 12:00:00 AM,1,0,0,36.142160,-86.629480,ELM HILL PKE,,,,317.00,Feet,East,WEMBERTON DR,,,,0.00,N,Not at Intersection,N,Non-Junction,None,,,         ,Daniel,Fuentes,,Not Collision with Motor Vehicle in Transport,no,no,no,no,yes,False
102937142,METROPOLITAN NASHVILLE POLICE DEPT,20210181272,Davidson,Nashville,3/31/2021 12:00:00 AM,1,1,0,36.072120,-86.691650,I 24,,,,0.00,,,,,,,56.80,N,Not at Intersection,N,Non-Junction,None,,,         ,Ashley,Kappenmacher,Rain,Not Collision with Motor Vehicle in Transport,no,no,no,no,no,False